Date,Workout Name,Duration,Exercise Name,Set Order,Weight,Reps,Distance,Seconds,Notes,Workout Notes,RPE
2026-01-30 05:20:49,"Pull Day",1h 5m,"Rack Pull (Barbell)",1,95.0,12.0,0,0.0,"","",
2026-01-30 05:20:49,"Pull Day",1h 5m,"Rack Pull (Barbell)",Rest Timer,0,0.0,0,120.0,,,
2026-01-30 05:20:49,"Pull Day",1h 5m,"Rack Pull (Barbell)",2,135.0,8.0,0,0.0,,,
2026-01-30 05:20:49,"Pull Day",1h 5m,"Rack Pull (Barbell)",Rest Timer,0,0.0,0,120.0,,,
2026-01-30 05:20:49,"Pull Day",1h 5m,"Rack Pull (Barbell)",3,145.0,6.0,0,0.0,,,
2026-01-30 05:20:49,"Pull Day",1h 5m,"Rack Pull (Barbell)",Rest Timer,0,0.0,0,120.0,,,
2026-01-30 05:20:49,"Pull Day",1h 5m,"Rack Pull (Barbell)",4,145.0,5.0,0,0.0,,,
2026-01-30 05:20:49,"Pull Day",1h 5m,"Rack Pull (Barbell)",Rest Timer,0,0.0,0,120.0,,,
2026-01-30 05:20:49,"Pull Day",1h 5m,"Bicep Curl (Barbell)",1,65.0,8.0,0,0.0,"",,
2026-01-30 05:20:49,"Pull Day",1h 5m,"Bicep Curl (Barbell)",Rest Timer,0,0.0,0,120.0,,,
2026-01-30 05:20:49,"Pull Day",1h 5m,"Bicep Curl (Barbell)",2,85.0,6.0,0,0.0,,,
2026-01-30 05:20:49,"Pull Day",1h 5m,"Bicep Curl (Barbell)",Rest Timer,0,0.0,0,120.0,,,
2026-01-30 05:20:49,"Pull Day",1h 5m,"Bicep Curl (Barbell)",3,85.0,6.0,0,0.0,,,
2026-01-30 05:20:49,"Pull Day",1h 5m,"Bicep Curl (Barbell)",Rest Timer,0,0.0,0,120.0,,,
2026-01-30 05:20:49,"Pull Day",1h 5m,"Bicep Curl (Barbell)",4,85.0,6.0,0,0.0,,,
2026-01-30 05:20:49,"Pull Day",1h 5m,"Bicep Curl (Barbell)",Rest Timer,0,0.0,0,120.0,,,
2026-01-30 05:20:49,"Pull Day",1h 5m,"Lat Pulldown (Cable)",1,70.0,12.0,0,0.0,"",,
2026-01-30 05:20:49,"Pull Day",1h 5m,"Lat Pulldown (Cable)",Rest Timer,0,0.0,0,120.0,,,
2026-01-30 05:20:49,"Pull Day",1h 5m,"Lat Pulldown (Cable)",2,85.0,6.0,0,0.0,,,
2026-01-30 05:20:49,"Pull Day",1h 5m,"Lat Pulldown (Cable)",Rest Timer,0,0.0,0,120.0,,,
2026-01-30 05:20:49,"Pull Day",1h 5m,"Lat Pulldown (Cable)",3,85.0,5.0,0,0.0,,,
2026-01-30 05:20:49,"Pull Day",1h 5m,"Lat Pulldown (Cable)",Rest Timer,0,0.0,0,120.0,,,
2026-01-30 05:20:49,"Pull Day",1h 5m,"Lat Pulldown (Cable)",4,85.0,5.0,0,0.0,,,
2026-01-30 05:20:49,"Pull Day",1h 5m,"Lat Pulldown (Cable)",Rest Timer,0,0.0,0,120.0,,,
2026-02-01 05:39:14,"Early Morning Workout",45m,"Squat (Barbell)",1,135.0,7.0,0,0.0,"","",
2026-02-01 05:39:14,"Early Morning Workout",45m,"Squat (Barbell)",Rest Timer,0,0.0,0,120.0,,,
2026-02-01 05:39:14,"Early Morning Workout",45m,"Squat (Barbell)",2,205.0,6.0,0,0.0,,,
2026-02-01 05:39:14,"Early Morning Workout",45m,"Squat (Barbell)",Rest Timer,0,0.0,0,120.0,,,
2026-02-01 05:39:14,"Early Morning Workout",45m,"Squat (Barbell)",3,225.0,5.0,0,0.0,,,
2026-02-01 05:39:14,"Early Morning Workout",45m,"Squat (Barbell)",Rest Timer,0,0.0,0,120.0,,,
2026-02-01 05:39:14,"Early Morning Workout",45m,"Squat (Barbell)",4,245.0,3.0,0,0.0,,,
2026-02-01 05:39:14,"Early Morning Workout",45m,"Squat (Barbell)",Rest Timer,0,0.0,0,120.0,,,
2026-02-01 05:39:14,"Early Morning Workout",45m,"Squat (Barbell)",5,245.0,2.0,0,0.0,,,
2026-02-01 05:39:14,"Early Morning Workout",45m,"Squat (Barbell)",Rest Timer,0,0.0,0,120.0,,,
2026-02-01 05:39:14,"Early Morning Workout",45m,"Squat (Barbell)",6,225.0,2.0,0,0.0,,,
2026-02-01 05:39:14,"Early Morning Workout",45m,"Squat (Barbell)",Rest Timer,0,0.0,0,120.0,,,
2026-02-01 05:39:14,"Early Morning Workout",45m,"Standing Calf Raise (Dumbbell)",1,0.0,40.0,0,0.0,"",,
2026-02-01 05:39:14,"Early Morning Workout",45m,"Standing Calf Raise (Dumbbell)",Rest Timer,0,0.0,0,120.0,,,
2026-02-01 05:39:14,"Early Morning Workout",45m,"Standing Calf Raise (Dumbbell)",2,70.0,25.0,0,0.0,,,
2026-02-01 05:39:14,"Early Morning Workout",45m,"Standing Calf Raise (Dumbbell)",Rest Timer,0,0.0,0,120.0,,,
2026-02-01 05:39:14,"Early Morning Workout",45m,"Standing Calf Raise (Dumbbell)",3,70.0,22.0,0,0.0,,,
2026-02-01 05:39:14,"Early Morning Workout",45m,"Standing Calf Raise (Dumbbell)",Rest Timer,0,0.0,0,120.0,,,
2026-02-01 05:39:14,"Early Morning Workout",45m,"Leg Extension (Machine)",1,70.0,8.0,0,0.0,"",,
2026-02-01 05:39:14,"Early Morning Workout",45m,"Leg Extension (Machine)",Rest Timer,0,0.0,0,120.0,,,
2026-02-01 05:39:14,"Early Morning Workout",45m,"Leg Extension (Machine)",2,70.0,9.0,0,0.0,,,
2026-02-01 05:39:14,"Early Morning Workout",45m,"Leg Extension (Machine)",Rest Timer,0,0.0,0,120.0,,,
2026-02-01 05:39:14,"Early Morning Workout",45m,"Leg Extension (Machine)",3,80.0,8.0,0,0.0,,,
2026-02-01 05:39:14,"Early Morning Workout",45m,"Leg Extension (Machine)",Rest Timer,0,0.0,0,120.0,,,
2026-02-01 05:39:14,"Early Morning Workout",45m,"Romanian Deadlift (Barbell)",1,135.0,6.0,0,0.0,"",,
2026-02-01 05:39:14,"Early Morning Workout",45m,"Romanian Deadlift (Barbell)",Rest Timer,0,0.0,0,120.0,,,
2026-02-01 05:39:14,"Early Morning Workout",45m,"Romanian Deadlift (Barbell)",2,155.0,8.0,0,0.0,,,
2026-02-01 05:39:14,"Early Morning Workout",45m,"Romanian Deadlift (Barbell)",Rest Timer,0,0.0,0,120.0,,,
2026-02-01 05:39:14,"Early Morning Workout",45m,"Romanian Deadlift (Barbell)",3,175.0,5.0,0,0.0,,,
2026-02-01 05:39:14,"Early Morning Workout",45m,"Romanian Deadlift (Barbell)",Rest Timer,0,0.0,0,120.0,,,
2026-02-02 05:52:10,"Early Morning Workout",41m,"Bench Press (Barbell)",1,135.0,6.0,0,0.0,"","",
2026-02-02 05:52:10,"Early Morning Workout",41m,"Bench Press (Barbell)",Rest Timer,0,0.0,0,120.0,,,
2026-02-02 05:52:10,"Early Morning Workout",41m,"Bench Press (Barbell)",2,205.0,8.0,0,0.0,,,
2026-02-02 05:52:10,"Early Morning Workout",41m,"Bench Press (Barbell)",Rest Timer,0,0.0,0,120.0,,,
2026-02-02 05:52:10,"Early Morning Workout",41m,"Bench Press (Barbell)",3,215.0,6.0,0,0.0,,,
2026-02-02 05:52:10,"Early Morning Workout",41m,"Bench Press (Barbell)",Rest Timer,0,0.0,0,120.0,,,
2026-02-02 05:52:10,"Early Morning Workout",41m,"Bench Press (Barbell)",4,225.0,4.0,0,0.0,,,
2026-02-02 05:52:10,"Early Morning Workout",41m,"Bench Press (Barbell)",Rest Timer,0,0.0,0,120.0,,,
2026-02-02 05:52:10,"Early Morning Workout",41m,"Bench Press (Barbell)",5,225.0,4.0,0,0.0,,,
2026-02-02 05:52:10,"Early Morning Workout",41m,"Bench Press (Barbell)",Rest Timer,0,0.0,0,120.0,,,
2026-02-02 05:52:10,"Early Morning Workout",41m,"Triceps Extension",1,25.0,10.0,0,0.0,"",,
2026-02-02 05:52:10,"Early Morning Workout",41m,"Triceps Extension",Rest Timer,0,0.0,0,120.0,,,
2026-02-02 05:52:10,"Early Morning Workout",41m,"Triceps Extension",2,35.0,10.0,0,0.0,,,
2026-02-02 05:52:10,"Early Morning Workout",41m,"Triceps Extension",Rest Timer,0,0.0,0,120.0,,,
2026-02-02 05:52:10,"Early Morning Workout",41m,"Triceps Extension",3,45.0,6.0,0,0.0,,,
2026-02-02 05:52:10,"Early Morning Workout",41m,"Triceps Extension",Rest Timer,0,0.0,0,120.0,,,
2026-02-02 05:52:10,"Early Morning Workout",41m,"Triceps Extension",4,45.0,8.0,0,0.0,,,
2026-02-02 05:52:10,"Early Morning Workout",41m,"Triceps Extension",Rest Timer,0,0.0,0,120.0,,,
2026-02-02 05:52:10,"Early Morning Workout",41m,"Triceps Extension",5,45.0,6.0,0,0.0,,,
2026-02-02 05:52:10,"Early Morning Workout",41m,"Triceps Extension",Rest Timer,0,0.0,0,120.0,,,
2026-02-02 05:52:10,"Early Morning Workout",41m,"Lateral Raise (Band)",1,15.0,25.0,0,0.0,"",,
2026-02-02 05:52:10,"Early Morning Workout",41m,"Lateral Raise (Band)",Rest Timer,0,0.0,0,120.0,,,
2026-02-02 05:52:10,"Early Morning Workout",41m,"Lateral Raise (Band)",2,25.0,10.0,0,0.0,,,
2026-02-02 05:52:10,"Early Morning Workout",41m,"Lateral Raise (Band)",Rest Timer,0,0.0,0,120.0,,,
2026-02-02 05:52:10,"Early Morning Workout",41m,"Lateral Raise (Band)",3,25.0,8.0,0,0.0,,,
2026-02-02 05:52:10,"Early Morning Workout",41m,"Lateral Raise (Band)",Rest Timer,0,0.0,0,120.0,,,
2026-02-03 05:24:20,"Early Morning Workout",45m,"T Bar Row",1,45.0,10.0,0,0.0,"","",
2026-02-03 05:24:20,"Early Morning Workout",45m,"T Bar Row",Rest Timer,0,0.0,0,120.0,,,
2026-02-03 05:24:20,"Early Morning Workout",45m,"T Bar Row",2,70.0,10.0,0,0.0,,,
2026-02-03 05:24:20,"Early Morning Workout",45m,"T Bar Row",Rest Timer,0,0.0,0,120.0,,,
2026-02-03 05:24:20,"Early Morning Workout",45m,"T Bar Row",3,80.0,10.0,0,0.0,,,
2026-02-03 05:24:20,"Early Morning Workout",45m,"T Bar Row",Rest Timer,0,0.0,0,120.0,,,
2026-02-03 05:24:20,"Early Morning Workout",45m,"T Bar Row",4,90.0,10.0,0,0.0,,,
2026-02-03 05:24:20,"Early Morning Workout",45m,"T Bar Row",Rest Timer,0,0.0,0,120.0,,,
2026-02-03 05:24:20,"Early Morning Workout",45m,"T Bar Row",5,90.0,10.0,0,0.0,,,
2026-02-03 05:24:20,"Early Morning Workout",45m,"T Bar Row",Rest Timer,0,0.0,0,120.0,,,
2026-02-03 05:24:20,"Early Morning Workout",45m,"T Bar Row",6,90.0,10.0,0,0.0,,,
2026-02-03 05:24:20,"Early Morning Workout",45m,"T Bar Row",Rest Timer,0,0.0,0,120.0,,,
2026-02-03 05:24:20,"Early Morning Workout",45m,"Hammer Curl (Dumbbell)",1,25.0,20.0,0,0.0,"",,
2026-02-03 05:24:20,"Early Morning Workout",45m,"Hammer Curl (Dumbbell)",Rest Timer,0,0.0,0,120.0,,,
2026-02-03 05:24:20,"Early Morning Workout",45m,"Hammer Curl (Dumbbell)",2,25.0,18.0,0,0.0,,,
2026-02-03 05:24:20,"Early Morning Workout",45m,"Hammer Curl (Dumbbell)",Rest Timer,0,0.0,0,120.0,,,
2026-02-03 05:24:20,"Early Morning Workout",45m,"Hammer Curl (Dumbbell)",3,25.0,18.0,0,0.0,,,
2026-02-03 05:24:20,"Early Morning Workout",45m,"Hammer Curl (Dumbbell)",Rest Timer,0,0.0,0,120.0,,,
2026-02-03 05:24:20,"Early Morning Workout",45m,"Hammer Curl (Dumbbell)",4,25.0,15.0,0,0.0,,,
2026-02-03 05:24:20,"Early Morning Workout",45m,"Hammer Curl (Dumbbell)",Rest Timer,0,0.0,0,120.0,,,
2026-02-03 05:24:20,"Early Morning Workout",45m,"Reverse Fly (Dumbbell)",1,15.0,20.0,0,0.0,"",,
2026-02-03 05:24:20,"Early Morning Workout",45m,"Reverse Fly (Dumbbell)",Rest Timer,0,0.0,0,120.0,,,
2026-02-03 05:24:20,"Early Morning Workout",45m,"Reverse Fly (Dumbbell)",2,15.0,18.0,0,0.0,,,
2026-02-03 05:24:20,"Early Morning Workout",45m,"Reverse Fly (Dumbbell)",Rest Timer,0,0.0,0,120.0,,,
2026-02-03 05:24:20,"Early Morning Workout",45m,"Reverse Fly (Dumbbell)",3,15.0,15.0,0,0.0,,,
2026-02-03 05:24:20,"Early Morning Workout",45m,"Reverse Fly (Dumbbell)",Rest Timer,0,0.0,0,120.0,,,
2026-02-03 05:24:20,"Early Morning Workout",45m,"Reverse Fly (Dumbbell)",4,15.0,15.0,0,0.0,,,
2026-02-03 05:24:20,"Early Morning Workout",45m,"Reverse Fly (Dumbbell)",Rest Timer,0,0.0,0,120.0,,,
2026-02-03 05:24:20,"Early Morning Workout",45m,"Lat Pulldown (Cable)",1,70.0,12.0,0,0.0,"",,
2026-02-03 05:24:20,"Early Morning Workout",45m,"Lat Pulldown (Cable)",Rest Timer,0,0.0,0,120.0,,,
2026-02-03 05:24:20,"Early Morning Workout",45m,"Lat Pulldown (Cable)",2,90.0,12.0,0,0.0,,,
2026-02-03 05:24:20,"Early Morning Workout",45m,"Lat Pulldown (Cable)",Rest Timer,0,0.0,0,120.0,,,
2026-02-03 05:24:20,"Early Morning Workout",45m,"Lat Pulldown (Cable)",3,100.0,10.0,0,0.0,,,
2026-02-03 05:24:20,"Early Morning Workout",45m,"Lat Pulldown (Cable)",Rest Timer,0,0.0,0,120.0,,,
2026-02-03 05:24:20,"Early Morning Workout",45m,"Lat Pulldown (Cable)",4,100.0,8.0,0,0.0,,,
2026-02-03 05:24:20,"Early Morning Workout",45m,"Lat Pulldown (Cable)",Rest Timer,0,0.0,0,120.0,,,
2026-02-05 05:24:14,"Early Morning Workout",32m,"Goblet Squat (Kettlebell)",1,70.0,14.0,0,0.0,"","",
2026-02-05 05:24:14,"Early Morning Workout",32m,"Goblet Squat (Kettlebell)",Rest Timer,0,0.0,0,120.0,,,
2026-02-05 05:24:14,"Early Morning Workout",32m,"Goblet Squat (Kettlebell)",2,70.0,14.0,0,0.0,,,
2026-02-05 05:24:14,"Early Morning Workout",32m,"Goblet Squat (Kettlebell)",Rest Timer,0,0.0,0,120.0,,,
2026-02-05 05:24:14,"Early Morning Workout",32m,"Goblet Squat (Kettlebell)",3,70.0,14.0,0,0.0,,,
2026-02-05 05:24:14,"Early Morning Workout",32m,"Goblet Squat (Kettlebell)",Rest Timer,0,0.0,0,120.0,,,
2026-02-05 05:24:14,"Early Morning Workout",32m,"Goblet Squat (Kettlebell)",4,70.0,14.0,0,0.0,,,
2026-02-05 05:24:14,"Early Morning Workout",32m,"Goblet Squat (Kettlebell)",Rest Timer,0,0.0,0,120.0,,,
2026-02-05 05:24:14,"Early Morning Workout",32m,"Hip Thrust (Barbell)",1,135.0,21.0,0,0.0,"",,
2026-02-05 05:24:14,"Early Morning Workout",32m,"Hip Thrust (Barbell)",Rest Timer,0,0.0,0,120.0,,,
2026-02-05 05:24:14,"Early Morning Workout",32m,"Hip Thrust (Barbell)",2,135.0,22.0,0,0.0,,,
2026-02-05 05:24:14,"Early Morning Workout",32m,"Hip Thrust (Barbell)",Rest Timer,0,0.0,0,120.0,,,
2026-02-05 05:24:14,"Early Morning Workout",32m,"Hip Thrust (Barbell)",3,135.0,18.0,0,0.0,,,
2026-02-05 05:24:14,"Early Morning Workout",32m,"Hip Thrust (Barbell)",Rest Timer,0,0.0,0,120.0,,,
2026-02-05 05:24:14,"Early Morning Workout",32m,"Hip Thrust (Barbell)",4,135.0,18.0,0,0.0,,,
2026-02-05 05:24:14,"Early Morning Workout",32m,"Hip Thrust (Barbell)",Rest Timer,0,0.0,0,120.0,,,
2026-02-05 05:24:14,"Early Morning Workout",32m,"Bulgarian Split Squat",1,0.0,12.0,0,0.0,"",,
2026-02-05 05:24:14,"Early Morning Workout",32m,"Bulgarian Split Squat",Rest Timer,0,0.0,0,120.0,,,
2026-02-05 05:24:14,"Early Morning Workout",32m,"Bulgarian Split Squat",2,0.0,12.0,0,0.0,,,
2026-02-05 05:24:14,"Early Morning Workout",32m,"Bulgarian Split Squat",Rest Timer,0,0.0,0,120.0,,,
2026-02-07 05:38:22,"Early Morning Workout",1h 4m,"Push Press",1,95.0,8.0,0,0.0,"","",
2026-02-07 05:38:22,"Early Morning Workout",1h 4m,"Push Press",Rest Timer,0,0.0,0,120.0,,,
2026-02-07 05:38:22,"Early Morning Workout",1h 4m,"Push Press",2,115.0,6.0,0,0.0,,,
2026-02-07 05:38:22,"Early Morning Workout",1h 4m,"Push Press",Rest Timer,0,0.0,0,120.0,,,
2026-02-07 05:38:22,"Early Morning Workout",1h 4m,"Push Press",3,115.0,5.0,0,0.0,,,
2026-02-07 05:38:22,"Early Morning Workout",1h 4m,"Push Press",Rest Timer,0,0.0,0,120.0,,,
2026-02-07 05:38:22,"Early Morning Workout",1h 4m,"Push Press",4,115.0,4.0,0,0.0,,,
2026-02-07 05:38:22,"Early Morning Workout",1h 4m,"Push Press",Rest Timer,0,0.0,0,120.0,,,
2026-02-07 05:38:22,"Early Morning Workout",1h 4m,"Triceps Dip",1,0.0,6.0,0,0.0,"",,
2026-02-07 05:38:22,"Early Morning Workout",1h 4m,"Triceps Dip",Rest Timer,0,0.0,0,120.0,,,
2026-02-07 05:38:22,"Early Morning Workout",1h 4m,"Triceps Dip",2,0.0,8.0,0,0.0,,,
2026-02-07 05:38:22,"Early Morning Workout",1h 4m,"Triceps Dip",Rest Timer,0,0.0,0,120.0,,,
2026-02-07 05:38:22,"Early Morning Workout",1h 4m,"Triceps Dip",3,0.0,6.0,0,0.0,,,
2026-02-07 05:38:22,"Early Morning Workout",1h 4m,"Triceps Dip",Rest Timer,0,0.0,0,120.0,,,
2026-02-07 05:38:22,"Early Morning Workout",1h 4m,"Lateral Raise (Dumbbell)",1,15.0,22.0,0,0.0,"",,
2026-02-07 05:38:22,"Early Morning Workout",1h 4m,"Lateral Raise (Dumbbell)",Rest Timer,0,0.0,0,120.0,,,
2026-02-07 05:38:22,"Early Morning Workout",1h 4m,"Lateral Raise (Dumbbell)",2,25.0,10.0,0,0.0,,,
2026-02-07 05:38:22,"Early Morning Workout",1h 4m,"Lateral Raise (Dumbbell)",Rest Timer,0,0.0,0,120.0,,,
2026-02-07 05:38:22,"Early Morning Workout",1h 4m,"Lateral Raise (Dumbbell)",3,25.0,10.0,0,0.0,,,
2026-02-07 05:38:22,"Early Morning Workout",1h 4m,"Lateral Raise (Dumbbell)",Rest Timer,0,0.0,0,120.0,,,
2026-02-09 05:11:03,"Heavy Legs",54m,"Squat (Barbell)",1,135.0,7.0,0,0.0,"","",
2026-02-09 05:11:03,"Heavy Legs",54m,"Squat (Barbell)",Rest Timer,0,0.0,0,120.0,,,
2026-02-09 05:11:03,"Heavy Legs",54m,"Squat (Barbell)",2,205.0,7.0,0,0.0,,,
2026-02-09 05:11:03,"Heavy Legs",54m,"Squat (Barbell)",Rest Timer,0,0.0,0,120.0,,,
2026-02-09 05:11:03,"Heavy Legs",54m,"Squat (Barbell)",3,225.0,6.0,0,0.0,,,
2026-02-09 05:11:03,"Heavy Legs",54m,"Squat (Barbell)",Rest Timer,0,0.0,0,120.0,,,
2026-02-09 05:11:03,"Heavy Legs",54m,"Squat (Barbell)",4,245.0,3.0,0,0.0,,,
2026-02-09 05:11:03,"Heavy Legs",54m,"Squat (Barbell)",Rest Timer,0,0.0,0,120.0,,,
2026-02-09 05:11:03,"Heavy Legs",54m,"Squat (Barbell)",5,225.0,4.0,0,0.0,,,
2026-02-09 05:11:03,"Heavy Legs",54m,"Squat (Barbell)",Rest Timer,0,0.0,0,120.0,,,
2026-02-09 05:11:03,"Heavy Legs",54m,"Squat (Barbell)",6,225.0,3.0,0,0.0,,,
2026-02-09 05:11:03,"Heavy Legs",54m,"Squat (Barbell)",Rest Timer,0,0.0,0,120.0,,,
2026-02-09 05:11:03,"Heavy Legs",54m,"Standing Calf Raise (Dumbbell)",1,10.0,40.0,0,0.0,"",,
2026-02-09 05:11:03,"Heavy Legs",54m,"Standing Calf Raise (Dumbbell)",Rest Timer,0,0.0,0,120.0,,,
2026-02-09 05:11:03,"Heavy Legs",54m,"Standing Calf Raise (Dumbbell)",2,40.0,38.0,0,0.0,,,
2026-02-09 05:11:03,"Heavy Legs",54m,"Standing Calf Raise (Dumbbell)",Rest Timer,0,0.0,0,120.0,,,
2026-02-09 05:11:03,"Heavy Legs",54m,"Standing Calf Raise (Dumbbell)",3,40.0,30.0,0,0.0,,,
2026-02-09 05:11:03,"Heavy Legs",54m,"Standing Calf Raise (Dumbbell)",Rest Timer,0,0.0,0,120.0,,,
2026-02-09 05:11:03,"Heavy Legs",54m,"Leg Extension (Machine)",1,70.0,10.0,0,0.0,"",,
2026-02-09 05:11:03,"Heavy Legs",54m,"Leg Extension (Machine)",Rest Timer,0,0.0,0,120.0,,,
2026-02-09 05:11:03,"Heavy Legs",54m,"Leg Extension (Machine)",2,80.0,7.0,0,0.0,,,
2026-02-09 05:11:03,"Heavy Legs",54m,"Leg Extension (Machine)",Rest Timer,0,0.0,0,120.0,,,
2026-02-09 05:11:03,"Heavy Legs",54m,"Leg Extension (Machine)",3,80.0,8.0,0,0.0,,,
2026-02-09 05:11:03,"Heavy Legs",54m,"Leg Extension (Machine)",Rest Timer,0,0.0,0,120.0,,,
2026-02-09 05:11:03,"Heavy Legs",54m,"Romanian Deadlift (Barbell)",1,135.0,6.0,0,0.0,"",,
2026-02-09 05:11:03,"Heavy Legs",54m,"Romanian Deadlift (Barbell)",Rest Timer,0,0.0,0,120.0,,,
2026-02-09 05:11:03,"Heavy Legs",54m,"Romanian Deadlift (Barbell)",2,175.0,6.0,0,0.0,,,
2026-02-09 05:11:03,"Heavy Legs",54m,"Romanian Deadlift (Barbell)",Rest Timer,0,0.0,0,120.0,,,
2026-02-09 05:11:03,"Heavy Legs",54m,"Romanian Deadlift (Barbell)",3,175.0,8.0,0,0.0,,,
2026-02-09 05:11:03,"Heavy Legs",54m,"Romanian Deadlift (Barbell)",Rest Timer,0,0.0,0,120.0,,,
2026-02-09 05:11:03,"Heavy Legs",54m,"Bulgarian Split Squat",1,0.0,6.0,0,0.0,"",,
2026-02-09 05:11:03,"Heavy Legs",54m,"Bulgarian Split Squat",Rest Timer,0,0.0,0,120.0,,,
2026-02-09 05:11:03,"Heavy Legs",54m,"Bulgarian Split Squat",2,0.0,10.0,0,0.0,,,
2026-02-09 05:11:03,"Heavy Legs",54m,"Bulgarian Split Squat",Rest Timer,0,0.0,0,120.0,,,
2026-02-09 05:11:03,"Heavy Legs",54m,"Bulgarian Split Squat",3,0.0,10.0,0,0.0,,,
2026-02-09 05:11:03,"Heavy Legs",54m,"Bulgarian Split Squat",Rest Timer,0,0.0,0,120.0,,,
2026-02-11 05:10:02,"Early Morning Workout",53m,"Bent Over Row (Barbell)",1,95.0,14.0,0,0.0,"","",
2026-02-11 05:10:02,"Early Morning Workout",53m,"Bent Over Row (Barbell)",Rest Timer,0,0.0,0,120.0,,,
2026-02-11 05:10:02,"Early Morning Workout",53m,"Bent Over Row (Barbell)",2,135.0,9.0,0,0.0,,,
2026-02-11 05:10:02,"Early Morning Workout",53m,"Bent Over Row (Barbell)",Rest Timer,0,0.0,0,120.0,,,
2026-02-11 05:10:02,"Early Morning Workout",53m,"Bent Over Row (Barbell)",3,145.0,7.0,0,0.0,,,
2026-02-11 05:10:02,"Early Morning Workout",53m,"Bent Over Row (Barbell)",Rest Timer,0,0.0,0,120.0,,,
2026-02-11 05:10:02,"Early Morning Workout",53m,"Bent Over Row (Barbell)",4,155.0,6.0,0,0.0,,,
2026-02-11 05:10:02,"Early Morning Workout",53m,"Bent Over Row (Barbell)",Rest Timer,0,0.0,0,120.0,,,
2026-02-11 05:10:02,"Early Morning Workout",53m,"Bent Over Row (Barbell)",5,155.0,4.0,0,0.0,,,
2026-02-11 05:10:02,"Early Morning Workout",53m,"Bent Over Row (Barbell)",Rest Timer,0,0.0,0,120.0,,,
2026-02-11 05:10:02,"Early Morning Workout",53m,"Bent Over Row (Barbell)",6,135.0,8.0,0,0.0,,,
2026-02-11 05:10:02,"Early Morning Workout",53m,"Bent Over Row (Barbell)",Rest Timer,0,0.0,0,120.0,,,
2026-02-11 05:10:02,"Early Morning Workout",53m,"Bicep Curl (Barbell)",1,65.0,8.0,0,0.0,"",,
2026-02-11 05:10:02,"Early Morning Workout",53m,"Bicep Curl (Barbell)",Rest Timer,0,0.0,0,120.0,,,
2026-02-11 05:10:02,"Early Morning Workout",53m,"Bicep Curl (Barbell)",2,85.0,7.0,0,0.0,,,
2026-02-11 05:10:02,"Early Morning Workout",53m,"Bicep Curl (Barbell)",Rest Timer,0,0.0,0,120.0,,,
2026-02-11 05:10:02,"Early Morning Workout",53m,"Bicep Curl (Barbell)",3,95.0,3.0,0,0.0,,,
2026-02-11 05:10:02,"Early Morning Workout",53m,"Bicep Curl (Barbell)",Rest Timer,0,0.0,0,120.0,,,
2026-02-11 05:10:02,"Early Morning Workout",53m,"Bicep Curl (Barbell)",4,85.0,6.0,0,0.0,,,
2026-02-11 05:10:02,"Early Morning Workout",53m,"Bicep Curl (Barbell)",Rest Timer,0,0.0,0,120.0,,,
2026-02-11 05:10:02,"Early Morning Workout",53m,"Bicep Curl (Barbell)",5,85.0,5.0,0,0.0,,,
2026-02-11 05:10:02,"Early Morning Workout",53m,"Bicep Curl (Barbell)",Rest Timer,0,0.0,0,120.0,,,
2026-02-11 05:10:02,"Early Morning Workout",53m,"Shrug (Barbell)",1,135.0,14.0,0,0.0,"",,
2026-02-11 05:10:02,"Early Morning Workout",53m,"Shrug (Barbell)",Rest Timer,0,0.0,0,120.0,,,
2026-02-11 05:10:02,"Early Morning Workout",53m,"Shrug (Barbell)",2,135.0,14.0,0,0.0,,,
2026-02-11 05:10:02,"Early Morning Workout",53m,"Shrug (Barbell)",Rest Timer,0,0.0,0,120.0,,,
2026-02-11 05:10:02,"Early Morning Workout",53m,"Shrug (Barbell)",3,135.0,14.0,0,0.0,,,
2026-02-11 05:10:02,"Early Morning Workout",53m,"Shrug (Barbell)",Rest Timer,0,0.0,0,120.0,,,
2026-02-11 05:10:02,"Early Morning Workout",53m,"Shrug (Barbell)",4,135.0,8.0,0,0.0,,,
2026-02-11 05:10:02,"Early Morning Workout",53m,"Shrug (Barbell)",Rest Timer,0,0.0,0,120.0,,,
2026-02-11 05:10:02,"Early Morning Workout",53m,"T Bar Row",1,45.0,10.0,0,0.0,"",,
2026-02-11 05:10:02,"Early Morning Workout",53m,"T Bar Row",Rest Timer,0,0.0,0,120.0,,,
2026-02-11 05:10:02,"Early Morning Workout",53m,"T Bar Row",2,70.0,12.0,0,0.0,,,
2026-02-11 05:10:02,"Early Morning Workout",53m,"T Bar Row",Rest Timer,0,0.0,0,120.0,,,
2026-02-11 05:10:02,"Early Morning Workout",53m,"T Bar Row",3,80.0,8.0,0,0.0,,,
2026-02-11 05:10:02,"Early Morning Workout",53m,"T Bar Row",Rest Timer,0,0.0,0,120.0,,,
2026-02-11 05:10:02,"Early Morning Workout",53m,"T Bar Row",4,90.0,8.0,0,0.0,,,
2026-02-11 05:10:02,"Early Morning Workout",53m,"T Bar Row",Rest Timer,0,0.0,0,120.0,,,
2026-02-11 05:10:02,"Early Morning Workout",53m,"T Bar Row",5,90.0,9.0,0,0.0,,,
2026-02-11 05:10:02,"Early Morning Workout",53m,"T Bar Row",Rest Timer,0,0.0,0,120.0,,,
2026-02-11 05:10:02,"Early Morning Workout",53m,"T Bar Row",6,90.0,6.0,0,0.0,,,
2026-02-11 05:10:02,"Early Morning Workout",53m,"T Bar Row",Rest Timer,0,0.0,0,120.0,,,
2026-02-11 05:10:02,"Early Morning Workout",53m,"Hammer Curl (Dumbbell)",1,40.0,8.0,0,0.0,"",,
2026-02-11 05:10:02,"Early Morning Workout",53m,"Hammer Curl (Dumbbell)",Rest Timer,0,0.0,0,120.0,,,
2026-02-11 05:10:02,"Early Morning Workout",53m,"Hammer Curl (Dumbbell)",2,40.0,8.0,0,0.0,,,
2026-02-11 05:10:02,"Early Morning Workout",53m,"Hammer Curl (Dumbbell)",Rest Timer,0,0.0,0,120.0,,,
2026-02-11 05:10:02,"Early Morning Workout",53m,"Hammer Curl (Dumbbell)",3,40.0,8.0,0,0.0,,,
2026-02-11 05:10:02,"Early Morning Workout",53m,"Hammer Curl (Dumbbell)",Rest Timer,0,0.0,0,120.0,,,
2026-02-11 05:10:02,"Early Morning Workout",53m,"Hammer Curl (Dumbbell)",4,40.0,8.0,0,0.0,,,
2026-02-11 05:10:02,"Early Morning Workout",53m,"Hammer Curl (Dumbbell)",Rest Timer,0,0.0,0,120.0,,,
2026-02-13 05:11:40,"Early Morning Workout",72h 15m,"Bench Press (Barbell)",1,135.0,6.0,0,0.0,"","",
2026-02-13 05:11:40,"Early Morning Workout",72h 15m,"Bench Press (Barbell)",Rest Timer,0,0.0,0,120.0,,,
2026-02-13 05:11:40,"Early Morning Workout",72h 15m,"Bench Press (Barbell)",2,205.0,7.0,0,0.0,,,
2026-02-13 05:11:40,"Early Morning Workout",72h 15m,"Bench Press (Barbell)",Rest Timer,0,0.0,0,120.0,,,
2026-02-13 05:11:40,"Early Morning Workout",72h 15m,"Bench Press (Barbell)",3,225.0,4.0,0,0.0,,,
2026-02-13 05:11:40,"Early Morning Workout",72h 15m,"Bench Press (Barbell)",Rest Timer,0,0.0,0,120.0,,,
2026-02-13 05:11:40,"Early Morning Workout",72h 15m,"Bench Press (Barbell)",4,205.0,6.0,0,0.0,,,
2026-02-13 05:11:40,"Early Morning Workout",72h 15m,"Bench Press (Barbell)",Rest Timer,0,0.0,0,120.0,,,
2026-02-13 05:11:40,"Early Morning Workout",72h 15m,"Bench Press (Barbell)",5,205.0,5.0,0,0.0,,,
2026-02-13 05:11:40,"Early Morning Workout",72h 15m,"Bench Press (Barbell)",Rest Timer,0,0.0,0,120.0,,,
2026-02-13 05:11:40,"Early Morning Workout",72h 15m,"Triceps Extension",1,25.0,10.0,0,0.0,"",,
2026-02-13 05:11:40,"Early Morning Workout",72h 15m,"Triceps Extension",Rest Timer,0,0.0,0,120.0,,,
2026-02-13 05:11:40,"Early Morning Workout",72h 15m,"Triceps Extension",2,35.0,10.0,0,0.0,,,
2026-02-13 05:11:40,"Early Morning Workout",72h 15m,"Triceps Extension",Rest Timer,0,0.0,0,120.0,,,
2026-02-13 05:11:40,"Early Morning Workout",72h 15m,"Triceps Extension",3,50.0,10.0,0,0.0,,,
2026-02-13 05:11:40,"Early Morning Workout",72h 15m,"Triceps Extension",Rest Timer,0,0.0,0,120.0,,,
2026-02-13 05:11:40,"Early Morning Workout",72h 15m,"Triceps Extension",4,60.0,6.0,0,0.0,,,
2026-02-13 05:11:40,"Early Morning Workout",72h 15m,"Triceps Extension",Rest Timer,0,0.0,0,120.0,,,
2026-02-13 05:11:40,"Early Morning Workout",72h 15m,"Triceps Extension",5,60.0,6.0,0,0.0,,,
2026-02-13 05:11:40,"Early Morning Workout",72h 15m,"Triceps Extension",Rest Timer,0,0.0,0,120.0,,,
2026-02-13 05:11:40,"Early Morning Workout",72h 15m,"Lateral Raise (Dumbbell)",1,15.0,22.0,0,0.0,"",,
2026-02-13 05:11:40,"Early Morning Workout",72h 15m,"Lateral Raise (Dumbbell)",Rest Timer,0,0.0,0,120.0,,,
2026-02-13 05:11:40,"Early Morning Workout",72h 15m,"Lateral Raise (Dumbbell)",2,15.0,20.0,0,0.0,,,
2026-02-13 05:11:40,"Early Morning Workout",72h 15m,"Lateral Raise (Dumbbell)",Rest Timer,0,0.0,0,120.0,,,
2026-02-13 05:11:40,"Early Morning Workout",72h 15m,"Lateral Raise (Dumbbell)",3,15.0,22.0,0,0.0,,,
2026-02-13 05:11:40,"Early Morning Workout",72h 15m,"Lateral Raise (Dumbbell)",Rest Timer,0,0.0,0,120.0,,,
2026-02-13 05:11:40,"Early Morning Workout",72h 15m,"Incline Bench Press (Dumbbell)",1,55.0,14.0,0,0.0,"",,
2026-02-13 05:11:40,"Early Morning Workout",72h 15m,"Incline Bench Press (Dumbbell)",Rest Timer,0,0.0,0,120.0,,,
2026-02-13 05:11:40,"Early Morning Workout",72h 15m,"Incline Bench Press (Dumbbell)",2,55.0,12.0,0,0.0,,,
2026-02-13 05:11:40,"Early Morning Workout",72h 15m,"Incline Bench Press (Dumbbell)",Rest Timer,0,0.0,0,120.0,,,
2026-02-13 05:11:40,"Early Morning Workout",72h 15m,"Incline Bench Press (Dumbbell)",3,55.0,12.0,0,0.0,,,
2026-02-13 05:11:40,"Early Morning Workout",72h 15m,"Incline Bench Press (Dumbbell)",Rest Timer,0,0.0,0,120.0,,,
2026-02-16 05:27:01,"Early Morning Workout",28m,"Lying Leg Curl (Machine)",1,25.0,8.0,0,0.0,"","",
2026-02-16 05:27:01,"Early Morning Workout",28m,"Lying Leg Curl (Machine)",Rest Timer,0,0.0,0,120.0,,,
2026-02-16 05:27:01,"Early Morning Workout",28m,"Lying Leg Curl (Machine)",2,25.0,10.0,0,0.0,,,
2026-02-16 05:27:01,"Early Morning Workout",28m,"Lying Leg Curl (Machine)",Rest Timer,0,0.0,0,120.0,,,
2026-02-16 05:27:01,"Early Morning Workout",28m,"Lying Leg Curl (Machine)",3,25.0,8.0,0,0.0,,,
2026-02-16 05:27:01,"Early Morning Workout",28m,"Lying Leg Curl (Machine)",Rest Timer,0,0.0,0,120.0,,,
2026-02-16 05:27:01,"Early Morning Workout",28m,"Lying Leg Curl (Machine)",4,25.0,8.0,0,0.0,,,
2026-02-16 05:27:01,"Early Morning Workout",28m,"Lying Leg Curl (Machine)",Rest Timer,0,0.0,0,120.0,,,
2026-02-16 05:27:01,"Early Morning Workout",28m,"Trap Bar Deadlift",1,90.0,22.0,0,0.0,"",,
2026-02-16 05:27:01,"Early Morning Workout",28m,"Trap Bar Deadlift",Rest Timer,0,0.0,0,120.0,,,
2026-02-16 05:27:01,"Early Morning Workout",28m,"Trap Bar Deadlift",2,120.0,18.0,0,0.0,,,
2026-02-16 05:27:01,"Early Morning Workout",28m,"Trap Bar Deadlift",Rest Timer,0,0.0,0,120.0,,,
2026-02-16 05:27:01,"Early Morning Workout",28m,"Trap Bar Deadlift",3,120.0,16.0,0,0.0,,,
2026-02-16 05:27:01,"Early Morning Workout",28m,"Trap Bar Deadlift",Rest Timer,0,0.0,0,120.0,,,
2026-02-16 05:27:01,"Early Morning Workout",28m,"Trap Bar Deadlift",4,138.0,10.0,0,0.0,,,
2026-02-16 05:27:01,"Early Morning Workout",28m,"Trap Bar Deadlift",Rest Timer,0,0.0,0,120.0,,,
2026-02-17 05:13:20,"Early Morning Workout",46m,"Lat Pulldown (Cable)",1,70.0,14.0,0,0.0,"","",
2026-02-17 05:13:20,"Early Morning Workout",46m,"Lat Pulldown (Cable)",Rest Timer,0,0.0,0,120.0,,,
2026-02-17 05:13:20,"Early Morning Workout",46m,"Lat Pulldown (Cable)",2,80.0,12.0,0,0.0,,,
2026-02-17 05:13:20,"Early Morning Workout",46m,"Lat Pulldown (Cable)",Rest Timer,0,0.0,0,120.0,,,
2026-02-17 05:13:20,"Early Morning Workout",46m,"Lat Pulldown (Cable)",3,80.0,12.0,0,0.0,,,
2026-02-17 05:13:20,"Early Morning Workout",46m,"Lat Pulldown (Cable)",Rest Timer,0,0.0,0,120.0,,,
2026-02-17 05:13:20,"Early Morning Workout",46m,"Lat Pulldown (Cable)",4,90.0,9.0,0,0.0,,,
2026-02-17 05:13:20,"Early Morning Workout",46m,"Lat Pulldown (Cable)",Rest Timer,0,0.0,0,120.0,,,
2026-02-17 05:13:20,"Early Morning Workout",46m,"Lat Pulldown (Cable)",5,90.0,6.0,0,0.0,,,
2026-02-17 05:13:20,"Early Morning Workout",46m,"Lat Pulldown (Cable)",Rest Timer,0,0.0,0,120.0,,,
2026-02-17 05:13:20,"Early Morning Workout",46m,"Bicep Curl (Cable)",1,25.0,12.0,0,0.0,"",,
2026-02-17 05:13:20,"Early Morning Workout",46m,"Bicep Curl (Cable)",Rest Timer,0,0.0,0,120.0,,,
2026-02-17 05:13:20,"Early Morning Workout",46m,"Bicep Curl (Cable)",2,35.0,10.0,0,0.0,,,
2026-02-17 05:13:20,"Early Morning Workout",46m,"Bicep Curl (Cable)",Rest Timer,0,0.0,0,120.0,,,
2026-02-17 05:13:20,"Early Morning Workout",46m,"Bicep Curl (Cable)",3,40.0,11.0,0,0.0,,,
2026-02-17 05:13:20,"Early Morning Workout",46m,"Bicep Curl (Cable)",Rest Timer,0,0.0,0,120.0,,,
2026-02-17 05:13:20,"Early Morning Workout",46m,"Bicep Curl (Cable)",4,40.0,8.0,0,0.0,,,
2026-02-17 05:13:20,"Early Morning Workout",46m,"Bicep Curl (Cable)",Rest Timer,0,0.0,0,120.0,,,
2026-02-17 05:13:20,"Early Morning Workout",46m,"Bent Over Row (Barbell)",1,95.0,12.0,0,0.0,"",,
2026-02-17 05:13:20,"Early Morning Workout",46m,"Bent Over Row (Barbell)",Rest Timer,0,0.0,0,120.0,,,
2026-02-17 05:13:20,"Early Morning Workout",46m,"Bent Over Row (Barbell)",2,115.0,12.0,0,0.0,,,
2026-02-17 05:13:20,"Early Morning Workout",46m,"Bent Over Row (Barbell)",Rest Timer,0,0.0,0,120.0,,,
2026-02-17 05:13:20,"Early Morning Workout",46m,"Bent Over Row (Barbell)",3,135.0,10.0,0,0.0,,,
2026-02-17 05:13:20,"Early Morning Workout",46m,"Bent Over Row (Barbell)",Rest Timer,0,0.0,0,120.0,,,
2026-02-17 05:13:20,"Early Morning Workout",46m,"Bent Over Row (Barbell)",4,135.0,8.0,0,0.0,,,
2026-02-17 05:13:20,"Early Morning Workout",46m,"Bent Over Row (Barbell)",Rest Timer,0,0.0,0,120.0,,,
2026-02-17 05:13:20,"Early Morning Workout",46m,"Bent Over Row (Barbell)",5,95.0,12.0,0,0.0,,,
2026-02-17 05:13:20,"Early Morning Workout",46m,"Bent Over Row (Barbell)",Rest Timer,0,0.0,0,120.0,,,
2026-02-17 05:13:20,"Early Morning Workout",46m,"Bent Over Row (Barbell)",6,95.0,12.0,0,0.0,,,
2026-02-17 05:13:20,"Early Morning Workout",46m,"Bent Over Row (Barbell)",Rest Timer,0,0.0,0,120.0,,,
2026-02-17 05:13:20,"Early Morning Workout",46m,"Hammer Curl (Dumbbell)",1,35.0,10.0,0,0.0,"",,
2026-02-17 05:13:20,"Early Morning Workout",46m,"Hammer Curl (Dumbbell)",Rest Timer,0,0.0,0,120.0,,,
2026-02-17 05:13:20,"Early Morning Workout",46m,"Hammer Curl (Dumbbell)",2,35.0,10.0,0,0.0,,,
2026-02-17 05:13:20,"Early Morning Workout",46m,"Hammer Curl (Dumbbell)",Rest Timer,0,0.0,0,120.0,,,
2026-02-17 05:13:20,"Early Morning Workout",46m,"Hammer Curl (Dumbbell)",3,35.0,10.0,0,0.0,,,
2026-02-17 05:13:20,"Early Morning Workout",46m,"Hammer Curl (Dumbbell)",Rest Timer,0,0.0,0,120.0,,,
2026-02-17 05:13:20,"Early Morning Workout",46m,"Hammer Curl (Dumbbell)",4,35.0,10.0,0,0.0,,,
2026-02-17 05:13:20,"Early Morning Workout",46m,"Hammer Curl (Dumbbell)",Rest Timer,0,0.0,0,120.0,,,
2026-02-18 05:21:47,"Early Morning Workout",52m,"Bench Press (Barbell)",1,135.0,8.0,0,0.0,"","",
2026-02-18 05:21:47,"Early Morning Workout",52m,"Bench Press (Barbell)",Rest Timer,0,0.0,0,120.0,,,
2026-02-18 05:21:47,"Early Morning Workout",52m,"Bench Press (Barbell)",2,205.0,7.0,0,0.0,,,
2026-02-18 05:21:47,"Early Morning Workout",52m,"Bench Press (Barbell)",Rest Timer,0,0.0,0,120.0,,,
2026-02-18 05:21:47,"Early Morning Workout",52m,"Bench Press (Barbell)",3,205.0,8.0,0,0.0,,,
2026-02-18 05:21:47,"Early Morning Workout",52m,"Bench Press (Barbell)",Rest Timer,0,0.0,0,120.0,,,
2026-02-18 05:21:47,"Early Morning Workout",52m,"Bench Press (Barbell)",4,205.0,5.0,0,0.0,,,
2026-02-18 05:21:47,"Early Morning Workout",52m,"Bench Press (Barbell)",Rest Timer,0,0.0,0,120.0,,,
2026-02-18 05:21:47,"Early Morning Workout",52m,"Bench Press (Barbell)",5,205.0,3.0,0,0.0,,,
2026-02-18 05:21:47,"Early Morning Workout",52m,"Bench Press (Barbell)",Rest Timer,0,0.0,0,120.0,,,
2026-02-18 05:21:47,"Early Morning Workout",52m,"Triceps Extension",1,25.0,10.0,0,0.0,"",,
2026-02-18 05:21:47,"Early Morning Workout",52m,"Triceps Extension",Rest Timer,0,0.0,0,120.0,,,
2026-02-18 05:21:47,"Early Morning Workout",52m,"Triceps Extension",2,45.0,10.0,0,0.0,,,
2026-02-18 05:21:47,"Early Morning Workout",52m,"Triceps Extension",Rest Timer,0,0.0,0,120.0,,,
2026-02-18 05:21:47,"Early Morning Workout",52m,"Triceps Extension",3,55.0,10.0,0,0.0,,,
2026-02-18 05:21:47,"Early Morning Workout",52m,"Triceps Extension",Rest Timer,0,0.0,0,120.0,,,
2026-02-18 05:21:47,"Early Morning Workout",52m,"Triceps Extension",4,65.0,8.0,0,0.0,,,
2026-02-18 05:21:47,"Early Morning Workout",52m,"Triceps Extension",Rest Timer,0,0.0,0,120.0,,,
2026-02-18 05:21:47,"Early Morning Workout",52m,"Triceps Extension",5,65.0,8.0,0,0.0,,,
2026-02-18 05:21:47,"Early Morning Workout",52m,"Triceps Extension",Rest Timer,0,0.0,0,120.0,,,
2026-02-18 05:21:47,"Early Morning Workout",52m,"Lateral Raise (Dumbbell)",1,15.0,18.0,0,0.0,"",,
2026-02-18 05:21:47,"Early Morning Workout",52m,"Lateral Raise (Dumbbell)",Rest Timer,0,0.0,0,120.0,,,
2026-02-18 05:21:47,"Early Morning Workout",52m,"Lateral Raise (Dumbbell)",2,15.0,20.0,0,0.0,,,
2026-02-18 05:21:47,"Early Morning Workout",52m,"Lateral Raise (Dumbbell)",Rest Timer,0,0.0,0,120.0,,,
2026-02-18 05:21:47,"Early Morning Workout",52m,"Lateral Raise (Dumbbell)",3,15.0,20.0,0,0.0,,,
2026-02-18 05:21:47,"Early Morning Workout",52m,"Lateral Raise (Dumbbell)",Rest Timer,0,0.0,0,120.0,,,
2026-02-20 05:31:53,"Early Morning Workout",50m,"Bent Over Row (Barbell)",1,95.0,12.0,0,0.0,"","",
2026-02-20 05:31:53,"Early Morning Workout",50m,"Bent Over Row (Barbell)",Rest Timer,0,0.0,0,120.0,,,
2026-02-20 05:31:53,"Early Morning Workout",50m,"Bent Over Row (Barbell)",2,135.0,8.0,0,0.0,,,
2026-02-20 05:31:53,"Early Morning Workout",50m,"Bent Over Row (Barbell)",Rest Timer,0,0.0,0,120.0,,,
2026-02-20 05:31:53,"Early Morning Workout",50m,"Bent Over Row (Barbell)",3,135.0,10.0,0,0.0,,,
2026-02-20 05:31:53,"Early Morning Workout",50m,"Bent Over Row (Barbell)",Rest Timer,0,0.0,0,120.0,,,
2026-02-20 05:31:53,"Early Morning Workout",50m,"Bent Over Row (Barbell)",4,155.0,6.0,0,0.0,,,
2026-02-20 05:31:53,"Early Morning Workout",50m,"Bent Over Row (Barbell)",Rest Timer,0,0.0,0,120.0,,,
2026-02-20 05:31:53,"Early Morning Workout",50m,"Bent Over Row (Barbell)",5,155.0,5.0,0,0.0,,,
2026-02-20 05:31:53,"Early Morning Workout",50m,"Bent Over Row (Barbell)",Rest Timer,0,0.0,0,120.0,,,
2026-02-20 05:31:53,"Early Morning Workout",50m,"Bent Over Row (Barbell)",6,155.0,5.0,0,0.0,,,
2026-02-20 05:31:53,"Early Morning Workout",50m,"Bent Over Row (Barbell)",Rest Timer,0,0.0,0,120.0,,,
2026-02-20 05:31:53,"Early Morning Workout",50m,"Bicep Curl (Barbell)",1,65.0,10.0,0,0.0,"",,
2026-02-20 05:31:53,"Early Morning Workout",50m,"Bicep Curl (Barbell)",Rest Timer,0,0.0,0,120.0,,,
2026-02-20 05:31:53,"Early Morning Workout",50m,"Bicep Curl (Barbell)",2,85.0,10.0,0,0.0,,,
2026-02-20 05:31:53,"Early Morning Workout",50m,"Bicep Curl (Barbell)",Rest Timer,0,0.0,0,120.0,,,
2026-02-20 05:31:53,"Early Morning Workout",50m,"Bicep Curl (Barbell)",3,85.0,8.0,0,0.0,,,
2026-02-20 05:31:53,"Early Morning Workout",50m,"Bicep Curl (Barbell)",Rest Timer,0,0.0,0,120.0,,,
2026-02-20 05:31:53,"Early Morning Workout",50m,"Bicep Curl (Barbell)",4,105.0,3.0,0,0.0,,,
2026-02-20 05:31:53,"Early Morning Workout",50m,"Bicep Curl (Barbell)",Rest Timer,0,0.0,0,120.0,,,
2026-02-20 05:31:53,"Early Morning Workout",50m,"Bicep Curl (Barbell)",5,85.0,3.0,0,0.0,,,
2026-02-20 05:31:53,"Early Morning Workout",50m,"Bicep Curl (Barbell)",Rest Timer,0,0.0,0,120.0,,,
2026-02-20 05:31:53,"Early Morning Workout",50m,"Bicep Curl (Barbell)",6,85.0,4.0,0,0.0,,,
2026-02-20 05:31:53,"Early Morning Workout",50m,"Bicep Curl (Barbell)",Rest Timer,0,0.0,0,120.0,,,
2026-02-20 05:31:53,"Early Morning Workout",50m,"Reverse Fly (Dumbbell)",1,15.0,20.0,0,0.0,"",,
2026-02-20 05:31:53,"Early Morning Workout",50m,"Reverse Fly (Dumbbell)",Rest Timer,0,0.0,0,120.0,,,
2026-02-20 05:31:53,"Early Morning Workout",50m,"Reverse Fly (Dumbbell)",2,15.0,18.0,0,0.0,,,
2026-02-20 05:31:53,"Early Morning Workout",50m,"Reverse Fly (Dumbbell)",Rest Timer,0,0.0,0,120.0,,,
2026-02-20 05:31:53,"Early Morning Workout",50m,"Reverse Fly (Dumbbell)",3,15.0,15.0,0,0.0,,,
2026-02-20 05:31:53,"Early Morning Workout",50m,"Reverse Fly (Dumbbell)",Rest Timer,0,0.0,0,120.0,,,
2026-02-20 05:31:53,"Early Morning Workout",50m,"Reverse Fly (Dumbbell)",4,15.0,15.0,0,0.0,,,
2026-02-20 05:31:53,"Early Morning Workout",50m,"Reverse Fly (Dumbbell)",Rest Timer,0,0.0,0,120.0,,,
2026-02-20 05:31:53,"Early Morning Workout",50m,"Lat Pulldown (Cable)",1,70.0,14.0,0,0.0,"",,
2026-02-20 05:31:53,"Early Morning Workout",50m,"Lat Pulldown (Cable)",Rest Timer,0,0.0,0,120.0,,,
2026-02-20 05:31:53,"Early Morning Workout",50m,"Lat Pulldown (Cable)",2,80.0,12.0,0,0.0,,,
2026-02-20 05:31:53,"Early Morning Workout",50m,"Lat Pulldown (Cable)",Rest Timer,0,0.0,0,120.0,,,
2026-02-20 05:31:53,"Early Morning Workout",50m,"Lat Pulldown (Cable)",3,100.0,8.0,0,0.0,,,
2026-02-20 05:31:53,"Early Morning Workout",50m,"Lat Pulldown (Cable)",Rest Timer,0,0.0,0,120.0,,,
2026-02-20 05:31:53,"Early Morning Workout",50m,"Lat Pulldown (Cable)",4,100.0,8.0,0,0.0,,,
2026-02-20 05:31:53,"Early Morning Workout",50m,"Lat Pulldown (Cable)",Rest Timer,0,0.0,0,120.0,,,
2026-02-20 05:31:53,"Early Morning Workout",50m,"Lat Pulldown (Cable)",5,100.0,8.0,0,0.0,,,
2026-02-20 05:31:53,"Early Morning Workout",50m,"Lat Pulldown (Cable)",Rest Timer,0,0.0,0,120.0,,,
2026-02-20 05:31:53,"Early Morning Workout",50m,"Hammer Curl (Dumbbell)",1,40.0,8.0,0,0.0,"",,
2026-02-20 05:31:53,"Early Morning Workout",50m,"Hammer Curl (Dumbbell)",Rest Timer,0,0.0,0,120.0,,,
2026-02-20 05:31:53,"Early Morning Workout",50m,"Hammer Curl (Dumbbell)",2,40.0,6.0,0,0.0,,,
2026-02-20 05:31:53,"Early Morning Workout",50m,"Hammer Curl (Dumbbell)",Rest Timer,0,0.0,0,120.0,,,
2026-02-20 05:31:53,"Early Morning Workout",50m,"Hammer Curl (Dumbbell)",3,40.0,6.0,0,0.0,,,
2026-02-20 05:31:53,"Early Morning Workout",50m,"Hammer Curl (Dumbbell)",Rest Timer,0,0.0,0,120.0,,,
2026-02-20 05:31:53,"Early Morning Workout",50m,"Hammer Curl (Dumbbell)",4,40.0,6.0,0,0.0,,,
2026-02-20 05:31:53,"Early Morning Workout",50m,"Hammer Curl (Dumbbell)",Rest Timer,0,0.0,0,120.0,,,
2026-02-21 05:41:54,"Heavy Legs",58m,"Squat (Barbell)",1,135.0,8.0,0,0.0,"","",
2026-02-21 05:41:54,"Heavy Legs",58m,"Squat (Barbell)",Rest Timer,0,0.0,0,120.0,,,
2026-02-21 05:41:54,"Heavy Legs",58m,"Squat (Barbell)",2,205.0,8.0,0,0.0,,,
2026-02-21 05:41:54,"Heavy Legs",58m,"Squat (Barbell)",Rest Timer,0,0.0,0,120.0,,,
2026-02-21 05:41:54,"Heavy Legs",58m,"Squat (Barbell)",3,225.0,5.0,0,0.0,,,
2026-02-21 05:41:54,"Heavy Legs",58m,"Squat (Barbell)",Rest Timer,0,0.0,0,120.0,,,
2026-02-21 05:41:54,"Heavy Legs",58m,"Squat (Barbell)",4,235.0,4.0,0,0.0,,,
2026-02-21 05:41:54,"Heavy Legs",58m,"Squat (Barbell)",Rest Timer,0,0.0,0,120.0,,,
2026-02-21 05:41:54,"Heavy Legs",58m,"Squat (Barbell)",5,235.0,3.0,0,0.0,,,
2026-02-21 05:41:54,"Heavy Legs",58m,"Squat (Barbell)",Rest Timer,0,0.0,0,120.0,,,
2026-02-21 05:41:54,"Heavy Legs",58m,"Squat (Barbell)",6,235.0,3.0,0,0.0,,,
2026-02-21 05:41:54,"Heavy Legs",58m,"Squat (Barbell)",Rest Timer,0,0.0,0,120.0,,,
2026-02-21 05:41:54,"Heavy Legs",58m,"Standing Calf Raise (Dumbbell)",1,0.0,40.0,0,0.0,"",,
2026-02-21 05:41:54,"Heavy Legs",58m,"Standing Calf Raise (Dumbbell)",Rest Timer,0,0.0,0,120.0,,,
2026-02-21 05:41:54,"Heavy Legs",58m,"Standing Calf Raise (Dumbbell)",2,45.0,36.0,0,0.0,,,
2026-02-21 05:41:54,"Heavy Legs",58m,"Standing Calf Raise (Dumbbell)",Rest Timer,0,0.0,0,120.0,,,
2026-02-21 05:41:54,"Heavy Legs",58m,"Standing Calf Raise (Dumbbell)",3,45.0,37.0,0,0.0,,,
2026-02-21 05:41:54,"Heavy Legs",58m,"Standing Calf Raise (Dumbbell)",Rest Timer,0,0.0,0,120.0,,,
2026-02-21 05:41:54,"Heavy Legs",58m,"Standing Calf Raise (Dumbbell)",4,55.0,30.0,0,0.0,,,
2026-02-21 05:41:54,"Heavy Legs",58m,"Standing Calf Raise (Dumbbell)",Rest Timer,0,0.0,0,120.0,,,
2026-02-21 05:41:54,"Heavy Legs",58m,"Standing Calf Raise (Dumbbell)",5,55.0,30.0,0,0.0,,,
2026-02-21 05:41:54,"Heavy Legs",58m,"Standing Calf Raise (Dumbbell)",Rest Timer,0,0.0,0,120.0,,,
2026-02-21 05:41:54,"Heavy Legs",58m,"Leg Extension (Machine)",1,55.0,13.0,0,0.0,"",,
2026-02-21 05:41:54,"Heavy Legs",58m,"Leg Extension (Machine)",Rest Timer,0,0.0,0,120.0,,,
2026-02-21 05:41:54,"Heavy Legs",58m,"Leg Extension (Machine)",2,80.0,8.0,0,0.0,,,
2026-02-21 05:41:54,"Heavy Legs",58m,"Leg Extension (Machine)",Rest Timer,0,0.0,0,120.0,,,
2026-02-21 05:41:54,"Heavy Legs",58m,"Leg Extension (Machine)",3,80.0,8.0,0,0.0,,,
2026-02-21 05:41:54,"Heavy Legs",58m,"Leg Extension (Machine)",Rest Timer,0,0.0,0,120.0,,,
2026-02-21 05:41:54,"Heavy Legs",58m,"Leg Extension (Machine)",4,90.0,5.0,0,0.0,,,
2026-02-21 05:41:54,"Heavy Legs",58m,"Leg Extension (Machine)",Rest Timer,0,0.0,0,120.0,,,
2026-02-21 05:41:54,"Heavy Legs",58m,"Back Extension",1,0.0,10.0,0,0.0,"",,
2026-02-21 05:41:54,"Heavy Legs",58m,"Back Extension",Rest Timer,0,0.0,0,120.0,,,
2026-02-21 05:41:54,"Heavy Legs",58m,"Back Extension",2,25.0,7.0,0,0.0,,,
2026-02-21 05:41:54,"Heavy Legs",58m,"Back Extension",Rest Timer,0,0.0,0,120.0,,,
2026-02-21 05:41:54,"Heavy Legs",58m,"Back Extension",3,25.0,7.0,0,0.0,,,
2026-02-21 05:41:54,"Heavy Legs",58m,"Back Extension",Rest Timer,0,0.0,0,120.0,,,
2026-02-21 05:41:54,"Heavy Legs",58m,"Back Extension",4,25.0,5.0,0,0.0,,,
2026-02-21 05:41:54,"Heavy Legs",58m,"Back Extension",Rest Timer,0,0.0,0,120.0,,,
2026-02-21 05:41:54,"Heavy Legs",58m,"Step-up",1,0,8.0,0,0.0,"",,
2026-02-21 05:41:54,"Heavy Legs",58m,"Step-up",Rest Timer,0,0.0,0,120.0,,,
2026-02-21 05:41:54,"Heavy Legs",58m,"Step-up",2,0,7.0,0,0.0,,,
2026-02-21 05:41:54,"Heavy Legs",58m,"Step-up",Rest Timer,0,0.0,0,120.0,,,
2026-02-21 05:41:54,"Heavy Legs",58m,"Step-up",3,0,7.0,0,0.0,,,
2026-02-21 05:41:54,"Heavy Legs",58m,"Step-up",Rest Timer,0,0.0,0,120.0,,,
2026-02-21 05:41:54,"Heavy Legs",58m,"Step-up",4,0,7.0,0,0.0,,,
2026-02-21 05:41:54,"Heavy Legs",58m,"Step-up",Rest Timer,0,0.0,0,120.0,,,
2026-02-23 05:22:43,"Early Morning Workout",47h 53m,"Incline Bench Press (Dumbbell)",1,55.0,14.0,0,0.0,"","",
2026-02-23 05:22:43,"Early Morning Workout",47h 53m,"Incline Bench Press (Dumbbell)",Rest Timer,0,0.0,0,120.0,,,
2026-02-23 05:22:43,"Early Morning Workout",47h 53m,"Incline Bench Press (Dumbbell)",2,55.0,12.0,0,0.0,,,
2026-02-23 05:22:43,"Early Morning Workout",47h 53m,"Incline Bench Press (Dumbbell)",Rest Timer,0,0.0,0,120.0,,,
2026-02-23 05:22:43,"Early Morning Workout",47h 53m,"Incline Bench Press (Dumbbell)",3,55.0,12.0,0,0.0,,,
2026-02-23 05:22:43,"Early Morning Workout",47h 53m,"Incline Bench Press (Dumbbell)",Rest Timer,0,0.0,0,120.0,,,
2026-02-23 05:22:43,"Early Morning Workout",47h 53m,"Incline Bench Press (Dumbbell)",4,55.0,10.0,0,0.0,,,
2026-02-23 05:22:43,"Early Morning Workout",47h 53m,"Incline Bench Press (Dumbbell)",Rest Timer,0,0.0,0,120.0,,,
2026-02-23 05:22:43,"Early Morning Workout",47h 53m,"Triceps Extension",1,45.0,10.0,0,0.0,"",,
2026-02-23 05:22:43,"Early Morning Workout",47h 53m,"Triceps Extension",Rest Timer,0,0.0,0,120.0,,,
2026-02-23 05:22:43,"Early Morning Workout",47h 53m,"Triceps Extension",2,55.0,6.0,0,0.0,,,
2026-02-23 05:22:43,"Early Morning Workout",47h 53m,"Triceps Extension",Rest Timer,0,0.0,0,120.0,,,
2026-02-23 05:22:43,"Early Morning Workout",47h 53m,"Triceps Extension",3,35.0,10.0,0,0.0,,,
2026-02-23 05:22:43,"Early Morning Workout",47h 53m,"Triceps Extension",Rest Timer,0,0.0,0,120.0,,,
2026-02-23 05:22:43,"Early Morning Workout",47h 53m,"Triceps Extension",4,35.0,7.0,0,0.0,,,
2026-02-23 05:22:43,"Early Morning Workout",47h 53m,"Triceps Extension",Rest Timer,0,0.0,0,120.0,,,
2026-02-23 05:22:43,"Early Morning Workout",47h 53m,"Triceps Extension",5,35.0,8.0,0,0.0,,,
2026-02-23 05:22:43,"Early Morning Workout",47h 53m,"Triceps Extension",Rest Timer,0,0.0,0,120.0,,,
2026-02-23 05:22:43,"Early Morning Workout",47h 53m,"Lateral Raise (Band)",1,15.0,22.0,0,0.0,"",,
2026-02-23 05:22:43,"Early Morning Workout",47h 53m,"Lateral Raise (Band)",Rest Timer,0,0.0,0,120.0,,,
2026-02-23 05:22:43,"Early Morning Workout",47h 53m,"Lateral Raise (Band)",2,25.0,12.0,0,0.0,,,
2026-02-23 05:22:43,"Early Morning Workout",47h 53m,"Lateral Raise (Band)",Rest Timer,0,0.0,0,120.0,,,
2026-02-23 05:22:43,"Early Morning Workout",47h 53m,"Lateral Raise (Band)",3,25.0,12.0,0,0.0,,,
2026-02-23 05:22:43,"Early Morning Workout",47h 53m,"Lateral Raise (Band)",Rest Timer,0,0.0,0,120.0,,,
2026-02-23 05:22:43,"Early Morning Workout",47h 53m,"Lateral Raise (Band)",4,25.0,12.0,0,0.0,,,
2026-02-23 05:22:43,"Early Morning Workout",47h 53m,"Lateral Raise (Band)",Rest Timer,0,0.0,0,120.0,,,
2026-02-23 05:22:43,"Early Morning Workout",47h 53m,"Cable Crossover",1,10.0,10.0,0,0.0,"",,
2026-02-23 05:22:43,"Early Morning Workout",47h 53m,"Cable Crossover",Rest Timer,0,0.0,0,120.0,,,
2026-02-23 05:22:43,"Early Morning Workout",47h 53m,"Cable Crossover",2,15.0,10.0,0,0.0,,,
2026-02-23 05:22:43,"Early Morning Workout",47h 53m,"Cable Crossover",Rest Timer,0,0.0,0,120.0,,,
2026-02-23 05:22:43,"Early Morning Workout",47h 53m,"Cable Crossover",3,15.0,10.0,0,0.0,,,
2026-02-23 05:22:43,"Early Morning Workout",47h 53m,"Cable Crossover",Rest Timer,0,0.0,0,120.0,,,
2026-02-23 05:22:43,"Early Morning Workout",47h 53m,"Triceps Dip",1,0.0,10.0,0,0.0,"",,
2026-02-23 05:22:43,"Early Morning Workout",47h 53m,"Triceps Dip",Rest Timer,0,0.0,0,120.0,,,
2026-02-23 05:22:43,"Early Morning Workout",47h 53m,"Triceps Dip",2,0.0,10.0,0,0.0,,,
2026-02-23 05:22:43,"Early Morning Workout",47h 53m,"Triceps Dip",Rest Timer,0,0.0,0,120.0,,,
2026-02-23 05:22:43,"Early Morning Workout",47h 53m,"Triceps Dip",3,0.0,10.0,0,0.0,,,
2026-02-23 05:22:43,"Early Morning Workout",47h 53m,"Triceps Dip",Rest Timer,0,0.0,0,120.0,,,
2026-02-25 05:16:14,"Early Morning Workout",52m,"Bicep Curl (Barbell)",1,65.0,10.0,0,0.0,"","",
2026-02-25 05:16:14,"Early Morning Workout",52m,"Bicep Curl (Barbell)",Rest Timer,0,0.0,0,120.0,,,
2026-02-25 05:16:14,"Early Morning Workout",52m,"Bicep Curl (Barbell)",2,85.0,8.0,0,0.0,,,
2026-02-25 05:16:14,"Early Morning Workout",52m,"Bicep Curl (Barbell)",Rest Timer,0,0.0,0,120.0,,,
2026-02-25 05:16:14,"Early Morning Workout",52m,"Bicep Curl (Barbell)",3,95.0,5.0,0,0.0,,,
2026-02-25 05:16:14,"Early Morning Workout",52m,"Bicep Curl (Barbell)",Rest Timer,0,0.0,0,120.0,,,
2026-02-25 05:16:14,"Early Morning Workout",52m,"Bicep Curl (Barbell)",4,85.0,5.0,0,0.0,,,
2026-02-25 05:16:14,"Early Morning Workout",52m,"Bicep Curl (Barbell)",Rest Timer,0,0.0,0,120.0,,,
2026-02-25 05:16:14,"Early Morning Workout",52m,"Bicep Curl (Barbell)",5,65.0,11.0,0,0.0,,,
2026-02-25 05:16:14,"Early Morning Workout",52m,"Bicep Curl (Barbell)",Rest Timer,0,0.0,0,120.0,,,
2026-02-25 05:16:14,"Early Morning Workout",52m,"Bicep Curl (Barbell)",6,65.0,11.0,0,0.0,,,
2026-02-25 05:16:14,"Early Morning Workout",52m,"Bicep Curl (Barbell)",Rest Timer,0,0.0,0,120.0,,,
2026-02-25 05:16:14,"Early Morning Workout",52m,"T Bar Row",1,45.0,10.0,0,0.0,"",,
2026-02-25 05:16:14,"Early Morning Workout",52m,"T Bar Row",Rest Timer,0,0.0,0,120.0,,,
2026-02-25 05:16:14,"Early Morning Workout",52m,"T Bar Row",2,70.0,12.0,0,0.0,,,
2026-02-25 05:16:14,"Early Morning Workout",52m,"T Bar Row",Rest Timer,0,0.0,0,120.0,,,
2026-02-25 05:16:14,"Early Morning Workout",52m,"T Bar Row",3,95.0,8.0,0,0.0,,,
2026-02-25 05:16:14,"Early Morning Workout",52m,"T Bar Row",Rest Timer,0,0.0,0,120.0,,,
2026-02-25 05:16:14,"Early Morning Workout",52m,"T Bar Row",4,105.0,7.0,0,0.0,,,
2026-02-25 05:16:14,"Early Morning Workout",52m,"T Bar Row",Rest Timer,0,0.0,0,120.0,,,
2026-02-25 05:16:14,"Early Morning Workout",52m,"T Bar Row",5,115.0,5.0,0,0.0,,,
2026-02-25 05:16:14,"Early Morning Workout",52m,"T Bar Row",Rest Timer,0,0.0,0,120.0,,,
2026-02-25 05:16:14,"Early Morning Workout",52m,"T Bar Row",6,115.0,5.0,0,0.0,,,
2026-02-25 05:16:14,"Early Morning Workout",52m,"T Bar Row",Rest Timer,0,0.0,0,120.0,,,
2026-02-25 05:16:14,"Early Morning Workout",52m,"Hammer Curl (Cable)",1,32.5,8.0,0,0.0,"",,
2026-02-25 05:16:14,"Early Morning Workout",52m,"Hammer Curl (Cable)",Rest Timer,0,0.0,0,120.0,,,
2026-02-25 05:16:14,"Early Morning Workout",52m,"Hammer Curl (Cable)",2,37.5,8.0,0,0.0,,,
2026-02-25 05:16:14,"Early Morning Workout",52m,"Hammer Curl (Cable)",Rest Timer,0,0.0,0,120.0,,,
2026-02-25 05:16:14,"Early Morning Workout",52m,"Hammer Curl (Cable)",3,42.5,10.0,0,0.0,,,
2026-02-25 05:16:14,"Early Morning Workout",52m,"Hammer Curl (Cable)",Rest Timer,0,0.0,0,120.0,,,
2026-02-25 05:16:14,"Early Morning Workout",52m,"Hammer Curl (Cable)",4,47.5,10.0,0,0.0,,,
2026-02-25 05:16:14,"Early Morning Workout",52m,"Hammer Curl (Cable)",Rest Timer,0,0.0,0,120.0,,,
2026-02-25 05:16:14,"Early Morning Workout",52m,"Hammer Curl (Cable)",5,50.0,8.0,0,0.0,,,
2026-02-25 05:16:14,"Early Morning Workout",52m,"Hammer Curl (Cable)",Rest Timer,0,0.0,0,120.0,,,
2026-02-25 05:16:14,"Early Morning Workout",52m,"Pull Up",1,0.0,4.0,0,0.0,"",,
2026-02-25 05:16:14,"Early Morning Workout",52m,"Pull Up",Rest Timer,0,0.0,0,120.0,,,
2026-02-25 05:16:14,"Early Morning Workout",52m,"Pull Up",2,0.0,4.0,0,0.0,,,
2026-02-25 05:16:14,"Early Morning Workout",52m,"Pull Up",Rest Timer,0,0.0,0,120.0,,,
2026-02-25 05:16:14,"Early Morning Workout",52m,"Pull Up",3,0.0,4.0,0,0.0,,,
2026-02-25 05:16:14,"Early Morning Workout",52m,"Pull Up",Rest Timer,0,0.0,0,120.0,,,
2026-02-27 05:28:39,"Early Morning Workout",47m,"Squat (Barbell)",1,135.0,8.0,0,0.0,"","",
2026-02-27 05:28:39,"Early Morning Workout",47m,"Squat (Barbell)",Rest Timer,0,0.0,0,120.0,,,
2026-02-27 05:28:39,"Early Morning Workout",47m,"Squat (Barbell)",2,225.0,6.0,0,0.0,,,
2026-02-27 05:28:39,"Early Morning Workout",47m,"Squat (Barbell)",Rest Timer,0,0.0,0,120.0,,,
2026-02-27 05:28:39,"Early Morning Workout",47m,"Squat (Barbell)",3,235.0,5.0,0,0.0,,,
2026-02-27 05:28:39,"Early Morning Workout",47m,"Squat (Barbell)",Rest Timer,0,0.0,0,120.0,,,
2026-02-27 05:28:39,"Early Morning Workout",47m,"Squat (Barbell)",4,240.0,3.0,0,0.0,,,
2026-02-27 05:28:39,"Early Morning Workout",47m,"Squat (Barbell)",Rest Timer,0,0.0,0,120.0,,,
2026-02-27 05:28:39,"Early Morning Workout",47m,"Squat (Barbell)",5,240.0,3.0,0,0.0,,,
2026-02-27 05:28:39,"Early Morning Workout",47m,"Squat (Barbell)",Rest Timer,0,0.0,0,120.0,,,
2026-02-27 05:28:39,"Early Morning Workout",47m,"Squat (Barbell)",6,240.0,3.0,0,0.0,,,
2026-02-27 05:28:39,"Early Morning Workout",47m,"Squat (Barbell)",Rest Timer,0,0.0,0,120.0,,,
2026-02-27 05:28:39,"Early Morning Workout",47m,"Standing Calf Raise (Dumbbell)",1,0.0,40.0,0,0.0,"",,
2026-02-27 05:28:39,"Early Morning Workout",47m,"Standing Calf Raise (Dumbbell)",Rest Timer,0,0.0,0,120.0,,,
2026-02-27 05:28:39,"Early Morning Workout",47m,"Standing Calf Raise (Dumbbell)",2,0.0,40.0,0,0.0,,,
2026-02-27 05:28:39,"Early Morning Workout",47m,"Standing Calf Raise (Dumbbell)",Rest Timer,0,0.0,0,120.0,,,
2026-02-27 05:28:39,"Early Morning Workout",47m,"Standing Calf Raise (Dumbbell)",3,55.0,28.0,0,0.0,,,
2026-02-27 05:28:39,"Early Morning Workout",47m,"Standing Calf Raise (Dumbbell)",Rest Timer,0,0.0,0,120.0,,,
2026-02-27 05:28:39,"Early Morning Workout",47m,"Standing Calf Raise (Dumbbell)",4,55.0,28.0,0,0.0,,,
2026-02-27 05:28:39,"Early Morning Workout",47m,"Standing Calf Raise (Dumbbell)",Rest Timer,0,0.0,0,120.0,,,
2026-02-27 05:28:39,"Early Morning Workout",47m,"Standing Calf Raise (Dumbbell)",5,55.0,28.0,0,0.0,,,
2026-02-27 05:28:39,"Early Morning Workout",47m,"Standing Calf Raise (Dumbbell)",Rest Timer,0,0.0,0,120.0,,,
2026-02-27 05:28:39,"Early Morning Workout",47m,"Romanian Deadlift (Barbell)",1,135.0,8.0,0,0.0,"",,
2026-02-27 05:28:39,"Early Morning Workout",47m,"Romanian Deadlift (Barbell)",Rest Timer,0,0.0,0,120.0,,,
2026-02-27 05:28:39,"Early Morning Workout",47m,"Romanian Deadlift (Barbell)",2,185.0,6.0,0,0.0,,,
2026-02-27 05:28:39,"Early Morning Workout",47m,"Romanian Deadlift (Barbell)",Rest Timer,0,0.0,0,120.0,,,
2026-02-27 05:28:39,"Early Morning Workout",47m,"Romanian Deadlift (Barbell)",3,185.0,6.0,0,0.0,,,
2026-02-27 05:28:39,"Early Morning Workout",47m,"Romanian Deadlift (Barbell)",Rest Timer,0,0.0,0,120.0,,,
2026-02-27 05:28:39,"Early Morning Workout",47m,"Romanian Deadlift (Barbell)",4,185.0,6.0,0,0.0,,,
2026-02-27 05:28:39,"Early Morning Workout",47m,"Romanian Deadlift (Barbell)",Rest Timer,0,0.0,0,120.0,,,
2026-02-27 05:28:39,"Early Morning Workout",47m,"Leg Extension (Machine)",1,55.0,10.0,0,0.0,"",,
2026-02-27 05:28:39,"Early Morning Workout",47m,"Leg Extension (Machine)",Rest Timer,0,0.0,0,120.0,,,
2026-02-27 05:28:39,"Early Morning Workout",47m,"Leg Extension (Machine)",2,80.0,8.0,0,0.0,,,
2026-02-27 05:28:39,"Early Morning Workout",47m,"Leg Extension (Machine)",Rest Timer,0,0.0,0,120.0,,,
2026-02-27 05:28:39,"Early Morning Workout",47m,"Leg Extension (Machine)",3,80.0,8.0,0,0.0,,,
2026-02-27 05:28:39,"Early Morning Workout",47m,"Leg Extension (Machine)",Rest Timer,0,0.0,0,120.0,,,
2026-02-27 05:28:39,"Early Morning Workout",47m,"Leg Extension (Machine)",4,80.0,8.0,0,0.0,,,
2026-02-27 05:28:39,"Early Morning Workout",47m,"Leg Extension (Machine)",Rest Timer,0,0.0,0,120.0,,,
2026-02-27 05:28:39,"Early Morning Workout",47m,"Step-up",1,0,8.0,0,0.0,"",,
2026-02-27 05:28:39,"Early Morning Workout",47m,"Step-up",Rest Timer,0,0.0,0,120.0,,,
2026-02-27 05:28:39,"Early Morning Workout",47m,"Step-up",2,0,7.0,0,0.0,,,
2026-02-27 05:28:39,"Early Morning Workout",47m,"Step-up",Rest Timer,0,0.0,0,120.0,,,
2026-02-27 05:28:39,"Early Morning Workout",47m,"Step-up",3,0,7.0,0,0.0,,,
2026-02-27 05:28:39,"Early Morning Workout",47m,"Step-up",Rest Timer,0,0.0,0,120.0,,,
2026-02-27 05:28:39,"Early Morning Workout",47m,"Step-up",4,0,7.0,0,0.0,,,
2026-02-27 05:28:39,"Early Morning Workout",47m,"Step-up",Rest Timer,0,0.0,0,120.0,,,
2026-03-01 05:22:30,"Early Morning Workout",57m,"Bench Press (Barbell)",1,135.0,8.0,0,0.0,"","",
2026-03-01 05:22:30,"Early Morning Workout",57m,"Bench Press (Barbell)",Rest Timer,0,0.0,0,120.0,,,
2026-03-01 05:22:30,"Early Morning Workout",57m,"Bench Press (Barbell)",2,205.0,8.0,0,0.0,,,
2026-03-01 05:22:30,"Early Morning Workout",57m,"Bench Press (Barbell)",Rest Timer,0,0.0,0,120.0,,,
2026-03-01 05:22:30,"Early Morning Workout",57m,"Bench Press (Barbell)",3,215.0,6.0,0,0.0,,,
2026-03-01 05:22:30,"Early Morning Workout",57m,"Bench Press (Barbell)",Rest Timer,0,0.0,0,120.0,,,
2026-03-01 05:22:30,"Early Morning Workout",57m,"Bench Press (Barbell)",4,220.0,4.0,0,0.0,,,
2026-03-01 05:22:30,"Early Morning Workout",57m,"Bench Press (Barbell)",Rest Timer,0,0.0,0,120.0,,,
2026-03-01 05:22:30,"Early Morning Workout",57m,"Bench Press (Barbell)",5,220.0,3.0,0,0.0,,,
2026-03-01 05:22:30,"Early Morning Workout",57m,"Bench Press (Barbell)",Rest Timer,0,0.0,0,120.0,,,
2026-03-01 05:22:30,"Early Morning Workout",57m,"Bench Press (Barbell)",6,185.0,3.0,0,0.0,,,
2026-03-01 05:22:30,"Early Morning Workout",57m,"Bench Press (Barbell)",Rest Timer,0,0.0,0,120.0,,,
2026-03-01 05:22:30,"Early Morning Workout",57m,"Skullcrusher (Barbell)",1,65.0,10.0,0,0.0,"",,
2026-03-01 05:22:30,"Early Morning Workout",57m,"Skullcrusher (Barbell)",Rest Timer,0,0.0,0,120.0,,,
2026-03-01 05:22:30,"Early Morning Workout",57m,"Skullcrusher (Barbell)",2,75.0,8.0,0,0.0,,,
2026-03-01 05:22:30,"Early Morning Workout",57m,"Skullcrusher (Barbell)",Rest Timer,0,0.0,0,120.0,,,
2026-03-01 05:22:30,"Early Morning Workout",57m,"Skullcrusher (Barbell)",3,75.0,7.0,0,0.0,,,
2026-03-01 05:22:30,"Early Morning Workout",57m,"Skullcrusher (Barbell)",Rest Timer,0,0.0,0,120.0,,,
2026-03-01 05:22:30,"Early Morning Workout",57m,"Skullcrusher (Barbell)",4,75.0,5.0,0,0.0,,,
2026-03-01 05:22:30,"Early Morning Workout",57m,"Skullcrusher (Barbell)",Rest Timer,0,0.0,0,120.0,,,
2026-03-01 05:22:30,"Early Morning Workout",57m,"Lateral Raise (Dumbbell)",1,15.0,20.0,0,0.0,"",,
2026-03-01 05:22:30,"Early Morning Workout",57m,"Lateral Raise (Dumbbell)",Rest Timer,0,0.0,0,120.0,,,
2026-03-01 05:22:30,"Early Morning Workout",57m,"Lateral Raise (Dumbbell)",2,25.0,12.0,0,0.0,,,
2026-03-01 05:22:30,"Early Morning Workout",57m,"Lateral Raise (Dumbbell)",Rest Timer,0,0.0,0,120.0,,,
2026-03-01 05:22:30,"Early Morning Workout",57m,"Lateral Raise (Dumbbell)",3,25.0,10.0,0,0.0,,,
2026-03-01 05:22:30,"Early Morning Workout",57m,"Lateral Raise (Dumbbell)",Rest Timer,0,0.0,0,120.0,,,
2026-03-01 05:22:30,"Early Morning Workout",57m,"Lateral Raise (Dumbbell)",4,25.0,10.0,0,0.0,,,
2026-03-01 05:22:30,"Early Morning Workout",57m,"Lateral Raise (Dumbbell)",Rest Timer,0,0.0,0,120.0,,,
2026-03-01 05:22:30,"Early Morning Workout",57m,"Push Press",1,95.0,8.0,0,0.0,"",,
2026-03-01 05:22:30,"Early Morning Workout",57m,"Push Press",Rest Timer,0,0.0,0,120.0,,,
2026-03-01 05:22:30,"Early Morning Workout",57m,"Push Press",2,115.0,5.0,0,0.0,,,
2026-03-01 05:22:30,"Early Morning Workout",57m,"Push Press",Rest Timer,0,0.0,0,120.0,,,
2026-03-01 05:22:30,"Early Morning Workout",57m,"Push Press",3,115.0,3.0,0,0.0,,,
2026-03-01 05:22:30,"Early Morning Workout",57m,"Push Press",Rest Timer,0,0.0,0,120.0,,,
2026-03-01 05:22:30,"Early Morning Workout",57m,"Push Press",4,95.0,3.0,0,0.0,,,
2026-03-01 05:22:30,"Early Morning Workout",57m,"Push Press",Rest Timer,0,0.0,0,120.0,,,
2026-03-01 05:22:30,"Early Morning Workout",57m,"Cable Crossover",1,10.0,10.0,0,0.0,"",,
2026-03-01 05:22:30,"Early Morning Workout",57m,"Cable Crossover",Rest Timer,0,0.0,0,120.0,,,
2026-03-01 05:22:30,"Early Morning Workout",57m,"Cable Crossover",2,20.0,8.0,0,0.0,,,
2026-03-01 05:22:30,"Early Morning Workout",57m,"Cable Crossover",Rest Timer,0,0.0,0,120.0,,,
2026-03-01 05:22:30,"Early Morning Workout",57m,"Cable Crossover",3,20.0,6.0,0,0.0,,,
2026-03-01 05:22:30,"Early Morning Workout",57m,"Cable Crossover",Rest Timer,0,0.0,0,120.0,,,
2026-03-01 05:22:30,"Early Morning Workout",57m,"Cable Crossover",4,20.0,6.0,0,0.0,,,
2026-03-01 05:22:30,"Early Morning Workout",57m,"Cable Crossover",Rest Timer,0,0.0,0,120.0,,,
2026-03-03 05:15:38,"Early Morning Workout",52m,"Lat Pulldown (Cable)",1,70.0,14.0,0,0.0,"","",
2026-03-03 05:15:38,"Early Morning Workout",52m,"Lat Pulldown (Cable)",Rest Timer,0,0.0,0,120.0,,,
2026-03-03 05:15:38,"Early Morning Workout",52m,"Lat Pulldown (Cable)",2,90.0,10.0,0,0.0,,,
2026-03-03 05:15:38,"Early Morning Workout",52m,"Lat Pulldown (Cable)",Rest Timer,0,0.0,0,120.0,,,
2026-03-03 05:15:38,"Early Morning Workout",52m,"Lat Pulldown (Cable)",3,100.0,8.0,0,0.0,,,
2026-03-03 05:15:38,"Early Morning Workout",52m,"Lat Pulldown (Cable)",Rest Timer,0,0.0,0,120.0,,,
2026-03-03 05:15:38,"Early Morning Workout",52m,"Lat Pulldown (Cable)",4,110.0,6.0,0,0.0,,,
2026-03-03 05:15:38,"Early Morning Workout",52m,"Lat Pulldown (Cable)",Rest Timer,0,0.0,0,120.0,,,
2026-03-03 05:15:38,"Early Morning Workout",52m,"Lat Pulldown (Cable)",5,112.5,7.0,0,0.0,,,
2026-03-03 05:15:38,"Early Morning Workout",52m,"Lat Pulldown (Cable)",Rest Timer,0,0.0,0,120.0,,,
2026-03-03 05:15:38,"Early Morning Workout",52m,"Lat Pulldown (Cable)",6,112.5,5.0,0,0.0,,,
2026-03-03 05:15:38,"Early Morning Workout",52m,"Lat Pulldown (Cable)",Rest Timer,0,0.0,0,120.0,,,
2026-03-03 05:15:38,"Early Morning Workout",52m,"Hammer Curl (Dumbbell)",1,25.0,12.0,0,0.0,"",,
2026-03-03 05:15:38,"Early Morning Workout",52m,"Hammer Curl (Dumbbell)",Rest Timer,0,0.0,0,120.0,,,
2026-03-03 05:15:38,"Early Morning Workout",52m,"Hammer Curl (Dumbbell)",2,40.0,8.0,0,0.0,,,
2026-03-03 05:15:38,"Early Morning Workout",52m,"Hammer Curl (Dumbbell)",Rest Timer,0,0.0,0,120.0,,,
2026-03-03 05:15:38,"Early Morning Workout",52m,"Hammer Curl (Dumbbell)",3,40.0,8.0,0,0.0,,,
2026-03-03 05:15:38,"Early Morning Workout",52m,"Hammer Curl (Dumbbell)",Rest Timer,0,0.0,0,120.0,,,
2026-03-03 05:15:38,"Early Morning Workout",52m,"Hammer Curl (Dumbbell)",4,40.0,8.0,0,0.0,,,
2026-03-03 05:15:38,"Early Morning Workout",52m,"Hammer Curl (Dumbbell)",Rest Timer,0,0.0,0,120.0,,,
2026-03-03 05:15:38,"Early Morning Workout",52m,"Shrug (Barbell)",1,135.0,14.0,0,0.0,"",,
2026-03-03 05:15:38,"Early Morning Workout",52m,"Shrug (Barbell)",Rest Timer,0,0.0,0,120.0,,,
2026-03-03 05:15:38,"Early Morning Workout",52m,"Shrug (Barbell)",2,155.0,10.0,0,0.0,,,
2026-03-03 05:15:38,"Early Morning Workout",52m,"Shrug (Barbell)",Rest Timer,0,0.0,0,120.0,,,
2026-03-03 05:15:38,"Early Morning Workout",52m,"Shrug (Barbell)",3,155.0,8.0,0,0.0,,,
2026-03-03 05:15:38,"Early Morning Workout",52m,"Shrug (Barbell)",Rest Timer,0,0.0,0,120.0,,,
2026-03-03 05:15:38,"Early Morning Workout",52m,"Shrug (Barbell)",4,155.0,5.0,0,0.0,,,
2026-03-03 05:15:38,"Early Morning Workout",52m,"Shrug (Barbell)",Rest Timer,0,0.0,0,120.0,,,
2026-03-03 05:15:38,"Early Morning Workout",52m,"Shrug (Barbell)",5,135.0,3.0,0,0.0,,,
2026-03-03 05:15:38,"Early Morning Workout",52m,"Shrug (Barbell)",Rest Timer,0,0.0,0,120.0,,,
2026-03-03 05:15:38,"Early Morning Workout",52m,"Bent Over Row (Barbell)",1,135.0,10.0,0,0.0,"",,
2026-03-03 05:15:38,"Early Morning Workout",52m,"Bent Over Row (Barbell)",Rest Timer,0,0.0,0,120.0,,,
2026-03-03 05:15:38,"Early Morning Workout",52m,"Bent Over Row (Barbell)",2,145.0,6.0,0,0.0,,,
2026-03-03 05:15:38,"Early Morning Workout",52m,"Bent Over Row (Barbell)",Rest Timer,0,0.0,0,120.0,,,
2026-03-03 05:15:38,"Early Morning Workout",52m,"Bent Over Row (Barbell)",3,145.0,6.0,0,0.0,,,
2026-03-03 05:15:38,"Early Morning Workout",52m,"Bent Over Row (Barbell)",Rest Timer,0,0.0,0,120.0,,,
2026-03-03 05:15:38,"Early Morning Workout",52m,"Bent Over Row (Barbell)",4,145.0,6.0,0,0.0,,,
2026-03-03 05:15:38,"Early Morning Workout",52m,"Bent Over Row (Barbell)",Rest Timer,0,0.0,0,120.0,,,
2026-03-03 05:15:38,"Early Morning Workout",52m,"Bent Over Row (Barbell)",5,145.0,6.0,0,0.0,,,
2026-03-03 05:15:38,"Early Morning Workout",52m,"Bent Over Row (Barbell)",Rest Timer,0,0.0,0,120.0,,,
2026-03-03 05:15:38,"Early Morning Workout",52m,"Bent Over Row (Barbell)",6,145.0,6.0,0,0.0,,,
2026-03-03 05:15:38,"Early Morning Workout",52m,"Bent Over Row (Barbell)",Rest Timer,0,0.0,0,120.0,,,
2026-03-03 05:15:38,"Early Morning Workout",52m,"Bicep Curl (Barbell)",1,65.0,10.0,0,0.0,"",,
2026-03-03 05:15:38,"Early Morning Workout",52m,"Bicep Curl (Barbell)",Rest Timer,0,0.0,0,120.0,,,
2026-03-03 05:15:38,"Early Morning Workout",52m,"Bicep Curl (Barbell)",2,65.0,10.0,0,0.0,,,
2026-03-03 05:15:38,"Early Morning Workout",52m,"Bicep Curl (Barbell)",Rest Timer,0,0.0,0,120.0,,,
2026-03-03 05:15:38,"Early Morning Workout",52m,"Bicep Curl (Barbell)",3,65.0,10.0,0,0.0,,,
2026-03-03 05:15:38,"Early Morning Workout",52m,"Bicep Curl (Barbell)",Rest Timer,0,0.0,0,120.0,,,
2026-03-03 05:15:38,"Early Morning Workout",52m,"Bicep Curl (Barbell)",4,65.0,10.0,0,0.0,,,
2026-03-03 05:15:38,"Early Morning Workout",52m,"Bicep Curl (Barbell)",Rest Timer,0,0.0,0,120.0,,,
2026-03-03 05:15:38,"Early Morning Workout",52m,"Bicep Curl (Barbell)",5,65.0,10.0,0,0.0,,,
2026-03-03 05:15:38,"Early Morning Workout",52m,"Bicep Curl (Barbell)",Rest Timer,0,0.0,0,120.0,,,
2026-03-03 05:15:38,"Early Morning Workout",52m,"Bicep Curl (Barbell)",6,65.0,10.0,0,0.0,,,
2026-03-03 05:15:38,"Early Morning Workout",52m,"Bicep Curl (Barbell)",Rest Timer,0,0.0,0,120.0,,,
2026-03-05 05:28:11,"Early Morning Workout",54m,"Front Squat (Barbell)",1,135.0,8.0,0,0.0,"","",
2026-03-05 05:28:11,"Early Morning Workout",54m,"Front Squat (Barbell)",Rest Timer,0,0.0,0,120.0,,,
2026-03-05 05:28:11,"Early Morning Workout",54m,"Front Squat (Barbell)",2,165.0,8.0,0,0.0,,,
2026-03-05 05:28:11,"Early Morning Workout",54m,"Front Squat (Barbell)",Rest Timer,0,0.0,0,120.0,,,
2026-03-05 05:28:11,"Early Morning Workout",54m,"Front Squat (Barbell)",3,185.0,6.0,0,0.0,,,
2026-03-05 05:28:11,"Early Morning Workout",54m,"Front Squat (Barbell)",Rest Timer,0,0.0,0,120.0,,,
2026-03-05 05:28:11,"Early Morning Workout",54m,"Front Squat (Barbell)",4,205.0,3.0,0,0.0,,,
2026-03-05 05:28:11,"Early Morning Workout",54m,"Front Squat (Barbell)",Rest Timer,0,0.0,0,120.0,,,
2026-03-05 05:28:11,"Early Morning Workout",54m,"Front Squat (Barbell)",5,205.0,3.0,0,0.0,,,
2026-03-05 05:28:11,"Early Morning Workout",54m,"Front Squat (Barbell)",Rest Timer,0,0.0,0,120.0,,,
2026-03-05 05:28:11,"Early Morning Workout",54m,"Standing Calf Raise (Barbell)",1,0.0,50.0,0,0.0,"",,
2026-03-05 05:28:11,"Early Morning Workout",54m,"Standing Calf Raise (Barbell)",Rest Timer,0,0.0,0,120.0,,,
2026-03-05 05:28:11,"Early Morning Workout",54m,"Standing Calf Raise (Barbell)",2,0.0,50.0,0,0.0,,,
2026-03-05 05:28:11,"Early Morning Workout",54m,"Standing Calf Raise (Barbell)",Rest Timer,0,0.0,0,120.0,,,
2026-03-05 05:28:11,"Early Morning Workout",54m,"Standing Calf Raise (Barbell)",3,0.0,50.0,0,0.0,,,
2026-03-05 05:28:11,"Early Morning Workout",54m,"Standing Calf Raise (Barbell)",Rest Timer,0,0.0,0,120.0,,,
2026-03-05 05:28:11,"Early Morning Workout",54m,"Standing Calf Raise (Barbell)",4,0.0,50.0,0,0.0,,,
2026-03-05 05:28:11,"Early Morning Workout",54m,"Standing Calf Raise (Barbell)",Rest Timer,0,0.0,0,120.0,,,
2026-03-05 05:28:11,"Early Morning Workout",54m,"Lying Leg Curl (Machine)",1,25.0,10.0,0,0.0,"",,
2026-03-05 05:28:11,"Early Morning Workout",54m,"Lying Leg Curl (Machine)",Rest Timer,0,0.0,0,120.0,,,
2026-03-05 05:28:11,"Early Morning Workout",54m,"Lying Leg Curl (Machine)",2,35.0,10.0,0,0.0,,,
2026-03-05 05:28:11,"Early Morning Workout",54m,"Lying Leg Curl (Machine)",Rest Timer,0,0.0,0,120.0,,,
2026-03-05 05:28:11,"Early Morning Workout",54m,"Lying Leg Curl (Machine)",3,45.0,5.0,0,0.0,,,
2026-03-05 05:28:11,"Early Morning Workout",54m,"Lying Leg Curl (Machine)",Rest Timer,0,0.0,0,120.0,,,
2026-03-05 05:28:11,"Early Morning Workout",54m,"Lying Leg Curl (Machine)",4,45.0,5.0,0,0.0,,,
2026-03-05 05:28:11,"Early Morning Workout",54m,"Lying Leg Curl (Machine)",Rest Timer,0,0.0,0,120.0,,,
2026-03-05 05:28:11,"Early Morning Workout",54m,"Lunge (Dumbbell)",1,50.0,8.0,0,0.0,"",,
2026-03-05 05:28:11,"Early Morning Workout",54m,"Lunge (Dumbbell)",Rest Timer,0,0.0,0,120.0,,,
2026-03-05 05:28:11,"Early Morning Workout",54m,"Lunge (Dumbbell)",2,50.0,8.0,0,0.0,,,
2026-03-05 05:28:11,"Early Morning Workout",54m,"Lunge (Dumbbell)",Rest Timer,0,0.0,0,120.0,,,
2026-03-05 05:28:11,"Early Morning Workout",54m,"Lunge (Dumbbell)",3,50.0,8.0,0,0.0,,,
2026-03-05 05:28:11,"Early Morning Workout",54m,"Lunge (Dumbbell)",Rest Timer,0,0.0,0,120.0,,,
2026-03-09 05:26:54,"Early Morning Workout",1h 1m,"Lat Pulldown (Cable)",1,70.0,14.0,0,0.0,"","",
2026-03-09 05:26:54,"Early Morning Workout",1h 1m,"Lat Pulldown (Cable)",Rest Timer,0,0.0,0,120.0,,,
2026-03-09 05:26:54,"Early Morning Workout",1h 1m,"Lat Pulldown (Cable)",2,95.0,10.0,0,0.0,,,
2026-03-09 05:26:54,"Early Morning Workout",1h 1m,"Lat Pulldown (Cable)",Rest Timer,0,0.0,0,120.0,,,
2026-03-09 05:26:54,"Early Morning Workout",1h 1m,"Lat Pulldown (Cable)",3,105.0,10.0,0,0.0,,,
2026-03-09 05:26:54,"Early Morning Workout",1h 1m,"Lat Pulldown (Cable)",Rest Timer,0,0.0,0,120.0,,,
2026-03-09 05:26:54,"Early Morning Workout",1h 1m,"Lat Pulldown (Cable)",4,110.0,7.0,0,0.0,,,
2026-03-09 05:26:54,"Early Morning Workout",1h 1m,"Lat Pulldown (Cable)",Rest Timer,0,0.0,0,120.0,,,
2026-03-09 05:26:54,"Early Morning Workout",1h 1m,"Lat Pulldown (Cable)",5,115.0,6.0,0,0.0,,,
2026-03-09 05:26:54,"Early Morning Workout",1h 1m,"Lat Pulldown (Cable)",Rest Timer,0,0.0,0,120.0,,,
2026-03-09 05:26:54,"Early Morning Workout",1h 1m,"Lat Pulldown (Cable)",6,117.5,3.0,0,0.0,,,
2026-03-09 05:26:54,"Early Morning Workout",1h 1m,"Lat Pulldown (Cable)",Rest Timer,0,0.0,0,120.0,,,
2026-03-09 05:26:54,"Early Morning Workout",1h 1m,"Bicep Curl (Dumbbell)",1,25.0,10.0,0,0.0,"",,
2026-03-09 05:26:54,"Early Morning Workout",1h 1m,"Bicep Curl (Dumbbell)",Rest Timer,0,0.0,0,120.0,,,
2026-03-09 05:26:54,"Early Morning Workout",1h 1m,"Bicep Curl (Dumbbell)",2,30.0,8.0,0,0.0,,,
2026-03-09 05:26:54,"Early Morning Workout",1h 1m,"Bicep Curl (Dumbbell)",Rest Timer,0,0.0,0,120.0,,,
2026-03-09 05:26:54,"Early Morning Workout",1h 1m,"Bicep Curl (Dumbbell)",3,35.0,8.0,0,0.0,,,
2026-03-09 05:26:54,"Early Morning Workout",1h 1m,"Bicep Curl (Dumbbell)",Rest Timer,0,0.0,0,120.0,,,
2026-03-09 05:26:54,"Early Morning Workout",1h 1m,"Bicep Curl (Dumbbell)",4,35.0,8.0,0,0.0,,,
2026-03-09 05:26:54,"Early Morning Workout",1h 1m,"Bicep Curl (Dumbbell)",Rest Timer,0,0.0,0,120.0,,,
2026-03-09 05:26:54,"Early Morning Workout",1h 1m,"Pull Up",1,0.0,6.0,0,0.0,"",,
2026-03-09 05:26:54,"Early Morning Workout",1h 1m,"Pull Up",Rest Timer,0,0.0,0,120.0,,,
2026-03-09 05:26:54,"Early Morning Workout",1h 1m,"Pull Up",2,0.0,5.0,0,0.0,,,
2026-03-09 05:26:54,"Early Morning Workout",1h 1m,"Pull Up",Rest Timer,0,0.0,0,120.0,,,
2026-03-09 05:26:54,"Early Morning Workout",1h 1m,"Pull Up",3,0.0,4.0,0,0.0,,,
2026-03-09 05:26:54,"Early Morning Workout",1h 1m,"Pull Up",Rest Timer,0,0.0,0,120.0,,,
2026-03-09 05:26:54,"Early Morning Workout",1h 1m,"Pull Up",4,0.0,2.0,0,0.0,,,
2026-03-09 05:26:54,"Early Morning Workout",1h 1m,"Pull Up",Rest Timer,0,0.0,0,120.0,,,
2026-03-09 05:26:54,"Early Morning Workout",1h 1m,"Hammer Curl (Cable)",1,35.0,10.0,0,0.0,"",,
2026-03-09 05:26:54,"Early Morning Workout",1h 1m,"Hammer Curl (Cable)",Rest Timer,0,0.0,0,120.0,,,
2026-03-09 05:26:54,"Early Morning Workout",1h 1m,"Hammer Curl (Cable)",2,45.0,10.0,0,0.0,,,
2026-03-09 05:26:54,"Early Morning Workout",1h 1m,"Hammer Curl (Cable)",Rest Timer,0,0.0,0,120.0,,,
2026-03-09 05:26:54,"Early Morning Workout",1h 1m,"Hammer Curl (Cable)",3,55.0,8.0,0,0.0,,,
2026-03-09 05:26:54,"Early Morning Workout",1h 1m,"Hammer Curl (Cable)",Rest Timer,0,0.0,0,120.0,,,
2026-03-09 05:26:54,"Early Morning Workout",1h 1m,"Hammer Curl (Cable)",4,55.0,8.0,0,0.0,,,
2026-03-09 05:26:54,"Early Morning Workout",1h 1m,"Hammer Curl (Cable)",Rest Timer,0,0.0,0,120.0,,,
2026-03-09 05:26:54,"Early Morning Workout",1h 1m,"Hammer Curl (Cable)",5,65.0,3.0,0,0.0,,,
2026-03-09 05:26:54,"Early Morning Workout",1h 1m,"Hammer Curl (Cable)",Rest Timer,0,0.0,0,120.0,,,
2026-03-09 05:26:54,"Early Morning Workout",1h 1m,"Upright Row (Cable)",1,55.0,10.0,0,0.0,"",,
2026-03-09 05:26:54,"Early Morning Workout",1h 1m,"Upright Row (Cable)",Rest Timer,0,0.0,0,120.0,,,
2026-03-09 05:26:54,"Early Morning Workout",1h 1m,"Upright Row (Cable)",2,55.0,10.0,0,0.0,,,
2026-03-09 05:26:54,"Early Morning Workout",1h 1m,"Upright Row (Cable)",Rest Timer,0,0.0,0,120.0,,,
2026-03-09 05:26:54,"Early Morning Workout",1h 1m,"Upright Row (Cable)",3,65.0,10.0,0,0.0,,,
2026-03-09 05:26:54,"Early Morning Workout",1h 1m,"Upright Row (Cable)",Rest Timer,0,0.0,0,120.0,,,
2026-03-10 05:14:06,"Early Morning Workout",47m,"Sumo Deadlift (Barbell)",1,135.0,10.0,0,0.0,"","",
2026-03-10 05:14:06,"Early Morning Workout",47m,"Sumo Deadlift (Barbell)",Rest Timer,0,0.0,0,120.0,,,
2026-03-10 05:14:06,"Early Morning Workout",47m,"Sumo Deadlift (Barbell)",2,185.0,10.0,0,0.0,,,
2026-03-10 05:14:06,"Early Morning Workout",47m,"Sumo Deadlift (Barbell)",Rest Timer,0,0.0,0,120.0,,,
2026-03-10 05:14:06,"Early Morning Workout",47m,"Sumo Deadlift (Barbell)",3,205.0,7.0,0,0.0,,,
2026-03-10 05:14:06,"Early Morning Workout",47m,"Sumo Deadlift (Barbell)",Rest Timer,0,0.0,0,120.0,,,
2026-03-10 05:14:06,"Early Morning Workout",47m,"Sumo Deadlift (Barbell)",4,205.0,7.0,0,0.0,,,
2026-03-10 05:14:06,"Early Morning Workout",47m,"Sumo Deadlift (Barbell)",Rest Timer,0,0.0,0,120.0,,,
2026-03-10 05:14:06,"Early Morning Workout",47m,"Sumo Deadlift (Barbell)",5,205.0,7.0,0,0.0,,,
2026-03-10 05:14:06,"Early Morning Workout",47m,"Sumo Deadlift (Barbell)",Rest Timer,0,0.0,0,120.0,,,
2026-03-10 05:14:06,"Early Morning Workout",47m,"Sumo Deadlift (Barbell)",6,205.0,5.0,0,0.0,,,
2026-03-10 05:14:06,"Early Morning Workout",47m,"Sumo Deadlift (Barbell)",Rest Timer,0,0.0,0,120.0,,,
2026-03-10 05:14:06,"Early Morning Workout",47m,"Standing Calf Raise (Barbell)",1,0.0,50.0,0,0.0,"",,
2026-03-10 05:14:06,"Early Morning Workout",47m,"Standing Calf Raise (Barbell)",Rest Timer,0,0.0,0,120.0,,,
2026-03-10 05:14:06,"Early Morning Workout",47m,"Standing Calf Raise (Barbell)",2,0.0,50.0,0,0.0,,,
2026-03-10 05:14:06,"Early Morning Workout",47m,"Standing Calf Raise (Barbell)",Rest Timer,0,0.0,0,120.0,,,
2026-03-10 05:14:06,"Early Morning Workout",47m,"Standing Calf Raise (Barbell)",3,55.0,35.0,0,0.0,,,
2026-03-10 05:14:06,"Early Morning Workout",47m,"Standing Calf Raise (Barbell)",Rest Timer,0,0.0,0,120.0,,,
2026-03-10 05:14:06,"Early Morning Workout",47m,"Standing Calf Raise (Barbell)",4,55.0,32.0,0,0.0,,,
2026-03-10 05:14:06,"Early Morning Workout",47m,"Standing Calf Raise (Barbell)",Rest Timer,0,0.0,0,120.0,,,
2026-03-10 05:14:06,"Early Morning Workout",47m,"Lunge (Barbell)",1,95.0,6.0,0,0.0,"",,
2026-03-10 05:14:06,"Early Morning Workout",47m,"Lunge (Barbell)",Rest Timer,0,0.0,0,120.0,,,
2026-03-10 05:14:06,"Early Morning Workout",47m,"Lunge (Barbell)",2,105.0,6.0,0,0.0,,,
2026-03-10 05:14:06,"Early Morning Workout",47m,"Lunge (Barbell)",Rest Timer,0,0.0,0,120.0,,,
2026-03-10 05:14:06,"Early Morning Workout",47m,"Lunge (Barbell)",3,115.0,8.0,0,0.0,,,
2026-03-10 05:14:06,"Early Morning Workout",47m,"Lunge (Barbell)",Rest Timer,0,0.0,0,120.0,,,
2026-03-10 05:14:06,"Early Morning Workout",47m,"Lunge (Barbell)",4,135.0,6.0,0,0.0,,,
2026-03-10 05:14:06,"Early Morning Workout",47m,"Lunge (Barbell)",Rest Timer,0,0.0,0,120.0,,,
2026-03-10 05:14:06,"Early Morning Workout",47m,"Lunge (Barbell)",5,135.0,7.0,0,0.0,,,
2026-03-10 05:14:06,"Early Morning Workout",47m,"Lunge (Barbell)",Rest Timer,0,0.0,0,120.0,,,
2026-03-12 05:18:44,"Early Morning Workout",46m,"Bench Press (Barbell)",1,135.0,8.0,0,0.0,"","",
2026-03-12 05:18:44,"Early Morning Workout",46m,"Bench Press (Barbell)",Rest Timer,0,0.0,0,120.0,,,
2026-03-12 05:18:44,"Early Morning Workout",46m,"Bench Press (Barbell)",2,205.0,8.0,0,0.0,,,
2026-03-12 05:18:44,"Early Morning Workout",46m,"Bench Press (Barbell)",Rest Timer,0,0.0,0,120.0,,,
2026-03-12 05:18:44,"Early Morning Workout",46m,"Bench Press (Barbell)",3,215.0,6.0,0,0.0,,,
2026-03-12 05:18:44,"Early Morning Workout",46m,"Bench Press (Barbell)",Rest Timer,0,0.0,0,120.0,,,
2026-03-12 05:18:44,"Early Morning Workout",46m,"Bench Press (Barbell)",4,225.0,3.0,0,0.0,,,
2026-03-12 05:18:44,"Early Morning Workout",46m,"Bench Press (Barbell)",Rest Timer,0,0.0,0,120.0,,,
2026-03-12 05:18:44,"Early Morning Workout",46m,"Bench Press (Barbell)",5,225.0,3.0,0,0.0,,,
2026-03-12 05:18:44,"Early Morning Workout",46m,"Bench Press (Barbell)",Rest Timer,0,0.0,0,120.0,,,
2026-03-12 05:18:44,"Early Morning Workout",46m,"Bench Press (Barbell)",6,205.0,8.0,0,0.0,,,
2026-03-12 05:18:44,"Early Morning Workout",46m,"Bench Press (Barbell)",Rest Timer,0,0.0,0,120.0,,,
2026-03-12 05:18:44,"Early Morning Workout",46m,"Triceps Extension",1,45.0,10.0,0,0.0,"",,
2026-03-12 05:18:44,"Early Morning Workout",46m,"Triceps Extension",Rest Timer,0,0.0,0,120.0,,,
2026-03-12 05:18:44,"Early Morning Workout",46m,"Triceps Extension",2,55.0,10.0,0,0.0,,,
2026-03-12 05:18:44,"Early Morning Workout",46m,"Triceps Extension",Rest Timer,0,0.0,0,120.0,,,
2026-03-12 05:18:44,"Early Morning Workout",46m,"Triceps Extension",3,65.0,5.0,0,0.0,,,
2026-03-12 05:18:44,"Early Morning Workout",46m,"Triceps Extension",Rest Timer,0,0.0,0,120.0,,,
2026-03-12 05:18:44,"Early Morning Workout",46m,"Triceps Extension",4,65.0,5.0,0,0.0,,,
2026-03-12 05:18:44,"Early Morning Workout",46m,"Triceps Extension",Rest Timer,0,0.0,0,120.0,,,
2026-03-12 05:18:44,"Early Morning Workout",46m,"Triceps Extension",5,65.0,5.0,0,0.0,,,
2026-03-12 05:18:44,"Early Morning Workout",46m,"Triceps Extension",Rest Timer,0,0.0,0,120.0,,,
2026-03-12 05:18:44,"Early Morning Workout",46m,"Lateral Raise (Dumbbell)",1,15.0,24.0,0,0.0,"",,
2026-03-12 05:18:44,"Early Morning Workout",46m,"Lateral Raise (Dumbbell)",Rest Timer,0,0.0,0,120.0,,,
2026-03-12 05:18:44,"Early Morning Workout",46m,"Lateral Raise (Dumbbell)",2,25.0,14.0,0,0.0,,,
2026-03-12 05:18:44,"Early Morning Workout",46m,"Lateral Raise (Dumbbell)",Rest Timer,0,0.0,0,120.0,,,
2026-03-12 05:18:44,"Early Morning Workout",46m,"Lateral Raise (Dumbbell)",3,25.0,11.0,0,0.0,,,
2026-03-12 05:18:44,"Early Morning Workout",46m,"Lateral Raise (Dumbbell)",Rest Timer,0,0.0,0,120.0,,,
2026-03-12 05:18:44,"Early Morning Workout",46m,"Lateral Raise (Dumbbell)",4,25.0,8.0,0,0.0,,,
2026-03-12 05:18:44,"Early Morning Workout",46m,"Lateral Raise (Dumbbell)",Rest Timer,0,0.0,0,120.0,,,
2026-03-12 05:18:44,"Early Morning Workout",46m,"Chest Dip",1,0.0,10.0,0,0.0,"",,
2026-03-12 05:18:44,"Early Morning Workout",46m,"Chest Dip",Rest Timer,0,0.0,0,120.0,,,
2026-03-12 05:18:44,"Early Morning Workout",46m,"Chest Dip",2,0.0,10.0,0,0.0,,,
2026-03-12 05:18:44,"Early Morning Workout",46m,"Chest Dip",Rest Timer,0,0.0,0,120.0,,,
2026-03-12 05:18:44,"Early Morning Workout",46m,"Chest Dip",3,0.0,8.0,0,0.0,,,
2026-03-12 05:18:44,"Early Morning Workout",46m,"Chest Dip",Rest Timer,0,0.0,0,120.0,,,
2026-03-15 05:16:19,"Early Morning Workout",43m,"Squat (Barbell)",1,135.0,8.0,0,0.0,"","",
2026-03-15 05:16:19,"Early Morning Workout",43m,"Squat (Barbell)",Rest Timer,0,0.0,0,120.0,,,
2026-03-15 05:16:19,"Early Morning Workout",43m,"Squat (Barbell)",2,225.0,6.0,0,0.0,,,
2026-03-15 05:16:19,"Early Morning Workout",43m,"Squat (Barbell)",Rest Timer,0,0.0,0,120.0,,,
2026-03-15 05:16:19,"Early Morning Workout",43m,"Squat (Barbell)",3,245.0,5.0,0,0.0,,,
2026-03-15 05:16:19,"Early Morning Workout",43m,"Squat (Barbell)",Rest Timer,0,0.0,0,120.0,,,
2026-03-15 05:16:19,"Early Morning Workout",43m,"Squat (Barbell)",4,245.0,3.0,0,0.0,,,
2026-03-15 05:16:19,"Early Morning Workout",43m,"Squat (Barbell)",Rest Timer,0,0.0,0,120.0,,,
2026-03-15 05:16:19,"Early Morning Workout",43m,"Squat (Barbell)",5,225.0,5.0,0,0.0,,,
2026-03-15 05:16:19,"Early Morning Workout",43m,"Squat (Barbell)",Rest Timer,0,0.0,0,120.0,,,
2026-03-15 05:16:19,"Early Morning Workout",43m,"Squat (Barbell)",6,225.0,2.0,0,0.0,,,
2026-03-15 05:16:19,"Early Morning Workout",43m,"Squat (Barbell)",Rest Timer,0,0.0,0,120.0,,,
2026-03-15 05:16:19,"Early Morning Workout",43m,"Romanian Deadlift (Barbell)",1,135.0,8.0,0,0.0,"",,
2026-03-15 05:16:19,"Early Morning Workout",43m,"Romanian Deadlift (Barbell)",Rest Timer,0,0.0,0,120.0,,,
2026-03-15 05:16:19,"Early Morning Workout",43m,"Romanian Deadlift (Barbell)",2,185.0,7.0,0,0.0,,,
2026-03-15 05:16:19,"Early Morning Workout",43m,"Romanian Deadlift (Barbell)",Rest Timer,0,0.0,0,120.0,,,
2026-03-15 05:16:19,"Early Morning Workout",43m,"Romanian Deadlift (Barbell)",3,205.0,5.0,0,0.0,,,
2026-03-15 05:16:19,"Early Morning Workout",43m,"Romanian Deadlift (Barbell)",Rest Timer,0,0.0,0,120.0,,,
2026-03-15 05:16:19,"Early Morning Workout",43m,"Romanian Deadlift (Barbell)",4,205.0,6.0,0,0.0,,,
2026-03-15 05:16:19,"Early Morning Workout",43m,"Romanian Deadlift (Barbell)",Rest Timer,0,0.0,0,120.0,,,
2026-03-15 05:16:19,"Early Morning Workout",43m,"Standing Calf Raise (Barbell)",1,0.0,60.0,0,0.0,"",,
2026-03-15 05:16:19,"Early Morning Workout",43m,"Standing Calf Raise (Barbell)",Rest Timer,0,0.0,0,120.0,,,
2026-03-15 05:16:19,"Early Morning Workout",43m,"Standing Calf Raise (Barbell)",2,0.0,60.0,0,0.0,,,
2026-03-15 05:16:19,"Early Morning Workout",43m,"Standing Calf Raise (Barbell)",Rest Timer,0,0.0,0,120.0,,,
2026-03-15 05:16:19,"Early Morning Workout",43m,"Standing Calf Raise (Barbell)",3,0.0,45.0,0,0.0,,,
2026-03-15 05:16:19,"Early Morning Workout",43m,"Standing Calf Raise (Barbell)",Rest Timer,0,0.0,0,120.0,,,
2026-03-15 05:16:19,"Early Morning Workout",43m,"Standing Calf Raise (Barbell)",4,0.0,45.0,0,0.0,,,
2026-03-15 05:16:19,"Early Morning Workout",43m,"Standing Calf Raise (Barbell)",Rest Timer,0,0.0,0,120.0,,,
2026-03-15 05:16:19,"Early Morning Workout",43m,"Lunge (Barbell)",1,95.0,6.0,0,0.0,"",,
2026-03-15 05:16:19,"Early Morning Workout",43m,"Lunge (Barbell)",Rest Timer,0,0.0,0,120.0,,,
2026-03-15 05:16:19,"Early Morning Workout",43m,"Lunge (Barbell)",2,105.0,6.0,0,0.0,,,
2026-03-15 05:16:19,"Early Morning Workout",43m,"Lunge (Barbell)",Rest Timer,0,0.0,0,120.0,,,
2026-03-15 05:16:19,"Early Morning Workout",43m,"Lunge (Barbell)",3,115.0,8.0,0,0.0,,,
2026-03-15 05:16:19,"Early Morning Workout",43m,"Lunge (Barbell)",Rest Timer,0,0.0,0,120.0,,,
2026-03-15 05:16:19,"Early Morning Workout",43m,"Lunge (Barbell)",4,135.0,6.0,0,0.0,,,
2026-03-15 05:16:19,"Early Morning Workout",43m,"Lunge (Barbell)",Rest Timer,0,0.0,0,120.0,,,
2026-03-15 05:16:19,"Early Morning Workout",43m,"Lunge (Barbell)",5,135.0,7.0,0,0.0,,,
2026-03-15 05:16:19,"Early Morning Workout",43m,"Lunge (Barbell)",Rest Timer,0,0.0,0,120.0,,,
2026-03-16 05:22:54,"Early Morning Workout",42m,"Bicep Curl (Barbell)",1,65.0,10.0,0,0.0,"","",
2026-03-16 05:22:54,"Early Morning Workout",42m,"Bicep Curl (Barbell)",Rest Timer,0,0.0,0,120.0,,,
2026-03-16 05:22:54,"Early Morning Workout",42m,"Bicep Curl (Barbell)",2,85.0,8.0,0,0.0,,,
2026-03-16 05:22:54,"Early Morning Workout",42m,"Bicep Curl (Barbell)",Rest Timer,0,0.0,0,120.0,,,
2026-03-16 05:22:54,"Early Morning Workout",42m,"Bicep Curl (Barbell)",3,95.0,5.0,0,0.0,,,
2026-03-16 05:22:54,"Early Morning Workout",42m,"Bicep Curl (Barbell)",Rest Timer,0,0.0,0,120.0,,,
2026-03-16 05:22:54,"Early Morning Workout",42m,"Bicep Curl (Barbell)",4,95.0,5.0,0,0.0,,,
2026-03-16 05:22:54,"Early Morning Workout",42m,"Bicep Curl (Barbell)",Rest Timer,0,0.0,0,120.0,,,
2026-03-16 05:22:54,"Early Morning Workout",42m,"Bicep Curl (Barbell)",5,95.0,5.0,0,0.0,,,
2026-03-16 05:22:54,"Early Morning Workout",42m,"Bicep Curl (Barbell)",Rest Timer,0,0.0,0,120.0,,,
2026-03-16 05:22:54,"Early Morning Workout",42m,"Bicep Curl (Barbell)",6,85.0,5.0,0,0.0,,,
2026-03-16 05:22:54,"Early Morning Workout",42m,"Bicep Curl (Barbell)",Rest Timer,0,0.0,0,120.0,,,
2026-03-16 05:22:54,"Early Morning Workout",42m,"T Bar Row",1,45.0,10.0,0,0.0,"",,
2026-03-16 05:22:54,"Early Morning Workout",42m,"T Bar Row",Rest Timer,0,0.0,0,120.0,,,
2026-03-16 05:22:54,"Early Morning Workout",42m,"T Bar Row",2,70.0,8.0,0,0.0,,,
2026-03-16 05:22:54,"Early Morning Workout",42m,"T Bar Row",Rest Timer,0,0.0,0,120.0,,,
2026-03-16 05:22:54,"Early Morning Workout",42m,"T Bar Row",3,95.0,5.0,0,0.0,,,
2026-03-16 05:22:54,"Early Morning Workout",42m,"T Bar Row",Rest Timer,0,0.0,0,120.0,,,
2026-03-16 05:22:54,"Early Morning Workout",42m,"T Bar Row",4,105.0,8.0,0,0.0,,,
2026-03-16 05:22:54,"Early Morning Workout",42m,"T Bar Row",Rest Timer,0,0.0,0,120.0,,,
2026-03-16 05:22:54,"Early Morning Workout",42m,"T Bar Row",5,105.0,6.0,0,0.0,,,
2026-03-16 05:22:54,"Early Morning Workout",42m,"T Bar Row",Rest Timer,0,0.0,0,120.0,,,
2026-03-16 05:22:54,"Early Morning Workout",42m,"T Bar Row",6,105.0,6.0,0,0.0,,,
2026-03-16 05:22:54,"Early Morning Workout",42m,"T Bar Row",Rest Timer,0,0.0,0,120.0,,,
2026-03-16 05:22:54,"Early Morning Workout",42m,"Shrug (Barbell)",1,135.0,10.0,0,0.0,"",,
2026-03-16 05:22:54,"Early Morning Workout",42m,"Shrug (Barbell)",Rest Timer,0,0.0,0,120.0,,,
2026-03-16 05:22:54,"Early Morning Workout",42m,"Shrug (Barbell)",2,185.0,5.0,0,0.0,,,
2026-03-16 05:22:54,"Early Morning Workout",42m,"Shrug (Barbell)",Rest Timer,0,0.0,0,120.0,,,
2026-03-16 05:22:54,"Early Morning Workout",42m,"Shrug (Barbell)",3,185.0,5.0,0,0.0,,,
2026-03-16 05:22:54,"Early Morning Workout",42m,"Shrug (Barbell)",Rest Timer,0,0.0,0,120.0,,,
2026-03-16 05:22:54,"Early Morning Workout",42m,"Shrug (Barbell)",4,185.0,5.0,0,0.0,,,
2026-03-16 05:22:54,"Early Morning Workout",42m,"Shrug (Barbell)",Rest Timer,0,0.0,0,120.0,,,
2026-03-16 05:22:54,"Early Morning Workout",42m,"Shrug (Barbell)",5,185.0,5.0,0,0.0,,,
2026-03-16 05:22:54,"Early Morning Workout",42m,"Shrug (Barbell)",Rest Timer,0,0.0,0,120.0,,,
2026-03-16 05:22:54,"Early Morning Workout",42m,"Hammer Curl (Dumbbell)",1,40.0,10.0,0,0.0,"",,
2026-03-16 05:22:54,"Early Morning Workout",42m,"Hammer Curl (Dumbbell)",Rest Timer,0,0.0,0,120.0,,,
2026-03-16 05:22:54,"Early Morning Workout",42m,"Hammer Curl (Dumbbell)",2,40.0,8.0,0,0.0,,,
2026-03-16 05:22:54,"Early Morning Workout",42m,"Hammer Curl (Dumbbell)",Rest Timer,0,0.0,0,120.0,,,
2026-03-16 05:22:54,"Early Morning Workout",42m,"Hammer Curl (Dumbbell)",3,40.0,8.0,0,0.0,,,
2026-03-16 05:22:54,"Early Morning Workout",42m,"Hammer Curl (Dumbbell)",Rest Timer,0,0.0,0,120.0,,,
2026-03-16 05:22:54,"Early Morning Workout",42m,"Hammer Curl (Dumbbell)",4,40.0,8.0,0,0.0,,,
2026-03-16 05:22:54,"Early Morning Workout",42m,"Hammer Curl (Dumbbell)",Rest Timer,0,0.0,0,120.0,,,
2026-03-16 05:22:54,"Early Morning Workout",42m,"Pull Up",1,0.0,6.0,0,0.0,"",,
2026-03-16 05:22:54,"Early Morning Workout",42m,"Pull Up",Rest Timer,0,0.0,0,120.0,,,
2026-03-16 05:22:54,"Early Morning Workout",42m,"Pull Up",2,0.0,5.0,0,0.0,,,
2026-03-16 05:22:54,"Early Morning Workout",42m,"Pull Up",Rest Timer,0,0.0,0,120.0,,,
2026-03-16 05:22:54,"Early Morning Workout",42m,"Pull Up",3,0.0,4.0,0,0.0,,,
2026-03-16 05:22:54,"Early Morning Workout",42m,"Pull Up",Rest Timer,0,0.0,0,120.0,,,
2026-03-16 05:22:54,"Early Morning Workout",42m,"Pull Up",4,0.0,2.0,0,0.0,,,
2026-03-16 05:22:54,"Early Morning Workout",42m,"Pull Up",Rest Timer,0,0.0,0,120.0,,,
2026-03-18 05:20:16,"Early Morning Workout",48m,"Push Press",1,95.0,8.0,0,0.0,"","",
2026-03-18 05:20:16,"Early Morning Workout",48m,"Push Press",Rest Timer,0,0.0,0,120.0,,,
2026-03-18 05:20:16,"Early Morning Workout",48m,"Push Press",2,115.0,7.0,0,0.0,,,
2026-03-18 05:20:16,"Early Morning Workout",48m,"Push Press",Rest Timer,0,0.0,0,120.0,,,
2026-03-18 05:20:16,"Early Morning Workout",48m,"Push Press",3,115.0,6.0,0,0.0,,,
2026-03-18 05:20:16,"Early Morning Workout",48m,"Push Press",Rest Timer,0,0.0,0,120.0,,,
2026-03-18 05:20:16,"Early Morning Workout",48m,"Push Press",4,115.0,5.0,0,0.0,,,
2026-03-18 05:20:16,"Early Morning Workout",48m,"Push Press",Rest Timer,0,0.0,0,120.0,,,
2026-03-18 05:20:16,"Early Morning Workout",48m,"Push Press",5,115.0,5.0,0,0.0,,,
2026-03-18 05:20:16,"Early Morning Workout",48m,"Push Press",Rest Timer,0,0.0,0,120.0,,,
2026-03-18 05:20:16,"Early Morning Workout",48m,"Skullcrusher (Barbell)",1,45.0,12.0,0,0.0,"",,
2026-03-18 05:20:16,"Early Morning Workout",48m,"Skullcrusher (Barbell)",Rest Timer,0,0.0,0,120.0,,,
2026-03-18 05:20:16,"Early Morning Workout",48m,"Skullcrusher (Barbell)",2,85.0,6.0,0,0.0,,,
2026-03-18 05:20:16,"Early Morning Workout",48m,"Skullcrusher (Barbell)",Rest Timer,0,0.0,0,120.0,,,
2026-03-18 05:20:16,"Early Morning Workout",48m,"Skullcrusher (Barbell)",3,85.0,6.0,0,0.0,,,
2026-03-18 05:20:16,"Early Morning Workout",48m,"Skullcrusher (Barbell)",Rest Timer,0,0.0,0,120.0,,,
2026-03-18 05:20:16,"Early Morning Workout",48m,"Skullcrusher (Barbell)",4,85.0,8.0,0,0.0,,,
2026-03-18 05:20:16,"Early Morning Workout",48m,"Skullcrusher (Barbell)",Rest Timer,0,0.0,0,120.0,,,
2026-03-18 05:20:16,"Early Morning Workout",48m,"Lateral Raise (Dumbbell)",1,15.0,22.0,0,0.0,"",,
2026-03-18 05:20:16,"Early Morning Workout",48m,"Lateral Raise (Dumbbell)",Rest Timer,0,0.0,0,120.0,,,
2026-03-18 05:20:16,"Early Morning Workout",48m,"Lateral Raise (Dumbbell)",2,15.0,20.0,0,0.0,,,
2026-03-18 05:20:16,"Early Morning Workout",48m,"Lateral Raise (Dumbbell)",Rest Timer,0,0.0,0,120.0,,,
2026-03-18 05:20:16,"Early Morning Workout",48m,"Lateral Raise (Dumbbell)",3,15.0,18.0,0,0.0,,,
2026-03-18 05:20:16,"Early Morning Workout",48m,"Lateral Raise (Dumbbell)",Rest Timer,0,0.0,0,120.0,,,
2026-03-18 05:20:16,"Early Morning Workout",48m,"Lateral Raise (Dumbbell)",4,15.0,18.0,0,0.0,,,
2026-03-18 05:20:16,"Early Morning Workout",48m,"Lateral Raise (Dumbbell)",Rest Timer,0,0.0,0,120.0,,,
2026-03-18 05:20:16,"Early Morning Workout",48m,"Chest Dip",1,0.0,12.0,0,0.0,"",,
2026-03-18 05:20:16,"Early Morning Workout",48m,"Chest Dip",Rest Timer,0,0.0,0,120.0,,,
2026-03-18 05:20:16,"Early Morning Workout",48m,"Chest Dip",2,0.0,10.0,0,0.0,,,
2026-03-18 05:20:16,"Early Morning Workout",48m,"Chest Dip",Rest Timer,0,0.0,0,120.0,,,
2026-03-18 05:20:16,"Early Morning Workout",48m,"Chest Dip",3,0.0,10.0,0,0.0,,,
2026-03-18 05:20:16,"Early Morning Workout",48m,"Chest Dip",Rest Timer,0,0.0,0,120.0,,,
2026-03-19 05:25:50,"Early Morning Workout",35m,"Sumo Deadlift (Barbell)",1,135.0,10.0,0,0.0,"","",
2026-03-19 05:25:50,"Early Morning Workout",35m,"Sumo Deadlift (Barbell)",Rest Timer,0,0.0,0,120.0,,,
2026-03-19 05:25:50,"Early Morning Workout",35m,"Sumo Deadlift (Barbell)",2,185.0,10.0,0,0.0,,,
2026-03-19 05:25:50,"Early Morning Workout",35m,"Sumo Deadlift (Barbell)",Rest Timer,0,0.0,0,120.0,,,
2026-03-19 05:25:50,"Early Morning Workout",35m,"Sumo Deadlift (Barbell)",3,205.0,7.0,0,0.0,,,
2026-03-19 05:25:50,"Early Morning Workout",35m,"Sumo Deadlift (Barbell)",Rest Timer,0,0.0,0,120.0,,,
2026-03-19 05:25:50,"Early Morning Workout",35m,"Sumo Deadlift (Barbell)",4,225.0,5.0,0,0.0,,,
2026-03-19 05:25:50,"Early Morning Workout",35m,"Sumo Deadlift (Barbell)",Rest Timer,0,0.0,0,120.0,,,
2026-03-19 05:25:50,"Early Morning Workout",35m,"Sumo Deadlift (Barbell)",5,225.0,5.0,0,0.0,,,
2026-03-19 05:25:50,"Early Morning Workout",35m,"Sumo Deadlift (Barbell)",Rest Timer,0,0.0,0,120.0,,,
2026-03-19 05:25:50,"Early Morning Workout",35m,"Sumo Deadlift (Barbell)",6,225.0,5.0,0,0.0,,,
2026-03-19 05:25:50,"Early Morning Workout",35m,"Sumo Deadlift (Barbell)",Rest Timer,0,0.0,0,120.0,,,
2026-03-19 05:25:50,"Early Morning Workout",35m,"Standing Calf Raise (Barbell)",1,0.0,60.0,0,0.0,"",,
2026-03-19 05:25:50,"Early Morning Workout",35m,"Standing Calf Raise (Barbell)",Rest Timer,0,0.0,0,120.0,,,
2026-03-19 05:25:50,"Early Morning Workout",35m,"Standing Calf Raise (Barbell)",2,0.0,60.0,0,0.0,,,
2026-03-19 05:25:50,"Early Morning Workout",35m,"Standing Calf Raise (Barbell)",Rest Timer,0,0.0,0,120.0,,,
2026-03-19 05:25:50,"Early Morning Workout",35m,"Standing Calf Raise (Barbell)",3,0.0,45.0,0,0.0,,,
2026-03-19 05:25:50,"Early Morning Workout",35m,"Standing Calf Raise (Barbell)",Rest Timer,0,0.0,0,120.0,,,
2026-03-19 05:25:50,"Early Morning Workout",35m,"Standing Calf Raise (Barbell)",4,0.0,45.0,0,0.0,,,
2026-03-19 05:25:50,"Early Morning Workout",35m,"Standing Calf Raise (Barbell)",Rest Timer,0,0.0,0,120.0,,,
2026-03-19 05:25:50,"Early Morning Workout",35m,"Lunge (Barbell)",1,95.0,6.0,0,0.0,"",,
2026-03-19 05:25:50,"Early Morning Workout",35m,"Lunge (Barbell)",Rest Timer,0,0.0,0,120.0,,,
2026-03-19 05:25:50,"Early Morning Workout",35m,"Lunge (Barbell)",2,105.0,6.0,0,0.0,,,
2026-03-19 05:25:50,"Early Morning Workout",35m,"Lunge (Barbell)",Rest Timer,0,0.0,0,120.0,,,
2026-03-19 05:25:50,"Early Morning Workout",35m,"Lunge (Barbell)",3,115.0,8.0,0,0.0,,,
2026-03-19 05:25:50,"Early Morning Workout",35m,"Lunge (Barbell)",Rest Timer,0,0.0,0,120.0,,,
2026-03-19 05:25:50,"Early Morning Workout",35m,"Lunge (Barbell)",4,135.0,6.0,0,0.0,,,
2026-03-19 05:25:50,"Early Morning Workout",35m,"Lunge (Barbell)",Rest Timer,0,0.0,0,120.0,,,
2026-03-19 05:25:50,"Early Morning Workout",35m,"Lunge (Barbell)",5,135.0,7.0,0,0.0,,,
2026-03-19 05:25:50,"Early Morning Workout",35m,"Lunge (Barbell)",Rest Timer,0,0.0,0,120.0,,,
2026-03-19 05:25:50,"Early Morning Workout",35m,"Leg Extension (Machine)",1,70.0,10.0,0,0.0,"",,
2026-03-19 05:25:50,"Early Morning Workout",35m,"Leg Extension (Machine)",Rest Timer,0,0.0,0,120.0,,,
2026-03-19 05:25:50,"Early Morning Workout",35m,"Leg Extension (Machine)",2,80.0,6.0,0,0.0,,,
2026-03-19 05:25:50,"Early Morning Workout",35m,"Leg Extension (Machine)",Rest Timer,0,0.0,0,120.0,,,
2026-03-19 05:25:50,"Early Morning Workout",35m,"Leg Extension (Machine)",3,80.0,6.0,0,0.0,,,
2026-03-19 05:25:50,"Early Morning Workout",35m,"Leg Extension (Machine)",Rest Timer,0,0.0,0,120.0,,,
2026-03-19 05:25:50,"Early Morning Workout",35m,"Leg Extension (Machine)",4,80.0,6.0,0,0.0,,,
2026-03-19 05:25:50,"Early Morning Workout",35m,"Leg Extension (Machine)",Rest Timer,0,0.0,0,120.0,,,
2026-03-23 05:19:37,"Early Morning Workout",52m,"Squat (Barbell)",1,135.0,8.0,0,0.0,"","",
2026-03-23 05:19:37,"Early Morning Workout",52m,"Squat (Barbell)",Rest Timer,0,0.0,0,120.0,,,
2026-03-23 05:19:37,"Early Morning Workout",52m,"Squat (Barbell)",2,225.0,7.0,0,0.0,,,
2026-03-23 05:19:37,"Early Morning Workout",52m,"Squat (Barbell)",Rest Timer,0,0.0,0,120.0,,,
2026-03-23 05:19:37,"Early Morning Workout",52m,"Squat (Barbell)",3,245.0,4.0,0,0.0,,,
2026-03-23 05:19:37,"Early Morning Workout",52m,"Squat (Barbell)",Rest Timer,0,0.0,0,120.0,,,
2026-03-23 05:19:37,"Early Morning Workout",52m,"Squat (Barbell)",4,255.0,3.0,0,0.0,,,
2026-03-23 05:19:37,"Early Morning Workout",52m,"Squat (Barbell)",Rest Timer,0,0.0,0,120.0,,,
2026-03-23 05:19:37,"Early Morning Workout",52m,"Squat (Barbell)",5,245.0,3.0,0,0.0,,,
2026-03-23 05:19:37,"Early Morning Workout",52m,"Squat (Barbell)",Rest Timer,0,0.0,0,120.0,,,
2026-03-23 05:19:37,"Early Morning Workout",52m,"Squat (Barbell)",6,225.0,3.0,0,0.0,,,
2026-03-23 05:19:37,"Early Morning Workout",52m,"Squat (Barbell)",Rest Timer,0,0.0,0,120.0,,,
2026-03-23 05:19:37,"Early Morning Workout",52m,"Lunge (Barbell)",1,95.0,8.0,0,0.0,"",,
2026-03-23 05:19:37,"Early Morning Workout",52m,"Lunge (Barbell)",Rest Timer,0,0.0,0,120.0,,,
2026-03-23 05:19:37,"Early Morning Workout",52m,"Lunge (Barbell)",2,115.0,6.0,0,0.0,,,
2026-03-23 05:19:37,"Early Morning Workout",52m,"Lunge (Barbell)",Rest Timer,0,0.0,0,6.0,,,
2026-03-23 05:19:37,"Early Morning Workout",52m,"Lunge (Barbell)",3,135.0,6.0,0,0.0,,,
2026-03-23 05:19:37,"Early Morning Workout",52m,"Lunge (Barbell)",Rest Timer,0,0.0,0,120.0,,,
2026-03-23 05:19:37,"Early Morning Workout",52m,"Lunge (Barbell)",4,145.0,4.0,0,0.0,,,
2026-03-23 05:19:37,"Early Morning Workout",52m,"Lunge (Barbell)",Rest Timer,0,0.0,0,120.0,,,
2026-03-23 05:19:37,"Early Morning Workout",52m,"Lunge (Barbell)",5,145.0,4.0,0,0.0,,,
2026-03-23 05:19:37,"Early Morning Workout",52m,"Lunge (Barbell)",Rest Timer,0,0.0,0,120.0,,,
2026-03-23 05:19:37,"Early Morning Workout",52m,"Back Extension",1,25.0,10.0,0,0.0,"",,
2026-03-23 05:19:37,"Early Morning Workout",52m,"Back Extension",Rest Timer,0,0.0,0,120.0,,,
2026-03-23 05:19:37,"Early Morning Workout",52m,"Back Extension",2,35.0,8.0,0,0.0,,,
2026-03-23 05:19:37,"Early Morning Workout",52m,"Back Extension",Rest Timer,0,0.0,0,120.0,,,
2026-03-23 05:19:37,"Early Morning Workout",52m,"Back Extension",3,35.0,8.0,0,0.0,,,
2026-03-23 05:19:37,"Early Morning Workout",52m,"Back Extension",Rest Timer,0,0.0,0,120.0,,,
2026-03-23 05:19:37,"Early Morning Workout",52m,"Back Extension",4,35.0,8.0,0,0.0,,,
2026-03-23 05:19:37,"Early Morning Workout",52m,"Back Extension",Rest Timer,0,0.0,0,120.0,,,
2026-03-24 05:17:10,"Early Morning Workout",48m,"Bench Press (Barbell)",1,135.0,8.0,0,0.0,"","",
2026-03-24 05:17:10,"Early Morning Workout",48m,"Bench Press (Barbell)",Rest Timer,0,0.0,0,120.0,,,
2026-03-24 05:17:10,"Early Morning Workout",48m,"Bench Press (Barbell)",2,225.0,6.0,0,0.0,,,
2026-03-24 05:17:10,"Early Morning Workout",48m,"Bench Press (Barbell)",Rest Timer,0,0.0,0,120.0,,,
2026-03-24 05:17:10,"Early Morning Workout",48m,"Bench Press (Barbell)",3,225.0,4.0,0,0.0,,,
2026-03-24 05:17:10,"Early Morning Workout",48m,"Bench Press (Barbell)",Rest Timer,0,0.0,0,120.0,,,
2026-03-24 05:17:10,"Early Morning Workout",48m,"Bench Press (Barbell)",4,225.0,3.0,0,0.0,,,
2026-03-24 05:17:10,"Early Morning Workout",48m,"Bench Press (Barbell)",Rest Timer,0,0.0,0,120.0,,,
2026-03-24 05:17:10,"Early Morning Workout",48m,"Bench Press (Barbell)",5,205.0,7.0,0,0.0,,,
2026-03-24 05:17:10,"Early Morning Workout",48m,"Bench Press (Barbell)",Rest Timer,0,0.0,0,120.0,,,
2026-03-24 05:17:10,"Early Morning Workout",48m,"Bench Press (Barbell)",6,205.0,5.0,0,0.0,,,
2026-03-24 05:17:10,"Early Morning Workout",48m,"Bench Press (Barbell)",Rest Timer,0,0.0,0,120.0,,,
2026-03-24 05:17:10,"Early Morning Workout",48m,"Triceps Extension",1,45.0,10.0,0,0.0,"",,
2026-03-24 05:17:10,"Early Morning Workout",48m,"Triceps Extension",Rest Timer,0,0.0,0,120.0,,,
2026-03-24 05:17:10,"Early Morning Workout",48m,"Triceps Extension",2,55.0,10.0,0,0.0,,,
2026-03-24 05:17:10,"Early Morning Workout",48m,"Triceps Extension",Rest Timer,0,0.0,0,120.0,,,
2026-03-24 05:17:10,"Early Morning Workout",48m,"Triceps Extension",3,65.0,7.0,0,0.0,,,
2026-03-24 05:17:10,"Early Morning Workout",48m,"Triceps Extension",Rest Timer,0,0.0,0,120.0,,,
2026-03-24 05:17:10,"Early Morning Workout",48m,"Triceps Extension",4,65.0,6.0,0,0.0,,,
2026-03-24 05:17:10,"Early Morning Workout",48m,"Triceps Extension",Rest Timer,0,0.0,0,120.0,,,
2026-03-24 05:17:10,"Early Morning Workout",48m,"Triceps Extension",5,65.0,5.0,0,0.0,,,
2026-03-24 05:17:10,"Early Morning Workout",48m,"Triceps Extension",Rest Timer,0,0.0,0,120.0,,,
2026-03-24 05:17:10,"Early Morning Workout",48m,"Lateral Raise (Band)",1,15.0,22.0,0,0.0,"",,
2026-03-24 05:17:10,"Early Morning Workout",48m,"Lateral Raise (Band)",Rest Timer,0,0.0,0,120.0,,,
2026-03-24 05:17:10,"Early Morning Workout",48m,"Lateral Raise (Band)",2,25.0,15.0,0,0.0,,,
2026-03-24 05:17:10,"Early Morning Workout",48m,"Lateral Raise (Band)",Rest Timer,0,0.0,0,120.0,,,
2026-03-24 05:17:10,"Early Morning Workout",48m,"Lateral Raise (Band)",3,25.0,12.0,0,0.0,,,
2026-03-24 05:17:10,"Early Morning Workout",48m,"Lateral Raise (Band)",Rest Timer,0,0.0,0,120.0,,,
2026-03-24 05:17:10,"Early Morning Workout",48m,"Lateral Raise (Band)",4,25.0,10.0,0,0.0,,,
2026-03-24 05:17:10,"Early Morning Workout",48m,"Lateral Raise (Band)",Rest Timer,0,0.0,0,120.0,,,
2026-03-27 05:23:35,"Early Morning Workout",39m,"Bent Over Row (Barbell)",1,95.0,12.0,0,0.0,"","",
2026-03-27 05:23:35,"Early Morning Workout",39m,"Bent Over Row (Barbell)",Rest Timer,0,0.0,0,120.0,,,
2026-03-27 05:23:35,"Early Morning Workout",39m,"Bent Over Row (Barbell)",2,135.0,10.0,0,0.0,,,
2026-03-27 05:23:35,"Early Morning Workout",39m,"Bent Over Row (Barbell)",Rest Timer,0,0.0,0,120.0,,,
2026-03-27 05:23:35,"Early Morning Workout",39m,"Bent Over Row (Barbell)",3,155.0,7.0,0,0.0,,,
2026-03-27 05:23:35,"Early Morning Workout",39m,"Bent Over Row (Barbell)",Rest Timer,0,0.0,0,120.0,,,
2026-03-27 05:23:35,"Early Morning Workout",39m,"Bent Over Row (Barbell)",4,165.0,5.0,0,0.0,,,
2026-03-27 05:23:35,"Early Morning Workout",39m,"Bent Over Row (Barbell)",Rest Timer,0,0.0,0,120.0,,,
2026-03-27 05:23:35,"Early Morning Workout",39m,"Bent Over Row (Barbell)",5,165.0,4.0,0,0.0,,,
2026-03-27 05:23:35,"Early Morning Workout",39m,"Bent Over Row (Barbell)",Rest Timer,0,0.0,0,120.0,,,
2026-03-27 05:23:35,"Early Morning Workout",39m,"Bent Over Row (Barbell)",6,155.0,6.0,0,0.0,,,
2026-03-27 05:23:35,"Early Morning Workout",39m,"Bent Over Row (Barbell)",Rest Timer,0,0.0,0,120.0,,,
2026-03-27 05:23:35,"Early Morning Workout",39m,"Bicep Curl (Barbell)",1,65.0,10.0,0,0.0,"",,
2026-03-27 05:23:35,"Early Morning Workout",39m,"Bicep Curl (Barbell)",Rest Timer,0,0.0,0,120.0,,,
2026-03-27 05:23:35,"Early Morning Workout",39m,"Bicep Curl (Barbell)",2,85.0,10.0,0,0.0,,,
2026-03-27 05:23:35,"Early Morning Workout",39m,"Bicep Curl (Barbell)",Rest Timer,0,0.0,0,120.0,,,
2026-03-27 05:23:35,"Early Morning Workout",39m,"Bicep Curl (Barbell)",3,85.0,8.0,0,0.0,,,
2026-03-27 05:23:35,"Early Morning Workout",39m,"Bicep Curl (Barbell)",Rest Timer,0,0.0,0,120.0,,,
2026-03-27 05:23:35,"Early Morning Workout",39m,"Bicep Curl (Barbell)",4,85.0,8.0,0,0.0,,,
2026-03-27 05:23:35,"Early Morning Workout",39m,"Bicep Curl (Barbell)",Rest Timer,0,0.0,0,120.0,,,
2026-03-27 05:23:35,"Early Morning Workout",39m,"Bicep Curl (Barbell)",5,85.0,8.0,0,0.0,,,
2026-03-27 05:23:35,"Early Morning Workout",39m,"Bicep Curl (Barbell)",Rest Timer,0,0.0,0,120.0,,,
2026-03-27 05:23:35,"Early Morning Workout",39m,"Bicep Curl (Barbell)",6,85.0,8.0,0,0.0,,,
2026-03-27 05:23:35,"Early Morning Workout",39m,"Bicep Curl (Barbell)",Rest Timer,0,0.0,0,120.0,,,
2026-03-27 05:23:35,"Early Morning Workout",39m,"Shrug (Dumbbell)",1,55.0,5.0,0,0.0,"",,
2026-03-27 05:23:35,"Early Morning Workout",39m,"Shrug (Dumbbell)",Rest Timer,0,0.0,0,120.0,,,
2026-03-27 05:23:35,"Early Morning Workout",39m,"Shrug (Dumbbell)",2,55.0,5.0,0,0.0,,,
2026-03-27 05:23:35,"Early Morning Workout",39m,"Shrug (Dumbbell)",Rest Timer,0,0.0,0,120.0,,,
2026-03-27 05:23:35,"Early Morning Workout",39m,"Shrug (Dumbbell)",3,55.0,5.0,0,0.0,,,
2026-03-27 05:23:35,"Early Morning Workout",39m,"Shrug (Dumbbell)",Rest Timer,0,0.0,0,120.0,,,
2026-03-27 05:23:35,"Early Morning Workout",39m,"Pull Up",1,0.0,8.0,0,0.0,"",,
2026-03-27 05:23:35,"Early Morning Workout",39m,"Pull Up",Rest Timer,0,0.0,0,120.0,,,
2026-03-27 05:23:35,"Early Morning Workout",39m,"Pull Up",2,0.0,8.0,0,0.0,,,
2026-03-27 05:23:35,"Early Morning Workout",39m,"Pull Up",Rest Timer,0,0.0,0,120.0,,,
2026-03-27 05:23:35,"Early Morning Workout",39m,"Pull Up",3,0.0,8.0,0,0.0,,,
2026-03-27 05:23:35,"Early Morning Workout",39m,"Pull Up",Rest Timer,0,0.0,0,120.0,,,
2026-03-27 05:23:35,"Early Morning Workout",39m,"Pull Up",4,0.0,8.0,0,0.0,,,
2026-03-27 05:23:35,"Early Morning Workout",39m,"Pull Up",Rest Timer,0,0.0,0,120.0,,,
2026-03-28 05:33:44,"Early Morning Workout",53m,"Lying Leg Curl (Machine)",1,25.0,10.0,0,0.0,"","",
2026-03-28 05:33:44,"Early Morning Workout",53m,"Lying Leg Curl (Machine)",Rest Timer,0,0.0,0,120.0,,,
2026-03-28 05:33:44,"Early Morning Workout",53m,"Lying Leg Curl (Machine)",2,35.0,10.0,0,0.0,,,
2026-03-28 05:33:44,"Early Morning Workout",53m,"Lying Leg Curl (Machine)",Rest Timer,0,0.0,0,120.0,,,
2026-03-28 05:33:44,"Early Morning Workout",53m,"Lying Leg Curl (Machine)",3,45.0,10.0,0,0.0,,,
2026-03-28 05:33:44,"Early Morning Workout",53m,"Lying Leg Curl (Machine)",Rest Timer,0,0.0,0,120.0,,,
2026-03-28 05:33:44,"Early Morning Workout",53m,"Lying Leg Curl (Machine)",4,50.0,8.0,0,0.0,,,
2026-03-28 05:33:44,"Early Morning Workout",53m,"Lying Leg Curl (Machine)",Rest Timer,0,0.0,0,120.0,,,
2026-03-28 05:33:44,"Early Morning Workout",53m,"Standing Calf Raise (Barbell)",1,0.0,40.0,0,0.0,"",,
2026-03-28 05:33:44,"Early Morning Workout",53m,"Standing Calf Raise (Barbell)",Rest Timer,0,0.0,0,120.0,,,
2026-03-28 05:33:44,"Early Morning Workout",53m,"Standing Calf Raise (Barbell)",2,0.0,40.0,0,0.0,,,
2026-03-28 05:33:44,"Early Morning Workout",53m,"Standing Calf Raise (Barbell)",Rest Timer,0,0.0,0,120.0,,,
2026-03-28 05:33:44,"Early Morning Workout",53m,"Standing Calf Raise (Barbell)",3,0.0,40.0,0,0.0,,,
2026-03-28 05:33:44,"Early Morning Workout",53m,"Standing Calf Raise (Barbell)",Rest Timer,0,0.0,0,120.0,,,
2026-03-28 05:33:44,"Early Morning Workout",53m,"Standing Calf Raise (Barbell)",4,0.0,40.0,0,0.0,,,
2026-03-28 05:33:44,"Early Morning Workout",53m,"Standing Calf Raise (Barbell)",Rest Timer,0,0.0,0,120.0,,,
2026-03-28 05:33:44,"Early Morning Workout",53m,"Back Extension",1,15.0,15.0,0,0.0,"",,
2026-03-28 05:33:44,"Early Morning Workout",53m,"Back Extension",Rest Timer,0,0.0,0,120.0,,,
2026-03-28 05:33:44,"Early Morning Workout",53m,"Back Extension",2,25.0,10.0,0,0.0,,,
2026-03-28 05:33:44,"Early Morning Workout",53m,"Back Extension",Rest Timer,0,0.0,0,120.0,,,
2026-03-28 05:33:44,"Early Morning Workout",53m,"Back Extension",3,25.0,10.0,0,0.0,,,
2026-03-28 05:33:44,"Early Morning Workout",53m,"Back Extension",Rest Timer,0,0.0,0,120.0,,,
2026-03-28 05:33:44,"Early Morning Workout",53m,"Back Extension",4,25.0,10.0,0,0.0,,,
2026-03-28 05:33:44,"Early Morning Workout",53m,"Back Extension",Rest Timer,0,0.0,0,120.0,,,
2026-03-28 05:33:44,"Early Morning Workout",53m,"Step-up",1,0,8.0,0,0.0,"",,
2026-03-28 05:33:44,"Early Morning Workout",53m,"Step-up",Rest Timer,0,0.0,0,120.0,,,
2026-03-28 05:33:44,"Early Morning Workout",53m,"Step-up",2,0,7.0,0,0.0,,,
2026-03-28 05:33:44,"Early Morning Workout",53m,"Step-up",Rest Timer,0,0.0,0,120.0,,,
2026-03-28 05:33:44,"Early Morning Workout",53m,"Step-up",3,0,7.0,0,0.0,,,
2026-03-28 05:33:44,"Early Morning Workout",53m,"Step-up",Rest Timer,0,0.0,0,120.0,,,
2026-03-28 05:33:44,"Early Morning Workout",53m,"Step-up",4,0,7.0,0,0.0,,,
2026-03-28 05:33:44,"Early Morning Workout",53m,"Step-up",Rest Timer,0,0.0,0,120.0,,,
2026-03-28 05:33:44,"Early Morning Workout",53m,"Leg Extension (Machine)",1,45.0,15.0,0,0.0,"",,
2026-03-28 05:33:44,"Early Morning Workout",53m,"Leg Extension (Machine)",Rest Timer,0,0.0,0,120.0,,,
2026-03-28 05:33:44,"Early Morning Workout",53m,"Leg Extension (Machine)",2,70.0,12.0,0,0.0,,,
2026-03-28 05:33:44,"Early Morning Workout",53m,"Leg Extension (Machine)",Rest Timer,0,0.0,0,120.0,,,
2026-03-28 05:33:44,"Early Morning Workout",53m,"Leg Extension (Machine)",3,70.0,6.0,0,0.0,,,
2026-03-28 05:33:44,"Early Morning Workout",53m,"Leg Extension (Machine)",Rest Timer,0,0.0,0,120.0,,,
2026-03-28 05:33:44,"Early Morning Workout",53m,"Leg Extension (Machine)",4,45.0,6.0,0,0.0,,,
2026-03-28 05:33:44,"Early Morning Workout",53m,"Leg Extension (Machine)",Rest Timer,0,0.0,0,120.0,,,
2026-03-30 05:16:44,"Early Morning Workout",54m,"Decline Bench Press (Dumbbell)",1,12.0,55.0,0,0.0,"","",
2026-03-30 05:16:44,"Early Morning Workout",54m,"Decline Bench Press (Dumbbell)",Rest Timer,0,0.0,0,120.0,,,
2026-03-30 05:16:44,"Early Morning Workout",54m,"Decline Bench Press (Dumbbell)",2,12.0,55.0,0,0.0,,,
2026-03-30 05:16:44,"Early Morning Workout",54m,"Decline Bench Press (Dumbbell)",Rest Timer,0,0.0,0,120.0,,,
2026-03-30 05:16:44,"Early Morning Workout",54m,"Decline Bench Press (Dumbbell)",3,12.0,55.0,0,0.0,,,
2026-03-30 05:16:44,"Early Morning Workout",54m,"Decline Bench Press (Dumbbell)",Rest Timer,0,0.0,0,120.0,,,
2026-03-30 05:16:44,"Early Morning Workout",54m,"Decline Bench Press (Dumbbell)",4,12.0,55.0,0,0.0,,,
2026-03-30 05:16:44,"Early Morning Workout",54m,"Decline Bench Press (Dumbbell)",Rest Timer,0,0.0,0,120.0,,,
2026-03-30 05:16:44,"Early Morning Workout",54m,"Decline Bench Press (Dumbbell)",5,8.0,55.0,0,0.0,,,
2026-03-30 05:16:44,"Early Morning Workout",54m,"Decline Bench Press (Dumbbell)",Rest Timer,0,0.0,0,120.0,,,
2026-03-30 05:16:44,"Early Morning Workout",54m,"Tricep Single Arm Extension ",1,15.0,12.0,0,0.0,"",,
2026-03-30 05:16:44,"Early Morning Workout",54m,"Tricep Single Arm Extension ",Rest Timer,0,0.0,0,120.0,,,
2026-03-30 05:16:44,"Early Morning Workout",54m,"Tricep Single Arm Extension ",2,15.0,12.0,0,0.0,,,
2026-03-30 05:16:44,"Early Morning Workout",54m,"Tricep Single Arm Extension ",Rest Timer,0,0.0,0,120.0,,,
2026-03-30 05:16:44,"Early Morning Workout",54m,"Tricep Single Arm Extension ",3,17.5,10.0,0,0.0,,,
2026-03-30 05:16:44,"Early Morning Workout",54m,"Tricep Single Arm Extension ",Rest Timer,0,0.0,0,120.0,,,
2026-03-30 05:16:44,"Early Morning Workout",54m,"Tricep Single Arm Extension ",4,17.5,8.0,0,0.0,,,
2026-03-30 05:16:44,"Early Morning Workout",54m,"Tricep Single Arm Extension ",Rest Timer,0,0.0,0,120.0,,,
2026-03-30 05:16:44,"Early Morning Workout",54m,"Tricep Single Arm Extension ",5,17.5,8.0,0,0.0,,,
2026-03-30 05:16:44,"Early Morning Workout",54m,"Tricep Single Arm Extension ",Rest Timer,0,0.0,0,120.0,,,
2026-03-30 05:16:44,"Early Morning Workout",54m,"Lateral Raise (Band)",1,10.0,22.0,0,0.0,"",,
2026-03-30 05:16:44,"Early Morning Workout",54m,"Lateral Raise (Band)",Rest Timer,0,0.0,0,120.0,,,
2026-03-30 05:16:44,"Early Morning Workout",54m,"Lateral Raise (Band)",2,20.0,20.0,0,0.0,,,
2026-03-30 05:16:44,"Early Morning Workout",54m,"Lateral Raise (Band)",Rest Timer,0,0.0,0,120.0,,,
2026-03-30 05:16:44,"Early Morning Workout",54m,"Lateral Raise (Band)",3,20.0,17.0,0,0.0,,,
2026-03-30 05:16:44,"Early Morning Workout",54m,"Lateral Raise (Band)",Rest Timer,0,0.0,0,120.0,,,
2026-03-30 05:16:44,"Early Morning Workout",54m,"Lateral Raise (Band)",4,20.0,15.0,0,0.0,,,
2026-03-30 05:16:44,"Early Morning Workout",54m,"Lateral Raise (Band)",Rest Timer,0,0.0,0,120.0,,,
2026-03-30 05:16:44,"Early Morning Workout",54m,"Skullcrusher (Barbell)",1,65.0,12.0,0,0.0,"",,
2026-03-30 05:16:44,"Early Morning Workout",54m,"Skullcrusher (Barbell)",Rest Timer,0,0.0,0,120.0,,,
2026-03-30 05:16:44,"Early Morning Workout",54m,"Skullcrusher (Barbell)",2,65.0,10.0,0,0.0,,,
2026-03-30 05:16:44,"Early Morning Workout",54m,"Skullcrusher (Barbell)",Rest Timer,0,0.0,0,120.0,,,
2026-03-30 05:16:44,"Early Morning Workout",54m,"Skullcrusher (Barbell)",3,65.0,10.0,0,0.0,,,
2026-03-30 05:16:44,"Early Morning Workout",54m,"Skullcrusher (Barbell)",Rest Timer,0,0.0,0,120.0,,,
2026-03-30 05:16:44,"Early Morning Workout",54m,"Skullcrusher (Barbell)",4,65.0,10.0,0,0.0,,,
2026-03-30 05:16:44,"Early Morning Workout",54m,"Skullcrusher (Barbell)",Rest Timer,0,0.0,0,120.0,,,
2026-03-30 05:16:44,"Early Morning Workout",54m,"Chest Dip (Assisted)",1,0.0,8.0,0,0.0,"",,
2026-03-30 05:16:44,"Early Morning Workout",54m,"Chest Dip (Assisted)",Rest Timer,0,0.0,0,120.0,,,
2026-03-30 05:16:44,"Early Morning Workout",54m,"Chest Dip (Assisted)",2,0.0,10.0,0,0.0,,,
2026-03-30 05:16:44,"Early Morning Workout",54m,"Chest Dip (Assisted)",Rest Timer,0,0.0,0,120.0,,,
2026-03-30 05:16:44,"Early Morning Workout",54m,"Chest Dip (Assisted)",3,0.0,5.0,0,0.0,,,
2026-03-30 05:16:44,"Early Morning Workout",54m,"Chest Dip (Assisted)",Rest Timer,0,0.0,0,120.0,,,
2026-03-31 05:23:26,"Early Morning Workout",43m,"Sumo Deadlift (Barbell)",1,135.0,10.0,0,0.0,"","",
2026-03-31 05:23:26,"Early Morning Workout",43m,"Sumo Deadlift (Barbell)",Rest Timer,0,0.0,0,120.0,,,
2026-03-31 05:23:26,"Early Morning Workout",43m,"Sumo Deadlift (Barbell)",2,185.0,10.0,0,0.0,,,
2026-03-31 05:23:26,"Early Morning Workout",43m,"Sumo Deadlift (Barbell)",Rest Timer,0,0.0,0,120.0,,,
2026-03-31 05:23:26,"Early Morning Workout",43m,"Sumo Deadlift (Barbell)",3,205.0,8.0,0,0.0,,,
2026-03-31 05:23:26,"Early Morning Workout",43m,"Sumo Deadlift (Barbell)",Rest Timer,0,0.0,0,120.0,,,
2026-03-31 05:23:26,"Early Morning Workout",43m,"Sumo Deadlift (Barbell)",4,225.0,7.0,0,0.0,,,
2026-03-31 05:23:26,"Early Morning Workout",43m,"Sumo Deadlift (Barbell)",Rest Timer,0,0.0,0,120.0,,,
2026-03-31 05:23:26,"Early Morning Workout",43m,"Sumo Deadlift (Barbell)",5,235.0,6.0,0,0.0,,,
2026-03-31 05:23:26,"Early Morning Workout",43m,"Sumo Deadlift (Barbell)",Rest Timer,0,0.0,0,120.0,,,
2026-03-31 05:23:26,"Early Morning Workout",43m,"Sumo Deadlift (Barbell)",6,235.0,4.0,0,0.0,,,
2026-03-31 05:23:26,"Early Morning Workout",43m,"Sumo Deadlift (Barbell)",Rest Timer,0,0.0,0,120.0,,,
2026-03-31 05:23:26,"Early Morning Workout",43m,"Standing Calf Raise (Barbell)",1,0.0,50.0,0,0.0,"",,
2026-03-31 05:23:26,"Early Morning Workout",43m,"Standing Calf Raise (Barbell)",Rest Timer,0,0.0,0,120.0,,,
2026-03-31 05:23:26,"Early Morning Workout",43m,"Standing Calf Raise (Barbell)",2,0.0,50.0,0,0.0,,,
2026-03-31 05:23:26,"Early Morning Workout",43m,"Standing Calf Raise (Barbell)",Rest Timer,0,0.0,0,120.0,,,
2026-03-31 05:23:26,"Early Morning Workout",43m,"Standing Calf Raise (Barbell)",3,0.0,50.0,0,0.0,,,
2026-03-31 05:23:26,"Early Morning Workout",43m,"Standing Calf Raise (Barbell)",Rest Timer,0,0.0,0,120.0,,,
2026-03-31 05:23:26,"Early Morning Workout",43m,"Standing Calf Raise (Barbell)",4,0.0,50.0,0,0.0,,,
2026-03-31 05:23:26,"Early Morning Workout",43m,"Standing Calf Raise (Barbell)",Rest Timer,0,0.0,0,120.0,,,
2026-03-31 05:23:26,"Early Morning Workout",43m,"Lunge (Barbell)",1,95.0,10.0,0,0.0,"",,
2026-03-31 05:23:26,"Early Morning Workout",43m,"Lunge (Barbell)",Rest Timer,0,0.0,0,120.0,,,
2026-03-31 05:23:26,"Early Morning Workout",43m,"Lunge (Barbell)",2,115.0,10.0,0,0.0,,,
2026-03-31 05:23:26,"Early Morning Workout",43m,"Lunge (Barbell)",Rest Timer,0,0.0,0,120.0,,,
2026-03-31 05:23:26,"Early Morning Workout",43m,"Lunge (Barbell)",3,135.0,10.0,0,0.0,,,
2026-03-31 05:23:26,"Early Morning Workout",43m,"Lunge (Barbell)",Rest Timer,0,0.0,0,120.0,,,
2026-03-31 05:23:26,"Early Morning Workout",43m,"Lunge (Barbell)",4,145.0,10.0,0,0.0,,,
2026-03-31 05:23:26,"Early Morning Workout",43m,"Lunge (Barbell)",Rest Timer,0,0.0,0,120.0,,,
2026-03-31 05:23:26,"Early Morning Workout",43m,"Lunge (Barbell)",5,145.0,10.0,0,0.0,,,
2026-03-31 05:23:26,"Early Morning Workout",43m,"Lunge (Barbell)",Rest Timer,0,0.0,0,120.0,,,
2026-03-31 05:23:26,"Early Morning Workout",43m,"Glute Kickback (Machine)",1,20.0,10.0,0,0.0,"",,
2026-03-31 05:23:26,"Early Morning Workout",43m,"Glute Kickback (Machine)",Rest Timer,0,0.0,0,120.0,,,
2026-03-31 05:23:26,"Early Morning Workout",43m,"Glute Kickback (Machine)",2,20.0,10.0,0,0.0,,,
2026-03-31 05:23:26,"Early Morning Workout",43m,"Glute Kickback (Machine)",Rest Timer,0,0.0,0,120.0,,,
2026-04-02 05:23:03,"Early Morning Workout",43m,"Lat Pulldown (Cable)",1,70.0,14.0,0,0.0,"","",
2026-04-02 05:23:03,"Early Morning Workout",43m,"Lat Pulldown (Cable)",Rest Timer,0,0.0,0,120.0,,,
2026-04-02 05:23:03,"Early Morning Workout",43m,"Lat Pulldown (Cable)",2,95.0,10.0,0,0.0,,,
2026-04-02 05:23:03,"Early Morning Workout",43m,"Lat Pulldown (Cable)",Rest Timer,0,0.0,0,120.0,,,
2026-04-02 05:23:03,"Early Morning Workout",43m,"Lat Pulldown (Cable)",3,105.0,8.0,0,0.0,,,
2026-04-02 05:23:03,"Early Morning Workout",43m,"Lat Pulldown (Cable)",Rest Timer,0,0.0,0,120.0,,,
2026-04-02 05:23:03,"Early Morning Workout",43m,"Lat Pulldown (Cable)",4,110.0,6.0,0,0.0,,,
2026-04-02 05:23:03,"Early Morning Workout",43m,"Lat Pulldown (Cable)",Rest Timer,0,0.0,0,120.0,,,
2026-04-02 05:23:03,"Early Morning Workout",43m,"Lat Pulldown (Cable)",5,110.0,6.0,0,0.0,,,
2026-04-02 05:23:03,"Early Morning Workout",43m,"Lat Pulldown (Cable)",Rest Timer,0,0.0,0,120.0,,,
2026-04-02 05:23:03,"Early Morning Workout",43m,"Lat Pulldown (Cable)",6,115.0,5.0,0,0.0,,,
2026-04-02 05:23:03,"Early Morning Workout",43m,"Lat Pulldown (Cable)",Rest Timer,0,0.0,0,120.0,,,
2026-04-02 05:23:03,"Early Morning Workout",43m,"Bicep Curl (Dumbbell)",1,25.0,10.0,0,0.0,"",,
2026-04-02 05:23:03,"Early Morning Workout",43m,"Bicep Curl (Dumbbell)",Rest Timer,0,0.0,0,120.0,,,
2026-04-02 05:23:03,"Early Morning Workout",43m,"Bicep Curl (Dumbbell)",2,35.0,9.0,0,0.0,,,
2026-04-02 05:23:03,"Early Morning Workout",43m,"Bicep Curl (Dumbbell)",Rest Timer,0,0.0,0,120.0,,,
2026-04-02 05:23:03,"Early Morning Workout",43m,"Bicep Curl (Dumbbell)",3,37.5,6.0,0,0.0,,,
2026-04-02 05:23:03,"Early Morning Workout",43m,"Bicep Curl (Dumbbell)",Rest Timer,0,0.0,0,120.0,,,
2026-04-02 05:23:03,"Early Morning Workout",43m,"Bicep Curl (Dumbbell)",4,37.5,6.0,0,0.0,,,
2026-04-02 05:23:03,"Early Morning Workout",43m,"Bicep Curl (Dumbbell)",Rest Timer,0,0.0,0,120.0,,,
2026-04-02 05:23:03,"Early Morning Workout",43m,"Bent Over One Arm Row (Dumbbell)",1,40.0,10.0,0,0.0,"",,
2026-04-02 05:23:03,"Early Morning Workout",43m,"Bent Over One Arm Row (Dumbbell)",Rest Timer,0,0.0,0,120.0,,,
2026-04-02 05:23:03,"Early Morning Workout",43m,"Bent Over One Arm Row (Dumbbell)",2,55.0,7.0,0,0.0,,,
2026-04-02 05:23:03,"Early Morning Workout",43m,"Bent Over One Arm Row (Dumbbell)",Rest Timer,0,0.0,0,120.0,,,
2026-04-02 05:23:03,"Early Morning Workout",43m,"Bent Over One Arm Row (Dumbbell)",3,55.0,7.0,0,0.0,,,
2026-04-02 05:23:03,"Early Morning Workout",43m,"Bent Over One Arm Row (Dumbbell)",Rest Timer,0,0.0,0,120.0,,,
2026-04-02 05:23:03,"Early Morning Workout",43m,"Bent Over One Arm Row (Dumbbell)",4,55.0,7.0,0,0.0,,,
2026-04-02 05:23:03,"Early Morning Workout",43m,"Bent Over One Arm Row (Dumbbell)",Rest Timer,0,0.0,0,120.0,,,
2026-04-05 05:27:29,"Early Morning Workout",54m,"Squat (Barbell)",1,135.0,8.0,0,0.0,"","",
2026-04-05 05:27:29,"Early Morning Workout",54m,"Squat (Barbell)",Rest Timer,0,0.0,0,120.0,,,
2026-04-05 05:27:29,"Early Morning Workout",54m,"Squat (Barbell)",2,225.0,8.0,0,0.0,,,
2026-04-05 05:27:29,"Early Morning Workout",54m,"Squat (Barbell)",Rest Timer,0,0.0,0,120.0,,,
2026-04-05 05:27:29,"Early Morning Workout",54m,"Squat (Barbell)",3,245.0,4.0,0,0.0,,,
2026-04-05 05:27:29,"Early Morning Workout",54m,"Squat (Barbell)",Rest Timer,0,0.0,0,120.0,,,
2026-04-05 05:27:29,"Early Morning Workout",54m,"Squat (Barbell)",4,235.0,4.0,0,0.0,,,
2026-04-05 05:27:29,"Early Morning Workout",54m,"Squat (Barbell)",Rest Timer,0,0.0,0,120.0,,,
2026-04-05 05:27:29,"Early Morning Workout",54m,"Squat (Barbell)",5,235.0,3.0,0,0.0,,,
2026-04-05 05:27:29,"Early Morning Workout",54m,"Squat (Barbell)",Rest Timer,0,0.0,0,120.0,,,
2026-04-05 05:27:29,"Early Morning Workout",54m,"Squat (Barbell)",6,225.0,3.0,0,0.0,,,
2026-04-05 05:27:29,"Early Morning Workout",54m,"Squat (Barbell)",Rest Timer,0,0.0,0,120.0,,,
2026-04-05 05:27:29,"Early Morning Workout",54m,"Deadlift (Barbell)",1,185.0,10.0,0,0.0,"",,
2026-04-05 05:27:29,"Early Morning Workout",54m,"Deadlift (Barbell)",Rest Timer,0,0.0,0,120.0,,,
2026-04-05 05:27:29,"Early Morning Workout",54m,"Deadlift (Barbell)",2,205.0,10.0,0,0.0,,,
2026-04-05 05:27:29,"Early Morning Workout",54m,"Deadlift (Barbell)",Rest Timer,0,0.0,0,120.0,,,
2026-04-05 05:27:29,"Early Morning Workout",54m,"Deadlift (Barbell)",3,205.0,10.0,0,0.0,,,
2026-04-05 05:27:29,"Early Morning Workout",54m,"Deadlift (Barbell)",Rest Timer,0,0.0,0,120.0,,,
2026-04-05 05:27:29,"Early Morning Workout",54m,"Leg Extension (Machine)",1,45.0,10.0,0,0.0,"",,
2026-04-05 05:27:29,"Early Morning Workout",54m,"Leg Extension (Machine)",Rest Timer,0,0.0,0,120.0,,,
2026-04-05 05:27:29,"Early Morning Workout",54m,"Leg Extension (Machine)",2,70.0,8.0,0,0.0,,,
2026-04-05 05:27:29,"Early Morning Workout",54m,"Leg Extension (Machine)",Rest Timer,0,0.0,0,120.0,,,
2026-04-05 05:27:29,"Early Morning Workout",54m,"Leg Extension (Machine)",3,70.0,8.0,0,0.0,,,
2026-04-05 05:27:29,"Early Morning Workout",54m,"Leg Extension (Machine)",Rest Timer,0,0.0,0,120.0,,,
2026-04-05 05:27:29,"Early Morning Workout",54m,"Leg Extension (Machine)",4,45.0,8.0,0,0.0,,,
2026-04-05 05:27:29,"Early Morning Workout",54m,"Leg Extension (Machine)",Rest Timer,0,0.0,0,120.0,,,
2026-04-05 05:27:29,"Early Morning Workout",54m,"Lunge (Barbell)",1,95.0,10.0,0,0.0,"",,
2026-04-05 05:27:29,"Early Morning Workout",54m,"Lunge (Barbell)",Rest Timer,0,0.0,0,120.0,,,
2026-04-05 05:27:29,"Early Morning Workout",54m,"Lunge (Barbell)",2,115.0,8.0,0,0.0,,,
2026-04-05 05:27:29,"Early Morning Workout",54m,"Lunge (Barbell)",Rest Timer,0,0.0,0,120.0,,,
2026-04-05 05:27:29,"Early Morning Workout",54m,"Lunge (Barbell)",3,125.0,8.0,0,0.0,,,
2026-04-05 05:27:29,"Early Morning Workout",54m,"Lunge (Barbell)",Rest Timer,0,0.0,0,120.0,,,
2026-04-05 05:27:29,"Early Morning Workout",54m,"Lunge (Barbell)",4,125.0,8.0,0,0.0,,,
2026-04-05 05:27:29,"Early Morning Workout",54m,"Lunge (Barbell)",Rest Timer,0,0.0,0,120.0,,,
2026-04-05 05:27:29,"Early Morning Workout",54m,"Lunge (Barbell)",5,125.0,8.0,0,0.0,,,
2026-04-05 05:27:29,"Early Morning Workout",54m,"Lunge (Barbell)",Rest Timer,0,0.0,0,120.0,,,
2026-04-06 05:22:32,"Early Morning Workout",31m,"Pull Up",1,0.0,8.0,0,0.0,"","",
2026-04-06 05:22:32,"Early Morning Workout",31m,"Pull Up",Rest Timer,0,0.0,0,120.0,,,
2026-04-06 05:22:32,"Early Morning Workout",31m,"Pull Up",2,0.0,8.0,0,0.0,,,
2026-04-06 05:22:32,"Early Morning Workout",31m,"Pull Up",Rest Timer,0,0.0,0,120.0,,,
2026-04-06 05:22:32,"Early Morning Workout",31m,"Pull Up",3,0.0,8.0,0,0.0,,,
2026-04-06 05:22:32,"Early Morning Workout",31m,"Pull Up",Rest Timer,0,0.0,0,120.0,,,
2026-04-06 05:22:32,"Early Morning Workout",31m,"Pull Up",4,0.0,8.0,0,0.0,,,
2026-04-06 05:22:32,"Early Morning Workout",31m,"Pull Up",Rest Timer,0,0.0,0,120.0,,,
2026-04-06 05:22:32,"Early Morning Workout",31m,"Hammer Curl (Dumbbell)",1,25.0,10.0,0,0.0,"",,
2026-04-06 05:22:32,"Early Morning Workout",31m,"Hammer Curl (Dumbbell)",Rest Timer,0,0.0,0,120.0,,,
2026-04-06 05:22:32,"Early Morning Workout",31m,"Hammer Curl (Dumbbell)",2,35.0,8.0,0,0.0,,,
2026-04-06 05:22:32,"Early Morning Workout",31m,"Hammer Curl (Dumbbell)",Rest Timer,0,0.0,0,120.0,,,
2026-04-06 05:22:32,"Early Morning Workout",31m,"Hammer Curl (Dumbbell)",3,35.0,9.0,0,0.0,,,
2026-04-06 05:22:32,"Early Morning Workout",31m,"Hammer Curl (Dumbbell)",Rest Timer,0,0.0,0,120.0,,,
2026-04-06 05:22:32,"Early Morning Workout",31m,"Hammer Curl (Dumbbell)",4,35.0,9.0,0,0.0,,,
2026-04-06 05:22:32,"Early Morning Workout",31m,"Hammer Curl (Dumbbell)",Rest Timer,0,0.0,0,120.0,,,
2026-04-08 05:21:15,"Early Morning Workout",1h 1m,"Bench Press (Barbell)",1,135.0,8.0,0,0.0,"","",
2026-04-08 05:21:15,"Early Morning Workout",1h 1m,"Bench Press (Barbell)",Rest Timer,0,0.0,0,120.0,,,
2026-04-08 05:21:15,"Early Morning Workout",1h 1m,"Bench Press (Barbell)",2,185.0,8.0,0,0.0,,,
2026-04-08 05:21:15,"Early Morning Workout",1h 1m,"Bench Press (Barbell)",Rest Timer,0,0.0,0,120.0,,,
2026-04-08 05:21:15,"Early Morning Workout",1h 1m,"Bench Press (Barbell)",3,205.0,6.0,0,0.0,,,
2026-04-08 05:21:15,"Early Morning Workout",1h 1m,"Bench Press (Barbell)",Rest Timer,0,0.0,0,120.0,,,
2026-04-08 05:21:15,"Early Morning Workout",1h 1m,"Bench Press (Barbell)",4,205.0,6.0,0,0.0,,,
2026-04-08 05:21:15,"Early Morning Workout",1h 1m,"Bench Press (Barbell)",Rest Timer,0,0.0,0,120.0,,,
2026-04-08 05:21:15,"Early Morning Workout",1h 1m,"Bench Press (Barbell)",5,205.0,5.0,0,0.0,,,
2026-04-08 05:21:15,"Early Morning Workout",1h 1m,"Bench Press (Barbell)",Rest Timer,0,0.0,0,120.0,,,
2026-04-08 05:21:15,"Early Morning Workout",1h 1m,"Bench Press (Barbell)",6,205.0,5.0,0,0.0,,,
2026-04-08 05:21:15,"Early Morning Workout",1h 1m,"Bench Press (Barbell)",Rest Timer,0,0.0,0,120.0,,,
2026-04-08 05:21:15,"Early Morning Workout",1h 1m,"Triceps Extension",1,25.0,10.0,0,0.0,"",,
2026-04-08 05:21:15,"Early Morning Workout",1h 1m,"Triceps Extension",Rest Timer,0,0.0,0,120.0,,,
2026-04-08 05:21:15,"Early Morning Workout",1h 1m,"Triceps Extension",2,35.0,10.0,0,0.0,,,
2026-04-08 05:21:15,"Early Morning Workout",1h 1m,"Triceps Extension",Rest Timer,0,0.0,0,120.0,,,
2026-04-08 05:21:15,"Early Morning Workout",1h 1m,"Triceps Extension",3,40.0,10.0,0,0.0,,,
2026-04-08 05:21:15,"Early Morning Workout",1h 1m,"Triceps Extension",Rest Timer,0,0.0,0,120.0,,,
2026-04-08 05:21:15,"Early Morning Workout",1h 1m,"Triceps Extension",4,40.0,10.0,0,0.0,,,
2026-04-08 05:21:15,"Early Morning Workout",1h 1m,"Triceps Extension",Rest Timer,0,0.0,0,120.0,,,
2026-04-08 05:21:15,"Early Morning Workout",1h 1m,"Triceps Extension",5,40.0,10.0,0,0.0,,,
2026-04-08 05:21:15,"Early Morning Workout",1h 1m,"Triceps Extension",Rest Timer,0,0.0,0,120.0,,,
2026-04-08 05:21:15,"Early Morning Workout",1h 1m,"Lateral Raise (Band)",1,25.0,10.0,0,0.0,"",,
2026-04-08 05:21:15,"Early Morning Workout",1h 1m,"Lateral Raise (Band)",Rest Timer,0,0.0,0,120.0,,,
2026-04-08 05:21:15,"Early Morning Workout",1h 1m,"Lateral Raise (Band)",2,25.0,10.0,0,0.0,,,
2026-04-08 05:21:15,"Early Morning Workout",1h 1m,"Lateral Raise (Band)",Rest Timer,0,0.0,0,120.0,,,
2026-04-08 05:21:15,"Early Morning Workout",1h 1m,"Lateral Raise (Band)",3,25.0,10.0,0,0.0,,,
2026-04-08 05:21:15,"Early Morning Workout",1h 1m,"Lateral Raise (Band)",Rest Timer,0,0.0,0,120.0,,,
2026-04-08 05:21:15,"Early Morning Workout",1h 1m,"Lateral Raise (Band)",4,25.0,10.0,0,0.0,,,
2026-04-08 05:21:15,"Early Morning Workout",1h 1m,"Lateral Raise (Band)",Rest Timer,0,0.0,0,120.0,,,
2026-04-08 05:21:15,"Early Morning Workout",1h 1m,"Chest Dip",1,0.0,10.0,0,0.0,"",,
2026-04-08 05:21:15,"Early Morning Workout",1h 1m,"Chest Dip",Rest Timer,0,0.0,0,120.0,,,
2026-04-08 05:21:15,"Early Morning Workout",1h 1m,"Chest Dip",2,0.0,10.0,0,0.0,,,
2026-04-08 05:21:15,"Early Morning Workout",1h 1m,"Chest Dip",Rest Timer,0,0.0,0,120.0,,,
2026-04-08 05:21:15,"Early Morning Workout",1h 1m,"Chest Dip",3,0.0,10.0,0,0.0,,,
2026-04-08 05:21:15,"Early Morning Workout",1h 1m,"Chest Dip",Rest Timer,0,0.0,0,120.0,,,