Date,Workout Name,Duration,Exercise Name,Set Order,Weight,Reps,Distance,Seconds,Notes,Workout Notes,RPE
2018-12-28 09:06:39,"Hotel WO",39m,"Squat (Smith Machine)",1,135.0,12.0,0,0.0,"","",
2018-12-28 09:06:39,"Hotel WO",39m,"Squat (Smith Machine)",2,225.0,4.0,0,0.0,,,
2018-12-28 09:06:39,"Hotel WO",39m,"Squat (Smith Machine)",3,225.0,4.0,0,0.0,,,
2018-12-28 09:06:39,"Hotel WO",39m,"Bent Over Row (Dumbbell)",1,35.0,8.0,0,0.0,"",,
2018-12-28 09:06:39,"Hotel WO",39m,"Bent Over Row (Dumbbell)",2,35.0,10.0,0,0.0,,,
2018-12-28 09:06:39,"Hotel WO",39m,"Overhead Press (Smith Machine)",1,95.0,10.0,0,0.0,"",,
2018-12-28 09:06:39,"Hotel WO",39m,"Overhead Press (Smith Machine)",2,115.0,4.0,0,0.0,,,
2018-12-28 09:06:39,"Hotel WO",39m,"Overhead Press (Smith Machine)",3,115.0,4.0,0,0.0,,,
2018-12-28 09:06:39,"Hotel WO",39m,"Incline Bench Press (Dumbbell)",1,30.0,8.0,0,0.0,"",,
2018-12-28 09:06:39,"Hotel WO",39m,"Incline Bench Press (Dumbbell)",2,35.0,6.0,0,0.0,,,
2018-12-28 09:06:39,"Hotel WO",39m,"Incline Bench Press (Dumbbell)",3,35.0,6.0,0,0.0,,,
2018-12-28 09:06:39,"Hotel WO",39m,"Pull Up",1,0.0,6.0,0,0.0,"",,
2018-12-28 09:06:39,"Hotel WO",39m,"Pull Up",2,0.0,5.0,0,0.0,,,
2018-12-28 09:06:39,"Hotel WO",39m,"Bicep Curl (Barbell)",1,40.0,10.0,0,0.0,"",,
2018-12-28 09:06:39,"Hotel WO",39m,"Bicep Curl (Barbell)",2,40.0,10.0,0,0.0,,,
2018-12-28 09:06:39,"Hotel WO",39m,"Skullcrusher (Barbell)",1,40.0,10.0,0,0.0,"",,
2018-12-28 09:06:39,"Hotel WO",39m,"Skullcrusher (Barbell)",2,40.0,10.0,0,0.0,,,
2018-12-28 09:06:39,"Hotel WO",39m,"Crunch (Stability Ball)",1,0,15.0,0,0.0,"",,
2018-12-28 09:06:39,"Hotel WO",39m,"Crunch (Stability Ball)",1,0,12.0,0,0.0,"",,
2018-12-29 15:46:49,"Strong 5x5 - Workout A Copy",55m,"Squat (Barbell)",1,135.0,6.0,0,0.0,"","",
2018-12-29 15:46:49,"Strong 5x5 - Workout A Copy",55m,"Squat (Barbell)",2,225.0,4.0,0,0.0,,,
2018-12-29 15:46:49,"Strong 5x5 - Workout A Copy",55m,"Squat (Barbell)",3,225.0,5.0,0,0.0,,,
2018-12-29 15:46:49,"Strong 5x5 - Workout A Copy",55m,"Squat (Barbell)",4,225.0,4.0,0,0.0,,,
2018-12-29 15:46:49,"Strong 5x5 - Workout A Copy",55m,"Squat (Barbell)",5,225.0,0.0,0,0.0,,,
2018-12-29 15:46:49,"Strong 5x5 - Workout A Copy",55m,"Bench Press (Barbell)",1,135.0,3.0,0,0.0,"",,
2018-12-29 15:46:49,"Strong 5x5 - Workout A Copy",55m,"Bench Press (Barbell)",2,135.0,4.0,0,0.0,,,
2018-12-29 15:46:49,"Strong 5x5 - Workout A Copy",55m,"Bench Press (Barbell)",3,135.0,3.0,0,0.0,,,
2018-12-29 15:46:49,"Strong 5x5 - Workout A Copy",55m,"Bench Press (Barbell)",4,135.0,4.0,0,0.0,,,
2018-12-29 15:46:49,"Strong 5x5 - Workout A Copy",55m,"Bench Press (Barbell)",5,135.0,3.0,0,0.0,,,
2018-12-29 15:46:49,"Strong 5x5 - Workout A Copy",55m,"Bent Over Row (Barbell)",1,95.0,8.0,0,0.0,"",,
2018-12-29 15:46:49,"Strong 5x5 - Workout A Copy",55m,"Bent Over Row (Barbell)",2,115.0,6.0,0,0.0,,,
2018-12-29 15:46:49,"Strong 5x5 - Workout A Copy",55m,"Bent Over Row (Barbell)",3,115.0,5.0,0,0.0,,,
2018-12-29 15:46:49,"Strong 5x5 - Workout A Copy",55m,"Bent Over Row (Barbell)",4,115.0,5.0,0,0.0,,,
2018-12-29 15:46:49,"Strong 5x5 - Workout A Copy",55m,"Bent Over Row (Barbell)",5,115.0,5.0,0,0.0,,,
2018-12-29 15:46:49,"Strong 5x5 - Workout A Copy",55m,"Arnold Press (Dumbbell)",1,35.0,8.0,0,0.0,"",,
2018-12-29 15:46:49,"Strong 5x5 - Workout A Copy",55m,"Arnold Press (Dumbbell)",2,35.0,6.0,0,0.0,,,
2018-12-29 15:46:49,"Strong 5x5 - Workout A Copy",55m,"Arnold Press (Dumbbell)",3,35.0,5.0,0,0.0,,,
2018-12-29 15:46:49,"Strong 5x5 - Workout A Copy",55m,"Around the World",1,25.0,3.0,0,0.0,"",,
2018-12-29 15:46:49,"Strong 5x5 - Workout A Copy",55m,"Around the World",2,15.0,7.0,0,0.0,,,
2018-12-29 15:46:49,"Strong 5x5 - Workout A Copy",55m,"Lateral Raise (Cable)",1,20.0,10.0,0,0.0,"",,
2018-12-29 15:46:49,"Strong 5x5 - Workout A Copy",55m,"Pull Up",1,0.0,7.0,0,0.0,"",,
2018-12-29 15:46:49,"Strong 5x5 - Workout A Copy",55m,"Pull Up",2,0.0,5.0,0,0.0,,,
2019-01-06 14:29:13,"RED Trigger 1",10m,"Chest Fly (Band)",1,0.0,1.0,0,0.0,"","",
2019-01-06 14:29:13,"RED Trigger 1",10m,"Squat Row (Band)",1,0,20.0,0,0.0,"",,
2019-01-06 14:29:13,"RED Trigger 1",10m,"Lateral Raise (Band)",1,0.0,1.0,0,0.0,"",,
2019-01-06 14:29:13,"RED Trigger 1",10m,"Hammer Curl (Band)",1,0.0,1.0,0,0.0,"",,
2019-01-08 17:16:12,"RED Phase 1 Found. 1",50m,"Box Squat (Barbell)",1,135.0,10.0,0,0.0,"","",
2019-01-08 17:16:12,"RED Phase 1 Found. 1",50m,"Squat (Barbell)",1,185.0,3.0,0,0.0,"",,
2019-01-08 17:16:12,"RED Phase 1 Found. 1",50m,"Squat (Barbell)",2,225.0,3.0,0,0.0,,,
2019-01-08 17:16:12,"RED Phase 1 Found. 1",50m,"Squat (Barbell)",3,225.0,3.0,0,0.0,,,
2019-01-08 17:16:12,"RED Phase 1 Found. 1",50m,"Squat (Barbell)",4,225.0,3.0,0,0.0,,,
2019-01-08 17:16:12,"RED Phase 1 Found. 1",50m,"Squat (Barbell)",5,225.0,3.0,0,0.0,,,
2019-01-08 17:16:12,"RED Phase 1 Found. 1",50m,"Bench Press (Barbell)",1,135.0,3.0,0,0.0,"",,
2019-01-08 17:16:12,"RED Phase 1 Found. 1",50m,"Bench Press (Barbell)",2,135.0,4.0,0,0.0,,,
2019-01-08 17:16:12,"RED Phase 1 Found. 1",50m,"Bench Press (Barbell)",3,135.0,4.0,0,0.0,,,
2019-01-08 17:16:12,"RED Phase 1 Found. 1",50m,"Bench Press (Barbell)",4,135.0,3.0,0,0.0,,,
2019-01-08 17:16:12,"RED Phase 1 Found. 1",50m,"Bench Press (Barbell)",5,135.0,3.0,0,0.0,,,
2019-01-08 17:16:12,"RED Phase 1 Found. 1",50m,"Pull Up",1,0.0,8.0,0,0.0,"",,
2019-01-08 17:16:12,"RED Phase 1 Found. 1",50m,"Pull Up",2,0.0,6.0,0,0.0,,,
2019-01-08 17:16:12,"RED Phase 1 Found. 1",50m,"Shrug (Barbell)",1,135.0,8.0,0,0.0,"",,
2019-01-08 17:16:12,"RED Phase 1 Found. 1",50m,"Shrug (Barbell)",2,185.0,5.0,0,0.0,,,
2019-01-08 17:16:12,"RED Phase 1 Found. 1",50m,"Shrug (Barbell)",3,185.0,5.0,0,0.0,,,
2019-01-08 17:16:12,"RED Phase 1 Found. 1",50m,"Bicep Curl (Barbell)",1,40.0,7.0,0,0.0,"",,
2019-01-08 17:16:12,"RED Phase 1 Found. 1",50m,"Bicep Curl (Barbell)",2,50.0,7.0,0,0.0,,,
2019-01-08 17:16:12,"RED Phase 1 Found. 1",50m,"Skullcrusher (Barbell)",1,50.0,8.0,0,0.0,"",,
2019-01-08 17:16:12,"RED Phase 1 Found. 1",50m,"Skullcrusher (Barbell)",2,50.0,6.0,0,0.0,,,
2019-01-08 17:16:12,"RED Phase 1 Found. 1",50m,"Sit Up",1,0.0,15.0,0,0.0,"",,
2019-01-08 17:16:12,"RED Phase 1 Found. 1",50m,"Sit Up",2,0.0,10.0,0,0.0,,,
2019-01-08 17:16:12,"RED Phase 1 Found. 1",50m,"Standing Calf Raise (Barbell)",1,135.0,15.0,0,0.0,"",,
2019-01-08 17:16:12,"RED Phase 1 Found. 1",50m,"Standing Calf Raise (Barbell)",2,135.0,15.0,0,0.0,,,
2019-01-08 17:16:12,"RED Phase 1 Found. 1",50m,"Standing Calf Raise (Barbell)",3,135.0,15.0,0,0.0,,,
2019-01-08 17:16:12,"RED Phase 1 Found. 1",50m,"Standing Calf Raise (Barbell)",4,135.0,15.0,0,0.0,,,
2019-01-08 17:16:12,"RED Phase 1 Found. 1",50m,"Standing Calf Raise (Barbell)",5,135.0,15.0,0,0.0,,,
2019-01-12 10:14:44,"RED Phase 1 Found. 2",1h 1m,"Good Morning (Barbell)",1,45.0,10.0,0,0.0,"","",
2019-01-12 10:14:44,"RED Phase 1 Found. 2",1h 1m,"Deadlift (Barbell)",1,185.0,5.0,0,0.0,"",,
2019-01-12 10:14:44,"RED Phase 1 Found. 2",1h 1m,"Deadlift (Barbell)",2,275.0,2.0,0,0.0,,,
2019-01-12 10:14:44,"RED Phase 1 Found. 2",1h 1m,"Deadlift (Barbell)",3,275.0,2.0,0,0.0,,,
2019-01-12 10:14:44,"RED Phase 1 Found. 2",1h 1m,"Deadlift (Barbell)",4,275.0,2.0,0,0.0,,,
2019-01-12 10:14:44,"RED Phase 1 Found. 2",1h 1m,"Deadlift (Barbell)",5,275.0,2.0,0,0.0,,,
2019-01-12 10:14:44,"RED Phase 1 Found. 2",1h 1m,"Overhead Press (Barbell)",1,95.0,4.0,0,0.0,"",,
2019-01-12 10:14:44,"RED Phase 1 Found. 2",1h 1m,"Overhead Press (Barbell)",2,115.0,2.0,0,0.0,,,
2019-01-12 10:14:44,"RED Phase 1 Found. 2",1h 1m,"Overhead Press (Barbell)",3,115.0,2.0,0,0.0,,,
2019-01-12 10:14:44,"RED Phase 1 Found. 2",1h 1m,"Overhead Press (Barbell)",4,115.0,2.0,0,0.0,,,
2019-01-12 10:14:44,"RED Phase 1 Found. 2",1h 1m,"Overhead Press (Barbell)",5,115.0,2.0,0,0.0,,,
2019-01-12 10:14:44,"RED Phase 1 Found. 2",1h 1m,"Reverse Fly (Dumbbell)",1,25.0,8.0,0,0.0,"",,
2019-01-12 10:14:44,"RED Phase 1 Found. 2",1h 1m,"Reverse Fly (Dumbbell)",2,25.0,8.0,0,0.0,,,
2019-01-12 10:14:44,"RED Phase 1 Found. 2",1h 1m,"Shrug (Dumbbell)",1,65.0,7.0,0,0.0,"",,
2019-01-12 10:14:44,"RED Phase 1 Found. 2",1h 1m,"Shrug (Dumbbell)",2,65.0,7.0,0,0.0,,,
2019-01-12 10:14:44,"RED Phase 1 Found. 2",1h 1m,"Hammer Curl (Dumbbell)",1,35.0,7.0,0,0.0,"",,
2019-01-12 10:14:44,"RED Phase 1 Found. 2",1h 1m,"Hammer Curl (Dumbbell)",2,35.0,6.0,0,0.0,,,
2019-01-12 10:14:44,"RED Phase 1 Found. 2",1h 1m,"Triceps Extension (Dumbbell)",1,45.0,7.0,0,0.0,"",,
2019-01-12 10:14:44,"RED Phase 1 Found. 2",1h 1m,"Triceps Extension (Dumbbell)",2,45.0,6.0,0,0.0,,,
2019-01-12 10:14:44,"RED Phase 1 Found. 2",1h 1m,"Hanging Leg Raise",1,0.0,6.0,0,0.0,"",,
2019-01-12 10:14:44,"RED Phase 1 Found. 2",1h 1m,"Hanging Leg Raise",2,0.0,7.0,0,0.0,,,
2019-01-12 10:14:44,"RED Phase 1 Found. 2",1h 1m,"Hanging Leg Raise",3,0.0,5.0,0,0.0,,,
2019-01-12 10:14:44,"RED Phase 1 Found. 2",1h 1m,"Hanging Leg Raise",4,0.0,6.0,0,0.0,,,
2019-01-12 10:14:44,"RED Phase 1 Found. 2",1h 1m,"Hanging Leg Raise",5,0.0,5.0,0,0.0,,,
2019-01-12 10:14:44,"RED Phase 1 Found. 2",1h 1m,"Seated Calf Raise (Plate Loaded)",1,150.0,8.0,0,0.0,"",,
2019-01-12 10:14:44,"RED Phase 1 Found. 2",1h 1m,"Seated Calf Raise (Plate Loaded)",2,150.0,8.0,0,0.0,,,
2019-01-12 10:14:44,"RED Phase 1 Found. 2",1h 1m,"Seated Calf Raise (Plate Loaded)",3,150.0,6.0,0,0.0,,,
2019-01-13 14:54:15,"RED Trigger 2",8m,"Squat (Bodyweight)",1,0.0,10.0,0,0.0,"","",
2019-01-13 14:54:15,"RED Trigger 2",8m,"Chest Press (Band)",1,0.0,20.0,0,0.0,"",,
2019-01-13 14:54:15,"RED Trigger 2",8m,"Triceps Extension (Cable)",1,0.5,1.0,0,0.0,"",,
2019-01-13 14:54:15,"RED Trigger 2",8m,"Shrug (Machine)",1,0.5,1.0,0,0.0,"",,
2019-01-14 15:29:54,"RED Phase 1 Found. 1",48m,"Box Squat (Barbell)",1,135.0,10.0,0,0.0,"","",
2019-01-14 15:29:54,"RED Phase 1 Found. 1",48m,"Squat (Barbell)",1,225.0,3.0,0,0.0,"",,
2019-01-14 15:29:54,"RED Phase 1 Found. 1",48m,"Squat (Barbell)",2,225.0,4.0,0,0.0,,,
2019-01-14 15:29:54,"RED Phase 1 Found. 1",48m,"Squat (Barbell)",3,225.0,3.0,0,0.0,,,
2019-01-14 15:29:54,"RED Phase 1 Found. 1",48m,"Squat (Barbell)",4,225.0,3.0,0,0.0,,,
2019-01-14 15:29:54,"RED Phase 1 Found. 1",48m,"Squat (Barbell)",5,225.0,3.0,0,0.0,,,
2019-01-14 15:29:54,"RED Phase 1 Found. 1",48m,"Bench Press (Barbell)",1,135.0,5.0,0,0.0,"",,
2019-01-14 15:29:54,"RED Phase 1 Found. 1",48m,"Bench Press (Barbell)",2,155.0,3.0,0,0.0,,,
2019-01-14 15:29:54,"RED Phase 1 Found. 1",48m,"Bench Press (Barbell)",3,155.0,3.0,0,0.0,,,
2019-01-14 15:29:54,"RED Phase 1 Found. 1",48m,"Bench Press (Barbell)",4,155.0,2.0,0,0.0,,,
2019-01-14 15:29:54,"RED Phase 1 Found. 1",48m,"Bench Press (Barbell)",5,155.0,2.0,0,0.0,,,
2019-01-14 15:29:54,"RED Phase 1 Found. 1",48m,"Pull Up",1,0.0,10.0,0,0.0,"",,
2019-01-14 15:29:54,"RED Phase 1 Found. 1",48m,"Pull Up",2,0.0,6.0,0,0.0,,,
2019-01-14 15:29:54,"RED Phase 1 Found. 1",48m,"Shrug (Barbell)",1,100.0,10.0,0,0.0,"",,
2019-01-14 15:29:54,"RED Phase 1 Found. 1",48m,"Shrug (Barbell)",2,100.0,5.0,0,0.0,,,
2019-01-14 15:29:54,"RED Phase 1 Found. 1",48m,"Shrug (Barbell)",3,100.0,15.0,0,0.0,,,
2019-01-14 15:29:54,"RED Phase 1 Found. 1",48m,"Bicep Curl (Barbell)",1,40.0,8.0,0,0.0,"",,
2019-01-14 15:29:54,"RED Phase 1 Found. 1",48m,"Bicep Curl (Barbell)",2,40.0,8.0,0,0.0,,,
2019-01-14 15:29:54,"RED Phase 1 Found. 1",48m,"Skullcrusher (Barbell)",1,40.0,8.0,0,0.0,"",,
2019-01-14 15:29:54,"RED Phase 1 Found. 1",48m,"Skullcrusher (Barbell)",2,40.0,8.0,0,0.0,,,
2019-01-14 15:29:54,"RED Phase 1 Found. 1",48m,"Sit Up",1,0.0,12.0,0,0.0,"",,
2019-01-14 15:29:54,"RED Phase 1 Found. 1",48m,"Sit Up",2,0.0,7.0,0,0.0,,,
2019-01-14 15:29:54,"RED Phase 1 Found. 1",48m,"Sit Up",3,0.0,8.0,0,0.0,,,
2019-01-14 15:29:54,"RED Phase 1 Found. 1",48m,"Sit Up",4,0.0,8.0,0,0.0,,,
2019-01-14 15:29:54,"RED Phase 1 Found. 1",48m,"Sit Up",5,0.0,4.0,0,0.0,,,
2019-01-18 17:20:58,"RED Phase 1 Found. 2",53m,"Good Morning (Barbell)",1,45.0,10.0,0,0.0,"","",
2019-01-18 17:20:58,"RED Phase 1 Found. 2",53m,"Deadlift (Barbell)",1,185.0,6.0,0,0.0,"",,
2019-01-18 17:20:58,"RED Phase 1 Found. 2",53m,"Deadlift (Barbell)",2,275.0,2.0,0,0.0,,,
2019-01-18 17:20:58,"RED Phase 1 Found. 2",53m,"Deadlift (Barbell)",3,275.0,2.0,0,0.0,,,
2019-01-18 17:20:58,"RED Phase 1 Found. 2",53m,"Deadlift (Barbell)",4,275.0,2.0,0,0.0,,,
2019-01-18 17:20:58,"RED Phase 1 Found. 2",53m,"Deadlift (Barbell)",5,275.0,2.0,0,0.0,,,
2019-01-18 17:20:58,"RED Phase 1 Found. 2",53m,"Reverse Fly (Dumbbell)",1,25.0,8.0,0,0.0,"",,
2019-01-18 17:20:58,"RED Phase 1 Found. 2",53m,"Reverse Fly (Dumbbell)",2,25.0,8.0,0,0.0,,,
2019-01-18 17:20:58,"RED Phase 1 Found. 2",53m,"Shrug (Dumbbell)",1,65.0,7.0,0,0.0,"",,
2019-01-18 17:20:58,"RED Phase 1 Found. 2",53m,"Shrug (Dumbbell)",2,65.0,7.0,0,0.0,,,
2019-01-18 17:20:58,"RED Phase 1 Found. 2",53m,"Hammer Curl (Dumbbell)",1,35.0,7.0,0,0.0,"",,
2019-01-18 17:20:58,"RED Phase 1 Found. 2",53m,"Hammer Curl (Dumbbell)",2,35.0,7.0,0,0.0,,,
2019-01-18 17:20:58,"RED Phase 1 Found. 2",53m,"Triceps Extension (Dumbbell)",1,45.0,7.0,0,0.0,"",,
2019-01-18 17:20:58,"RED Phase 1 Found. 2",53m,"Triceps Extension (Dumbbell)",2,45.0,7.0,0,0.0,,,
2019-01-18 17:20:58,"RED Phase 1 Found. 2",53m,"Hanging Leg Raise",1,0.0,8.0,0,0.0,"",,
2019-01-18 17:20:58,"RED Phase 1 Found. 2",53m,"Hanging Leg Raise",2,0.0,7.0,0,0.0,,,
2019-01-18 17:20:58,"RED Phase 1 Found. 2",53m,"Hanging Leg Raise",3,0.0,6.0,0,0.0,,,
2019-01-18 17:20:58,"RED Phase 1 Found. 2",53m,"Hanging Leg Raise",4,0.0,6.0,0,0.0,,,
2019-01-18 17:20:58,"RED Phase 1 Found. 2",53m,"Hanging Leg Raise",5,0.0,5.0,0,0.0,,,
2019-01-18 17:20:58,"RED Phase 1 Found. 2",53m,"Seated Calf Raise (Plate Loaded)",1,150.0,10.0,0,0.0,"",,
2019-01-18 17:20:58,"RED Phase 1 Found. 2",53m,"Seated Calf Raise (Plate Loaded)",2,150.0,10.0,0,0.0,,,
2019-01-18 17:20:58,"RED Phase 1 Found. 2",53m,"Seated Calf Raise (Plate Loaded)",3,150.0,10.0,0,0.0,,,
2019-02-13 09:09:17,"RED Phase 1 Found. 1",1h 4m,"Box Squat (Barbell)",1,135.0,10.0,0,0.0,"","",
2019-02-13 09:09:17,"RED Phase 1 Found. 1",1h 4m,"Squat (Barbell)",1,225.0,3.0,0,0.0,"",,
2019-02-13 09:09:17,"RED Phase 1 Found. 1",1h 4m,"Squat (Barbell)",2,245.0,3.0,0,0.0,,,
2019-02-13 09:09:17,"RED Phase 1 Found. 1",1h 4m,"Squat (Barbell)",3,270.0,3.0,0,0.0,,,
2019-02-13 09:09:17,"RED Phase 1 Found. 1",1h 4m,"Squat (Barbell)",4,280.0,2.0,0,0.0,,,
2019-02-13 09:09:17,"RED Phase 1 Found. 1",1h 4m,"Squat (Barbell)",5,280.0,2.0,0,0.0,,,
2019-02-13 09:09:17,"RED Phase 1 Found. 1",1h 4m,"Bench Press (Barbell)",1,135.0,5.0,0,0.0,"",,
2019-02-13 09:09:17,"RED Phase 1 Found. 1",1h 4m,"Bench Press (Barbell)",2,155.0,2.0,0,0.0,,,
2019-02-13 09:09:17,"RED Phase 1 Found. 1",1h 4m,"Bench Press (Barbell)",3,155.0,2.0,0,0.0,,,
2019-02-13 09:09:17,"RED Phase 1 Found. 1",1h 4m,"Bench Press (Barbell)",4,155.0,2.0,0,0.0,,,
2019-02-13 09:09:17,"RED Phase 1 Found. 1",1h 4m,"Bench Press (Barbell)",5,155.0,2.0,0,0.0,,,
2019-02-13 09:09:17,"RED Phase 1 Found. 1",1h 4m,"Pull Up",1,0.0,10.0,0,0.0,"",,
2019-02-13 09:09:17,"RED Phase 1 Found. 1",1h 4m,"Pull Up",2,0.0,6.0,0,0.0,,,
2019-02-13 09:09:17,"RED Phase 1 Found. 1",1h 4m,"Shrug (Barbell)",1,135.0,8.0,0,0.0,"",,
2019-02-13 09:09:17,"RED Phase 1 Found. 1",1h 4m,"Shrug (Barbell)",2,135.0,7.0,0,0.0,,,
2019-02-13 09:09:17,"RED Phase 1 Found. 1",1h 4m,"Shrug (Barbell)",3,135.0,6.0,0,0.0,,,
2019-02-13 09:09:17,"RED Phase 1 Found. 1",1h 4m,"Bicep Curl (Barbell)",1,40.0,10.0,0,0.0,"",,
2019-02-13 09:09:17,"RED Phase 1 Found. 1",1h 4m,"Bicep Curl (Barbell)",2,60.0,6.0,0,0.0,,,
2019-02-13 09:09:17,"RED Phase 1 Found. 1",1h 4m,"Skullcrusher (Barbell)",1,60.0,6.0,0,0.0,"",,
2019-02-13 09:09:17,"RED Phase 1 Found. 1",1h 4m,"Skullcrusher (Barbell)",2,60.0,6.0,0,0.0,,,
2019-02-13 09:09:17,"RED Phase 1 Found. 1",1h 4m,"Sit Up",1,0.0,12.0,0,0.0,"",,
2019-02-13 09:09:17,"RED Phase 1 Found. 1",1h 4m,"Sit Up",2,0.0,8.0,0,0.0,,,
2019-02-13 09:09:17,"RED Phase 1 Found. 1",1h 4m,"Sit Up",3,0.0,8.0,0,0.0,,,
2019-02-13 09:09:17,"RED Phase 1 Found. 1",1h 4m,"Sit Up",4,0.0,5.0,0,0.0,,,
2019-02-13 09:09:17,"RED Phase 1 Found. 1",1h 4m,"Sit Up",5,0.0,4.0,0,0.0,,,
2019-02-13 09:09:17,"RED Phase 1 Found. 1",1h 4m,"Standing Calf Raise (Barbell)",1,135.0,15.0,0,0.0,"",,
2019-02-13 09:09:17,"RED Phase 1 Found. 1",1h 4m,"Standing Calf Raise (Barbell)",2,135.0,15.0,0,0.0,,,
2019-02-13 09:09:17,"RED Phase 1 Found. 1",1h 4m,"Standing Calf Raise (Barbell)",3,135.0,15.0,0,0.0,,,
2019-02-13 09:09:17,"RED Phase 1 Found. 1",1h 4m,"Standing Calf Raise (Barbell)",4,135.0,15.0,0,0.0,,,
2019-02-13 09:09:17,"RED Phase 1 Found. 1",1h 4m,"Standing Calf Raise (Barbell)",5,135.0,15.0,0,0.0,,,
2019-02-16 14:47:44,"RED Phase 1 Found. 2",57m,"Good Morning (Barbell)",1,45.0,10.0,0,0.0,"","",
2019-02-16 14:47:44,"RED Phase 1 Found. 2",57m,"Deadlift (Barbell)",1,185.0,6.0,0,0.0,"",,
2019-02-16 14:47:44,"RED Phase 1 Found. 2",57m,"Deadlift (Barbell)",2,225.0,2.0,0,0.0,,,
2019-02-16 14:47:44,"RED Phase 1 Found. 2",57m,"Deadlift (Barbell)",3,275.0,2.0,0,0.0,,,
2019-02-16 14:47:44,"RED Phase 1 Found. 2",57m,"Deadlift (Barbell)",4,275.0,3.0,0,0.0,,,
2019-02-16 14:47:44,"RED Phase 1 Found. 2",57m,"Deadlift (Barbell)",5,295.0,1.0,0,0.0,,,
2019-02-16 14:47:44,"RED Phase 1 Found. 2",57m,"Overhead Press (Barbell)",1,95.0,4.0,0,0.0,"",,
2019-02-16 14:47:44,"RED Phase 1 Found. 2",57m,"Overhead Press (Barbell)",2,115.0,2.0,0,0.0,,,
2019-02-16 14:47:44,"RED Phase 1 Found. 2",57m,"Overhead Press (Barbell)",3,115.0,1.0,0,0.0,,,
2019-02-16 14:47:44,"RED Phase 1 Found. 2",57m,"Overhead Press (Barbell)",4,95.0,3.0,0,0.0,,,
2019-02-16 14:47:44,"RED Phase 1 Found. 2",57m,"Overhead Press (Barbell)",5,95.0,2.0,0,0.0,,,
2019-02-16 14:47:44,"RED Phase 1 Found. 2",57m,"Reverse Fly (Dumbbell)",1,20.0,8.0,0,0.0,"",,
2019-02-16 14:47:44,"RED Phase 1 Found. 2",57m,"Reverse Fly (Dumbbell)",2,25.0,8.0,0,0.0,,,
2019-02-16 14:47:44,"RED Phase 1 Found. 2",57m,"Shrug (Dumbbell)",1,65.0,7.0,0,0.0,"",,
2019-02-16 14:47:44,"RED Phase 1 Found. 2",57m,"Shrug (Dumbbell)",2,65.0,7.0,0,0.0,,,
2019-02-16 14:47:44,"RED Phase 1 Found. 2",57m,"Hammer Curl (Dumbbell)",1,30.0,8.0,0,0.0,"",,
2019-02-16 14:47:44,"RED Phase 1 Found. 2",57m,"Hammer Curl (Dumbbell)",2,30.0,8.0,0,0.0,,,
2019-02-16 14:47:44,"RED Phase 1 Found. 2",57m,"Triceps Extension (Dumbbell)",1,45.0,7.0,0,0.0,"",,
2019-02-16 14:47:44,"RED Phase 1 Found. 2",57m,"Triceps Extension (Dumbbell)",2,45.0,7.0,0,0.0,,,
2019-02-16 14:47:44,"RED Phase 1 Found. 2",57m,"Hanging Leg Raise",1,0.0,8.0,0,0.0,"",,
2019-02-16 14:47:44,"RED Phase 1 Found. 2",57m,"Hanging Leg Raise",2,0.0,8.0,0,0.0,,,
2019-02-16 14:47:44,"RED Phase 1 Found. 2",57m,"Hanging Leg Raise",3,0.0,7.0,0,0.0,,,
2019-02-16 14:47:44,"RED Phase 1 Found. 2",57m,"Hanging Leg Raise",4,0.0,7.0,0,0.0,,,
2019-02-16 14:47:44,"RED Phase 1 Found. 2",57m,"Hanging Leg Raise",5,0.0,5.0,0,0.0,,,
2019-02-16 14:47:44,"RED Phase 1 Found. 2",57m,"Seated Calf Raise (Plate Loaded)",1,90.0,10.0,0,0.0,"",,
2019-02-16 14:47:44,"RED Phase 1 Found. 2",57m,"Seated Calf Raise (Plate Loaded)",2,90.0,10.0,0,0.0,,,
2019-02-16 14:47:44,"RED Phase 1 Found. 2",57m,"Seated Calf Raise (Plate Loaded)",3,90.0,10.0,0,0.0,,,
2019-02-18 09:16:28,"RED Phase 2 Found 1",35m,"Box Squat (Barbell)",1,135.0,10.0,0,0.0,"","",
2019-02-18 09:16:28,"RED Phase 2 Found 1",35m,"Box Squat (Barbell)",2,185.0,10.0,0,0.0,,,
2019-02-18 09:16:28,"RED Phase 2 Found 1",35m,"Box Squat (Barbell)",3,185.0,10.0,0,0.0,,,
2019-02-18 09:16:28,"RED Phase 2 Found 1",35m,"Box Squat (Barbell)",4,185.0,8.0,0,0.0,,,
2019-02-18 09:16:28,"RED Phase 2 Found 1",35m,"Incline Bench Press (Barbell)",1,95.0,10.0,0,0.0,"",,
2019-02-18 09:16:28,"RED Phase 2 Found 1",35m,"Incline Bench Press (Barbell)",2,105.0,9.0,0,0.0,,,
2019-02-18 09:16:28,"RED Phase 2 Found 1",35m,"Incline Bench Press (Barbell)",3,105.0,8.0,0,0.0,,,
2019-02-18 09:16:28,"RED Phase 2 Found 1",35m,"Bent Over Row (Barbell)",1,95.0,10.0,0,0.0,"",,
2019-02-18 09:16:28,"RED Phase 2 Found 1",35m,"Bent Over Row (Barbell)",2,115.0,10.0,0,0.0,,,
2019-02-18 09:16:28,"RED Phase 2 Found 1",35m,"Bent Over Row (Barbell)",3,115.0,10.0,0,0.0,,,
2019-02-18 09:16:28,"RED Phase 2 Found 1",35m,"Shrug (Dumbbell)",1,65.0,10.0,0,0.0,"",,
2019-02-18 09:16:28,"RED Phase 2 Found 1",35m,"Shrug (Dumbbell)",2,65.0,10.0,0,0.0,,,
2019-02-18 09:16:28,"RED Phase 2 Found 1",35m,"Shrug (Dumbbell)",3,65.0,8.0,0,0.0,,,
2019-02-18 09:16:28,"RED Phase 2 Found 1",35m,"Reverse Fly (Dumbbell)",1,20.0,10.0,0,0.0,"",,
2019-02-18 09:16:28,"RED Phase 2 Found 1",35m,"Reverse Fly (Dumbbell)",2,20.0,10.0,0,0.0,,,
2019-02-18 09:16:28,"RED Phase 2 Found 1",35m,"Lateral Raise (Dumbbell)",1,20.0,8.0,0,0.0,"",,
2019-02-18 09:16:28,"RED Phase 2 Found 1",35m,"Lateral Raise (Dumbbell)",2,15.0,10.0,0,0.0,,,
2019-02-18 09:16:28,"RED Phase 2 Found 1",35m,"Bicep Curl (Dumbbell)",1,20.0,12.0,0,0.0,"",,
2019-02-18 09:16:28,"RED Phase 2 Found 1",35m,"Bicep Curl (Dumbbell)",2,25.0,8.0,0,0.0,,,
2019-02-18 09:16:28,"RED Phase 2 Found 1",35m,"Bicep Curl (Dumbbell)",3,20.0,8.0,0,0.0,,,
2019-02-20 09:12:18,"RED Phase 2 Found 2",1h 9m,"Deadlift (Barbell)",1,185.0,6.0,0,0.0,"","",
2019-02-20 09:12:18,"RED Phase 2 Found 2",1h 9m,"Deadlift (Barbell)",2,185.0,6.0,0,0.0,,,
2019-02-20 09:12:18,"RED Phase 2 Found 2",1h 9m,"Deadlift (Barbell)",3,185.0,6.0,0,0.0,,,
2019-02-20 09:12:18,"RED Phase 2 Found 2",1h 9m,"Deadlift (Barbell)",4,185.0,6.0,0,0.0,,,
2019-02-20 09:12:18,"RED Phase 2 Found 2",1h 9m,"Lying Leg Curl (Machine)",1,70.0,12.0,0,0.0,"",,
2019-02-20 09:12:18,"RED Phase 2 Found 2",1h 9m,"Shrug (Barbell)",1,115.0,12.0,0,0.0,"",,
2019-02-20 09:12:18,"RED Phase 2 Found 2",1h 9m,"Shrug (Barbell)",2,135.0,10.0,0,0.0,,,
2019-02-20 09:12:18,"RED Phase 2 Found 2",1h 9m,"Shrug (Barbell)",3,135.0,10.0,0,0.0,,,
2019-02-20 09:12:18,"RED Phase 2 Found 2",1h 9m,"Bench Press (Dumbbell)",1,40.0,10.0,0,0.0,"",,
2019-02-20 09:12:18,"RED Phase 2 Found 2",1h 9m,"Bench Press (Dumbbell)",2,40.0,9.0,0,0.0,,,
2019-02-20 09:12:18,"RED Phase 2 Found 2",1h 9m,"Bench Press (Dumbbell)",3,40.0,8.0,0,0.0,,,
2019-02-20 09:12:18,"RED Phase 2 Found 2",1h 9m,"Pullover (Dumbbell)",1,50.0,8.0,0,0.0,"",,
2019-02-20 09:12:18,"RED Phase 2 Found 2",1h 9m,"Chin Up",1,0.0,8.0,0,0.0,"",,
2019-02-20 09:12:18,"RED Phase 2 Found 2",1h 9m,"Chin Up",2,0.0,5.0,0,0.0,,,
2019-02-20 09:12:18,"RED Phase 2 Found 2",1h 9m,"Overhead Press (Dumbbell)",1,30.0,10.0,0,0.0,"",,
2019-02-20 09:12:18,"RED Phase 2 Found 2",1h 9m,"Overhead Press (Dumbbell)",2,30.0,8.0,0,0.0,,,
2019-02-20 09:12:18,"RED Phase 2 Found 2",1h 9m,"Overhead Press (Dumbbell)",3,30.0,8.0,0,0.0,,,
2019-02-20 09:12:18,"RED Phase 2 Found 2",1h 9m,"Bicep Curl (Barbell)",1,30.0,12.0,0,0.0,"",,
2019-02-20 09:12:18,"RED Phase 2 Found 2",1h 9m,"Bicep Curl (Barbell)",2,40.0,10.0,0,0.0,,,
2019-02-20 09:12:18,"RED Phase 2 Found 2",1h 9m,"Bicep Curl (Barbell)",3,40.0,10.0,0,0.0,,,
2019-02-20 09:12:18,"RED Phase 2 Found 2",1h 9m,"Triceps Pushdown (Cable - Straight Bar)",1,70.0,10.0,0,0.0,"",,
2019-02-20 09:12:18,"RED Phase 2 Found 2",1h 9m,"Triceps Pushdown (Cable - Straight Bar)",2,70.0,10.0,0,0.0,,,
2019-02-20 09:12:18,"RED Phase 2 Found 2",1h 9m,"Triceps Pushdown (Cable - Straight Bar)",3,70.0,10.0,0,0.0,,,
2019-02-20 09:12:18,"RED Phase 2 Found 2",1h 9m,"Standing Calf Raise (Barbell)",1,90.0,12.0,0,0.0,"",,
2019-02-20 09:12:18,"RED Phase 2 Found 2",1h 9m,"Standing Calf Raise (Barbell)",2,90.0,12.0,0,0.0,,,
2019-02-20 09:12:18,"RED Phase 2 Found 2",1h 9m,"Standing Calf Raise (Barbell)",3,90.0,12.0,0,0.0,,,
2019-02-20 09:12:18,"RED Phase 2 Found 2",1h 9m,"Decline Crunch",1,0.0,22.0,0,0.0,"",,
2019-02-20 09:12:18,"RED Phase 2 Found 2",1h 9m,"Decline Crunch",2,0.0,20.0,0,0.0,,,
2019-02-20 09:12:18,"RED Phase 2 Found 2",1h 9m,"Decline Crunch",3,0.0,12.0,0,0.0,,,
2019-03-21 09:56:02,"RED Phase 2 Found 1",47m,"Box Squat (Barbell)",1,135.0,10.0,0,0.0,"","",
2019-03-21 09:56:02,"RED Phase 2 Found 1",47m,"Box Squat (Barbell)",2,185.0,8.0,0,0.0,,,
2019-03-21 09:56:02,"RED Phase 2 Found 1",47m,"Box Squat (Barbell)",3,185.0,10.0,0,0.0,,,
2019-03-21 09:56:02,"RED Phase 2 Found 1",47m,"Box Squat (Barbell)",4,185.0,8.0,0,0.0,,,
2019-03-21 09:56:02,"RED Phase 2 Found 1",47m,"Incline Bench Press (Barbell)",1,95.0,10.0,0,0.0,"",,
2019-03-21 09:56:02,"RED Phase 2 Found 1",47m,"Incline Bench Press (Barbell)",2,115.0,8.0,0,0.0,,,
2019-03-21 09:56:02,"RED Phase 2 Found 1",47m,"Incline Bench Press (Barbell)",3,115.0,6.0,0,0.0,,,
2019-03-21 09:56:02,"RED Phase 2 Found 1",47m,"Bent Over Row (Barbell)",1,115.0,10.0,0,0.0,"",,
2019-03-21 09:56:02,"RED Phase 2 Found 1",47m,"Bent Over Row (Barbell)",2,115.0,10.0,0,0.0,,,
2019-03-21 09:56:02,"RED Phase 2 Found 1",47m,"Bent Over Row (Barbell)",3,115.0,10.0,0,0.0,,,
2019-03-21 09:56:02,"RED Phase 2 Found 1",47m,"Shrug (Dumbbell)",1,65.0,10.0,0,0.0,"",,
2019-03-21 09:56:02,"RED Phase 2 Found 1",47m,"Shrug (Dumbbell)",2,65.0,8.0,0,0.0,,,
2019-03-21 09:56:02,"RED Phase 2 Found 1",47m,"Reverse Fly (Dumbbell)",1,20.0,10.0,0,0.0,"",,
2019-03-21 09:56:02,"RED Phase 2 Found 1",47m,"Reverse Fly (Dumbbell)",2,20.0,10.0,0,0.0,,,
2019-03-21 09:56:02,"RED Phase 2 Found 1",47m,"Lateral Raise (Dumbbell)",1,20.0,8.0,0,0.0,"",,
2019-03-21 09:56:02,"RED Phase 2 Found 1",47m,"Lateral Raise (Dumbbell)",2,20.0,8.0,0,0.0,,,
2019-03-21 09:56:02,"RED Phase 2 Found 1",47m,"Bicep Curl (Dumbbell)",1,20.0,12.0,0,0.0,"",,
2019-03-21 09:56:02,"RED Phase 2 Found 1",47m,"Bicep Curl (Dumbbell)",2,25.0,8.0,0,0.0,,,
2019-03-21 09:56:02,"RED Phase 2 Found 1",47m,"Bicep Curl (Dumbbell)",3,20.0,10.0,0,0.0,,,
2019-04-03 09:47:12,"RED Phase 1 Found. 1",1h 9m,"Box Squat (Barbell)",1,135.0,10.0,0,0.0,"","",
2019-04-03 09:47:12,"RED Phase 1 Found. 1",1h 9m,"Squat (Barbell)",1,225.0,3.0,0,0.0,"",,
2019-04-03 09:47:12,"RED Phase 1 Found. 1",1h 9m,"Squat (Barbell)",2,245.0,3.0,0,0.0,,,
2019-04-03 09:47:12,"RED Phase 1 Found. 1",1h 9m,"Squat (Barbell)",3,265.0,3.0,0,0.0,,,
2019-04-03 09:47:12,"RED Phase 1 Found. 1",1h 9m,"Squat (Barbell)",4,270.0,2.0,0,0.0,,,
2019-04-03 09:47:12,"RED Phase 1 Found. 1",1h 9m,"Squat (Barbell)",5,270.0,1.0,0,0.0,,,
2019-04-03 09:47:12,"RED Phase 1 Found. 1",1h 9m,"Bench Press (Barbell)",1,135.0,5.0,0,0.0,"",,
2019-04-03 09:47:12,"RED Phase 1 Found. 1",1h 9m,"Bench Press (Barbell)",2,155.0,2.0,0,0.0,,,
2019-04-03 09:47:12,"RED Phase 1 Found. 1",1h 9m,"Bench Press (Barbell)",3,155.0,2.0,0,0.0,,,
2019-04-03 09:47:12,"RED Phase 1 Found. 1",1h 9m,"Bench Press (Barbell)",4,155.0,2.0,0,0.0,,,
2019-04-03 09:47:12,"RED Phase 1 Found. 1",1h 9m,"Bench Press (Barbell)",5,155.0,2.0,0,0.0,,,
2019-04-03 09:47:12,"RED Phase 1 Found. 1",1h 9m,"Pull Up",1,0.0,8.0,0,0.0,"",,
2019-04-03 09:47:12,"RED Phase 1 Found. 1",1h 9m,"Pull Up",2,0.0,5.0,0,0.0,,,
2019-04-03 09:47:12,"RED Phase 1 Found. 1",1h 9m,"Shrug (Barbell)",1,135.0,8.0,0,0.0,"",,
2019-04-03 09:47:12,"RED Phase 1 Found. 1",1h 9m,"Shrug (Barbell)",2,135.0,7.0,0,0.0,,,
2019-04-03 09:47:12,"RED Phase 1 Found. 1",1h 9m,"Shrug (Barbell)",3,135.0,6.0,0,0.0,,,
2019-04-03 09:47:12,"RED Phase 1 Found. 1",1h 9m,"Bicep Curl (Barbell)",1,50.0,10.0,0,0.0,"",,
2019-04-03 09:47:12,"RED Phase 1 Found. 1",1h 9m,"Bicep Curl (Barbell)",2,60.0,7.0,0,0.0,,,
2019-04-03 09:47:12,"RED Phase 1 Found. 1",1h 9m,"Skullcrusher (Barbell)",1,60.0,6.0,0,0.0,"",,
2019-04-03 09:47:12,"RED Phase 1 Found. 1",1h 9m,"Skullcrusher (Barbell)",2,60.0,5.0,0,0.0,,,
2019-04-03 09:47:12,"RED Phase 1 Found. 1",1h 9m,"Sit Up",1,0.0,14.0,0,0.0,"",,
2019-04-03 09:47:12,"RED Phase 1 Found. 1",1h 9m,"Sit Up",2,0.0,9.0,0,0.0,,,
2019-04-03 09:47:12,"RED Phase 1 Found. 1",1h 9m,"Sit Up",3,0.0,5.0,0,0.0,,,
2019-04-03 09:47:12,"RED Phase 1 Found. 1",1h 9m,"Sit Up",4,0.0,4.0,0,0.0,,,
2019-04-03 09:47:12,"RED Phase 1 Found. 1",1h 9m,"Standing Calf Raise (Barbell)",1,90.0,15.0,0,0.0,"",,
2019-04-03 09:47:12,"RED Phase 1 Found. 1",1h 9m,"Standing Calf Raise (Barbell)",2,90.0,12.0,0,0.0,,,
2019-04-03 09:47:12,"RED Phase 1 Found. 1",1h 9m,"Standing Calf Raise (Barbell)",3,90.0,15.0,0,0.0,,,
2019-04-03 09:47:12,"RED Phase 1 Found. 1",1h 9m,"Standing Calf Raise (Barbell)",4,90.0,15.0,0,0.0,,,
2019-04-03 09:47:12,"RED Phase 1 Found. 1",1h 9m,"Standing Calf Raise (Barbell)",5,90.0,10.0,0,0.0,,,
2019-04-06 10:09:15,"RED Phase 1 Found. 2",29m,"Overhead Press (Barbell)",1,95.0,4.0,0,0.0,"","",
2019-04-06 10:09:15,"RED Phase 1 Found. 2",29m,"Overhead Press (Barbell)",2,115.0,2.0,0,0.0,,,
2019-04-06 10:09:15,"RED Phase 1 Found. 2",29m,"Overhead Press (Barbell)",3,115.0,1.0,0,0.0,,,
2019-04-06 10:09:15,"RED Phase 1 Found. 2",29m,"Overhead Press (Barbell)",4,95.0,3.0,0,0.0,,,
2019-04-06 10:09:15,"RED Phase 1 Found. 2",29m,"Overhead Press (Barbell)",5,95.0,2.0,0,0.0,,,
2019-04-06 10:09:15,"RED Phase 1 Found. 2",29m,"Reverse Fly (Dumbbell)",1,20.0,8.0,0,0.0,"",,
2019-04-06 10:09:15,"RED Phase 1 Found. 2",29m,"Reverse Fly (Dumbbell)",2,25.0,8.0,0,0.0,,,
2019-04-06 10:09:15,"RED Phase 1 Found. 2",29m,"Shrug (Dumbbell)",1,65.0,7.0,0,0.0,"",,
2019-04-06 10:09:15,"RED Phase 1 Found. 2",29m,"Shrug (Dumbbell)",2,65.0,7.0,0,0.0,,,
2019-04-06 10:09:15,"RED Phase 1 Found. 2",29m,"Hanging Leg Raise",1,0.0,8.0,0,0.0,"",,
2019-04-06 10:09:15,"RED Phase 1 Found. 2",29m,"Hanging Leg Raise",2,0.0,8.0,0,0.0,,,
2019-04-06 10:09:15,"RED Phase 1 Found. 2",29m,"Hanging Leg Raise",3,0.0,7.0,0,0.0,,,
2019-04-07 15:20:26,"Black Phase 1 Found. 2",1h 34m,"Deadlift (Barbell)",1,205.0,6.0,0,0.0,"","",
2019-04-07 15:20:26,"Black Phase 1 Found. 2",1h 34m,"Deadlift (Barbell)",2,225.0,4.0,0,0.0,,,
2019-04-07 15:20:26,"Black Phase 1 Found. 2",1h 34m,"Deadlift (Barbell)",3,255.0,3.0,0,0.0,,,
2019-04-07 15:20:26,"Black Phase 1 Found. 2",1h 34m,"Deadlift (Barbell)",4,255.0,3.0,0,0.0,,,
2019-04-07 15:20:26,"Black Phase 1 Found. 2",1h 34m,"Deadlift (Barbell)",5,255.0,3.0,0,0.0,,,
2019-04-07 15:20:26,"Black Phase 1 Found. 2",1h 34m,"Shrug (Barbell)",1,135.0,8.0,0,0.0,"",,
2019-04-07 15:20:26,"Black Phase 1 Found. 2",1h 34m,"Shrug (Barbell)",2,155.0,7.0,0,0.0,,,
2019-04-07 15:20:26,"Black Phase 1 Found. 2",1h 34m,"Pull Up",1,0.0,8.0,0,0.0,"",,
2019-04-07 15:20:26,"Black Phase 1 Found. 2",1h 34m,"Pull Up",2,0.0,5.0,0,0.0,,,
2019-04-07 15:20:26,"Black Phase 1 Found. 2",1h 34m,"Pull Up",3,0.0,4.0,0,0.0,,,
2019-04-07 15:20:26,"Black Phase 1 Found. 2",1h 34m,"Lunge (Barbell)",1,70.0,20.0,0,0.0,"",,
2019-04-07 15:20:26,"Black Phase 1 Found. 2",1h 34m,"Lunge (Barbell)",2,70.0,20.0,0,0.0,,,
2019-04-07 15:20:26,"Black Phase 1 Found. 2",1h 34m,"Incline Bench Press (Dumbbell)",1,35.0,8.0,0,0.0,"",,
2019-04-07 15:20:26,"Black Phase 1 Found. 2",1h 34m,"Incline Bench Press (Dumbbell)",2,45.0,6.0,0,0.0,,,
2019-04-07 15:20:26,"Black Phase 1 Found. 2",1h 34m,"Incline Bench Press (Dumbbell)",3,45.0,6.0,0,0.0,,,
2019-04-07 15:20:26,"Black Phase 1 Found. 2",1h 34m,"Incline Bench Press (Dumbbell)",4,45.0,6.0,0,0.0,,,
2019-04-07 15:20:26,"Black Phase 1 Found. 2",1h 34m,"Incline Bench Press (Dumbbell)",5,45.0,6.0,0,0.0,,,
2019-04-07 15:20:26,"Black Phase 1 Found. 2",1h 34m,"Arnold Press (Dumbbell)",1,30.0,6.0,0,0.0,"",,
2019-04-07 15:20:26,"Black Phase 1 Found. 2",1h 34m,"Arnold Press (Dumbbell)",2,30.0,7.0,0,0.0,,,
2019-04-07 15:20:26,"Black Phase 1 Found. 2",1h 34m,"Arnold Press (Dumbbell)",3,30.0,6.0,0,0.0,,,
2019-04-07 15:20:26,"Black Phase 1 Found. 2",1h 34m,"Arnold Press (Dumbbell)",4,30.0,5.0,0,0.0,,,
2019-04-07 15:20:26,"Black Phase 1 Found. 2",1h 34m,"Reverse Fly (Cable)",1,50.0,10.0,0,0.0,"",,
2019-04-07 15:20:26,"Black Phase 1 Found. 2",1h 34m,"Bicep Curl (Dumbbell)",1,25.0,8.0,0,0.0,"",,
2019-04-07 15:20:26,"Black Phase 1 Found. 2",1h 34m,"Bicep Curl (Dumbbell)",2,30.0,7.0,0,0.0,,,
2019-04-07 15:20:26,"Black Phase 1 Found. 2",1h 34m,"Bicep Curl (Dumbbell)",3,30.0,6.0,0,0.0,,,
2019-04-07 15:20:26,"Black Phase 1 Found. 2",1h 34m,"Bicep Curl (Dumbbell)",4,25.0,5.0,0,0.0,,,
2019-04-07 15:20:26,"Black Phase 1 Found. 2",1h 34m,"Chest Dip",1,0.0,8.0,0,0.0,"",,
2019-04-07 15:20:26,"Black Phase 1 Found. 2",1h 34m,"Chest Dip",2,0.0,7.0,0,0.0,,,
2019-04-07 15:20:26,"Black Phase 1 Found. 2",1h 34m,"Chest Dip",3,0.0,6.0,0,0.0,,,
2019-04-07 15:20:26,"Black Phase 1 Found. 2",1h 34m,"Chest Dip",4,0.0,5.0,0,0.0,,,
2019-04-07 15:20:26,"Black Phase 1 Found. 2",1h 34m,"Sit Up",1,0.0,10.0,0,0.0,"",,
2019-04-07 15:20:26,"Black Phase 1 Found. 2",1h 34m,"Sit Up",2,0.0,8.0,0,0.0,,,
2019-04-07 15:20:26,"Black Phase 1 Found. 2",1h 34m,"Sit Up",3,0.0,5.0,0,0.0,,,
2019-04-07 15:20:26,"Black Phase 1 Found. 2",1h 34m,"Sit Up",4,0.0,4.0,0,0.0,,,
2019-04-07 15:20:26,"Black Phase 1 Found. 2",1h 34m,"Calf Press on Leg Press",1,210.0,12.0,0,0.0,"",,
2019-04-07 15:20:26,"Black Phase 1 Found. 2",1h 34m,"Calf Press on Leg Press",2,210.0,12.0,0,0.0,,,
2019-04-07 15:20:26,"Black Phase 1 Found. 2",1h 34m,"Calf Press on Leg Press",3,210.0,12.0,0,0.0,,,
2019-04-07 15:20:26,"Black Phase 1 Found. 2",1h 34m,"Calf Press on Leg Press",4,210.0,12.0,0,0.0,,,
2019-04-10 10:29:34,"Black Phase 1 Found 3",1h 15m,"Front Squat (Barbell)",1,135.0,8.0,0,0.0,"","",
2019-04-10 10:29:34,"Black Phase 1 Found 3",1h 15m,"Front Squat (Barbell)",2,135.0,8.0,0,0.0,,,
2019-04-10 10:29:34,"Black Phase 1 Found 3",1h 15m,"Front Squat (Barbell)",3,135.0,8.0,0,0.0,,,
2019-04-10 10:29:34,"Black Phase 1 Found 3",1h 15m,"T Bar Row",1,45.0,10.0,0,0.0,"",,
2019-04-10 10:29:34,"Black Phase 1 Found 3",1h 15m,"T Bar Row",2,90.0,6.0,0,0.0,,,
2019-04-10 10:29:34,"Black Phase 1 Found 3",1h 15m,"T Bar Row",3,90.0,6.0,0,0.0,,,
2019-04-10 10:29:34,"Black Phase 1 Found 3",1h 15m,"T Bar Row",4,90.0,6.0,0,0.0,,,
2019-04-10 10:29:34,"Black Phase 1 Found 3",1h 15m,"Bench Press (Dumbbell)",1,50.0,8.0,0,0.0,"",,
2019-04-10 10:29:34,"Black Phase 1 Found 3",1h 15m,"Bench Press (Dumbbell)",2,55.0,6.0,0,0.0,,,
2019-04-10 10:29:34,"Black Phase 1 Found 3",1h 15m,"Bench Press (Dumbbell)",3,55.0,6.0,0,0.0,,,
2019-04-10 10:29:34,"Black Phase 1 Found 3",1h 15m,"Bench Press (Dumbbell)",4,55.0,5.0,0,0.0,,,
2019-04-10 10:29:34,"Black Phase 1 Found 3",1h 15m,"Upright Row (Barbell)",1,115.0,4.0,0,0.0,"",,
2019-04-10 10:29:34,"Black Phase 1 Found 3",1h 15m,"Upright Row (Barbell)",2,95.0,6.0,0,0.0,,,
2019-04-10 10:29:34,"Black Phase 1 Found 3",1h 15m,"Upright Row (Barbell)",3,95.0,6.0,0,0.0,,,
2019-04-10 10:29:34,"Black Phase 1 Found 3",1h 15m,"Upright Row (Barbell)",4,95.0,6.0,0,0.0,,,
2019-04-10 10:29:34,"Black Phase 1 Found 3",1h 15m,"Preacher Curl (Barbell)",1,55.0,7.0,0,0.0,"",,
2019-04-10 10:29:34,"Black Phase 1 Found 3",1h 15m,"Preacher Curl (Barbell)",2,55.0,6.0,0,0.0,,,
2019-04-10 10:29:34,"Black Phase 1 Found 3",1h 15m,"Preacher Curl (Barbell)",3,55.0,6.0,0,0.0,,,
2019-04-10 10:29:34,"Black Phase 1 Found 3",1h 15m,"Preacher Curl (Barbell)",4,55.0,5.0,0,0.0,,,
2019-04-10 10:29:34,"Black Phase 1 Found 3",1h 15m,"Triceps Extension (Dumbbell)",1,45.0,8.0,0,0.0,"",,
2019-04-10 10:29:34,"Black Phase 1 Found 3",1h 15m,"Triceps Extension (Dumbbell)",2,50.0,6.0,0,0.0,,,
2019-04-10 10:29:34,"Black Phase 1 Found 3",1h 15m,"Triceps Extension (Dumbbell)",3,50.0,6.0,0,0.0,,,
2019-04-10 10:29:34,"Black Phase 1 Found 3",1h 15m,"Triceps Extension (Dumbbell)",4,50.0,5.0,0,0.0,,,
2019-04-10 10:29:34,"Black Phase 1 Found 3",1h 15m,"Crunch (Stability Ball)",1,0,12.0,0,0.0,"",,
2019-04-10 10:29:34,"Black Phase 1 Found 3",1h 15m,"Crunch (Stability Ball)",2,0,12.0,0,0.0,,,
2019-04-10 10:29:34,"Black Phase 1 Found 3",1h 15m,"Crunch (Stability Ball)",3,0,12.0,0,0.0,,,
2019-04-10 10:29:34,"Black Phase 1 Found 3",1h 15m,"Standing Calf Raise (Bodyweight)",1,0,15.0,0,0.0,"",,
2019-04-10 10:29:34,"Black Phase 1 Found 3",1h 15m,"Standing Calf Raise (Bodyweight)",2,0,12.0,0,0.0,,,
2019-04-10 10:29:34,"Black Phase 1 Found 3",1h 15m,"Standing Calf Raise (Bodyweight)",3,0,15.0,0,0.0,,,
2019-04-13 10:51:46,"Black Phase 1 Found 1",1h 24m,"Squat (Barbell)",1,225.0,3.0,0,0.0,"","",
2019-04-13 10:51:46,"Black Phase 1 Found 1",1h 24m,"Squat (Barbell)",2,245.0,3.0,0,0.0,,,
2019-04-13 10:51:46,"Black Phase 1 Found 1",1h 24m,"Squat (Barbell)",3,270.0,2.0,0,0.0,,,
2019-04-13 10:51:46,"Black Phase 1 Found 1",1h 24m,"Squat (Barbell)",4,270.0,2.0,0,0.0,,,
2019-04-13 10:51:46,"Black Phase 1 Found 1",1h 24m,"Squat (Barbell)",5,270.0,1.0,0,0.0,,,
2019-04-13 10:51:46,"Black Phase 1 Found 1",1h 24m,"Romanian Deadlift (Barbell)",1,135.0,7.0,0,0.0,"",,
2019-04-13 10:51:46,"Black Phase 1 Found 1",1h 24m,"Romanian Deadlift (Barbell)",2,155.0,6.0,0,0.0,,,
2019-04-13 10:51:46,"Black Phase 1 Found 1",1h 24m,"Romanian Deadlift (Barbell)",3,155.0,7.0,0,0.0,,,
2019-04-13 10:51:46,"Black Phase 1 Found 1",1h 24m,"Incline Bench Press (Barbell)",1,135.0,4.0,0,0.0,"",,
2019-04-13 10:51:46,"Black Phase 1 Found 1",1h 24m,"Incline Bench Press (Barbell)",2,135.0,3.0,0,0.0,,,
2019-04-13 10:51:46,"Black Phase 1 Found 1",1h 24m,"Incline Bench Press (Barbell)",3,135.0,3.0,0,0.0,,,
2019-04-13 10:51:46,"Black Phase 1 Found 1",1h 24m,"Incline Bench Press (Barbell)",4,135.0,3.0,0,0.0,,,
2019-04-13 10:51:46,"Black Phase 1 Found 1",1h 24m,"Bent Over Row (Barbell)",1,135.0,5.0,0,0.0,"",,
2019-04-13 10:51:46,"Black Phase 1 Found 1",1h 24m,"Bent Over Row (Barbell)",2,135.0,5.0,0,0.0,,,
2019-04-13 10:51:46,"Black Phase 1 Found 1",1h 24m,"Bent Over Row (Barbell)",3,135.0,4.0,0,0.0,,,
2019-04-13 10:51:46,"Black Phase 1 Found 1",1h 24m,"Bent Over Row (Barbell)",4,135.0,4.0,0,0.0,,,
2019-04-13 10:51:46,"Black Phase 1 Found 1",1h 24m,"Shrug (Dumbbell)",1,70.0,5.0,0,0.0,"",,
2019-04-13 10:51:46,"Black Phase 1 Found 1",1h 24m,"Shrug (Dumbbell)",2,70.0,5.0,0,0.0,,,
2019-04-13 10:51:46,"Black Phase 1 Found 1",1h 24m,"Shrug (Dumbbell)",3,70.0,5.0,0,0.0,,,
2019-04-13 10:51:46,"Black Phase 1 Found 1",1h 24m,"Shrug (Dumbbell)",4,70.0,5.0,0,0.0,,,
2019-04-13 10:51:46,"Black Phase 1 Found 1",1h 24m,"Push Press",1,90.0,5.0,0,0.0,"",,
2019-04-13 10:51:46,"Black Phase 1 Found 1",1h 24m,"Push Press",2,110.0,3.0,0,0.0,,,
2019-04-13 10:51:46,"Black Phase 1 Found 1",1h 24m,"Push Press",3,110.0,3.0,0,0.0,,,
2019-04-13 10:51:46,"Black Phase 1 Found 1",1h 24m,"Rear Lateral Raise",1,25.0,10.0,0,0.0,"",,
2019-04-13 10:51:46,"Black Phase 1 Found 1",1h 24m,"Bicep Curl (Barbell)",1,60.0,6.0,0,0.0,"",,
2019-04-13 10:51:46,"Black Phase 1 Found 1",1h 24m,"Bicep Curl (Barbell)",2,60.0,6.0,0,0.0,,,
2019-04-13 10:51:46,"Black Phase 1 Found 1",1h 24m,"Bicep Curl (Barbell)",3,60.0,6.0,0,0.0,,,
2019-04-13 10:51:46,"Black Phase 1 Found 1",1h 24m,"Bicep Curl (Barbell)",4,60.0,6.0,0,0.0,,,
2019-04-13 10:51:46,"Black Phase 1 Found 1",1h 24m,"Skullcrusher (Barbell)",1,60.0,6.0,0,0.0,"",,
2019-04-13 10:51:46,"Black Phase 1 Found 1",1h 24m,"Skullcrusher (Barbell)",2,60.0,6.0,0,0.0,,,
2019-04-13 10:51:46,"Black Phase 1 Found 1",1h 24m,"Skullcrusher (Barbell)",3,60.0,6.0,0,0.0,,,
2019-04-13 10:51:46,"Black Phase 1 Found 1",1h 24m,"Skullcrusher (Barbell)",4,60.0,5.0,0,0.0,,,
2019-04-13 10:51:46,"Black Phase 1 Found 1",1h 24m,"Hanging Leg Raise",1,0.0,8.0,0,0.0,"",,
2019-04-13 10:51:46,"Black Phase 1 Found 1",1h 24m,"Hanging Leg Raise",2,0.0,8.0,0,0.0,,,
2019-04-13 10:51:46,"Black Phase 1 Found 1",1h 24m,"Hanging Leg Raise",3,0.0,7.0,0,0.0,,,
2019-04-13 10:51:46,"Black Phase 1 Found 1",1h 24m,"Standing Calf Raise (Machine)",1,90.0,12.0,0,0.0,"",,
2019-04-13 10:51:46,"Black Phase 1 Found 1",1h 24m,"Standing Calf Raise (Machine)",2,90.0,12.0,0,0.0,,,
2019-04-13 10:51:46,"Black Phase 1 Found 1",1h 24m,"Standing Calf Raise (Machine)",3,90.0,12.0,0,0.0,,,
2019-04-15 15:37:36,"Black Phase 1 Found. 2",1h 32m,"Deadlift (Barbell)",1,225.0,4.0,0,0.0,"","",
2019-04-15 15:37:36,"Black Phase 1 Found. 2",1h 32m,"Deadlift (Barbell)",2,270.0,3.0,0,0.0,,,
2019-04-15 15:37:36,"Black Phase 1 Found. 2",1h 32m,"Deadlift (Barbell)",3,290.0,3.0,0,0.0,,,
2019-04-15 15:37:36,"Black Phase 1 Found. 2",1h 32m,"Deadlift (Barbell)",4,310.0,2.0,0,0.0,,,
2019-04-15 15:37:36,"Black Phase 1 Found. 2",1h 32m,"Deadlift (Barbell)",5,310.0,2.0,0,0.0,,,
2019-04-15 15:37:36,"Black Phase 1 Found. 2",1h 32m,"Shrug (Barbell)",1,135.0,8.0,0,0.0,"",,
2019-04-15 15:37:36,"Black Phase 1 Found. 2",1h 32m,"Shrug (Barbell)",2,155.0,7.0,0,0.0,,,
2019-04-15 15:37:36,"Black Phase 1 Found. 2",1h 32m,"Pull Up",1,0.0,8.0,0,0.0,"",,
2019-04-15 15:37:36,"Black Phase 1 Found. 2",1h 32m,"Pull Up",2,0.0,5.0,0,0.0,,,
2019-04-15 15:37:36,"Black Phase 1 Found. 2",1h 32m,"Pull Up",3,0.0,4.0,0,0.0,,,
2019-04-15 15:37:36,"Black Phase 1 Found. 2",1h 32m,"Lunge (Barbell)",1,70.0,20.0,0,0.0,"",,
2019-04-15 15:37:36,"Black Phase 1 Found. 2",1h 32m,"Lunge (Barbell)",2,70.0,20.0,0,0.0,,,
2019-04-15 15:37:36,"Black Phase 1 Found. 2",1h 32m,"Lunge (Barbell)",3,70.0,20.0,0,0.0,,,
2019-04-15 15:37:36,"Black Phase 1 Found. 2",1h 32m,"Incline Bench Press (Dumbbell)",1,45.0,8.0,0,0.0,"",,
2019-04-15 15:37:36,"Black Phase 1 Found. 2",1h 32m,"Incline Bench Press (Dumbbell)",2,50.0,7.0,0,0.0,,,
2019-04-15 15:37:36,"Black Phase 1 Found. 2",1h 32m,"Incline Bench Press (Dumbbell)",3,50.0,6.0,0,0.0,,,
2019-04-15 15:37:36,"Black Phase 1 Found. 2",1h 32m,"Incline Bench Press (Dumbbell)",4,50.0,6.0,0,0.0,,,
2019-04-15 15:37:36,"Black Phase 1 Found. 2",1h 32m,"Incline Bench Press (Dumbbell)",5,50.0,6.0,0,0.0,,,
2019-04-15 15:37:36,"Black Phase 1 Found. 2",1h 32m,"Arnold Press (Dumbbell)",1,30.0,6.0,0,0.0,"",,
2019-04-15 15:37:36,"Black Phase 1 Found. 2",1h 32m,"Arnold Press (Dumbbell)",2,30.0,6.0,0,0.0,,,
2019-04-15 15:37:36,"Black Phase 1 Found. 2",1h 32m,"Arnold Press (Dumbbell)",3,30.0,6.0,0,0.0,,,
2019-04-15 15:37:36,"Black Phase 1 Found. 2",1h 32m,"Arnold Press (Dumbbell)",4,30.0,6.0,0,0.0,,,
2019-04-15 15:37:36,"Black Phase 1 Found. 2",1h 32m,"Reverse Fly (Cable)",1,50.0,10.0,0,0.0,"",,
2019-04-15 15:37:36,"Black Phase 1 Found. 2",1h 32m,"Bicep Curl (Dumbbell)",1,30.0,6.0,0,0.0,"",,
2019-04-15 15:37:36,"Black Phase 1 Found. 2",1h 32m,"Bicep Curl (Dumbbell)",2,30.0,7.0,0,0.0,,,
2019-04-15 15:37:36,"Black Phase 1 Found. 2",1h 32m,"Bicep Curl (Dumbbell)",3,30.0,5.0,0,0.0,,,
2019-04-15 15:37:36,"Black Phase 1 Found. 2",1h 32m,"Bicep Curl (Dumbbell)",4,30.0,5.0,0,0.0,,,
2019-04-15 15:37:36,"Black Phase 1 Found. 2",1h 32m,"Chest Dip",1,0.0,8.0,0,0.0,"",,
2019-04-15 15:37:36,"Black Phase 1 Found. 2",1h 32m,"Chest Dip",2,0.0,6.0,0,0.0,,,
2019-04-15 15:37:36,"Black Phase 1 Found. 2",1h 32m,"Chest Dip",3,0.0,6.0,0,0.0,,,
2019-04-15 15:37:36,"Black Phase 1 Found. 2",1h 32m,"Chest Dip",4,0.0,5.0,0,0.0,,,
2019-04-15 15:37:36,"Black Phase 1 Found. 2",1h 32m,"Sit Up",1,0.0,12.0,0,0.0,"",,
2019-04-15 15:37:36,"Black Phase 1 Found. 2",1h 32m,"Sit Up",2,0.0,9.0,0,0.0,,,
2019-04-15 15:37:36,"Black Phase 1 Found. 2",1h 32m,"Sit Up",3,0.0,7.0,0,0.0,,,
2019-04-15 15:37:36,"Black Phase 1 Found. 2",1h 32m,"Sit Up",4,0.0,4.0,0,0.0,,,
2019-04-15 15:37:36,"Black Phase 1 Found. 2",1h 32m,"Seated Calf Raise (Machine)",1,90.0,10.0,0,0.0,"",,
2019-04-15 15:37:36,"Black Phase 1 Found. 2",1h 32m,"Seated Calf Raise (Machine)",2,90.0,10.0,0,0.0,,,
2019-04-15 15:37:36,"Black Phase 1 Found. 2",1h 32m,"Seated Calf Raise (Machine)",3,90.0,10.0,0,0.0,,,
2019-04-15 15:37:36,"Black Phase 1 Found. 2",1h 32m,"Seated Calf Raise (Machine)",4,90.0,10.0,0,0.0,,,
2019-04-17 11:50:33,"Black Phase 1 Found 3",1h 5m,"Front Squat (Barbell)",1,135.0,8.0,0,0.0,"","",
2019-04-17 11:50:33,"Black Phase 1 Found 3",1h 5m,"Front Squat (Barbell)",2,135.0,8.0,0,0.0,,,
2019-04-17 11:50:33,"Black Phase 1 Found 3",1h 5m,"Front Squat (Barbell)",3,135.0,8.0,0,0.0,,,
2019-04-17 11:50:33,"Black Phase 1 Found 3",1h 5m,"T Bar Row",1,90.0,7.0,0,0.0,"",,
2019-04-17 11:50:33,"Black Phase 1 Found 3",1h 5m,"T Bar Row",2,90.0,6.0,0,0.0,,,
2019-04-17 11:50:33,"Black Phase 1 Found 3",1h 5m,"T Bar Row",3,90.0,6.0,0,0.0,,,
2019-04-17 11:50:33,"Black Phase 1 Found 3",1h 5m,"T Bar Row",4,90.0,6.0,0,0.0,,,
2019-04-17 11:50:33,"Black Phase 1 Found 3",1h 5m,"Bench Press (Dumbbell)",1,55.0,7.0,0,0.0,"",,
2019-04-17 11:50:33,"Black Phase 1 Found 3",1h 5m,"Bench Press (Dumbbell)",2,55.0,6.0,0,0.0,,,
2019-04-17 11:50:33,"Black Phase 1 Found 3",1h 5m,"Bench Press (Dumbbell)",3,55.0,6.0,0,0.0,,,
2019-04-17 11:50:33,"Black Phase 1 Found 3",1h 5m,"Bench Press (Dumbbell)",4,55.0,5.0,0,0.0,,,
2019-04-17 11:50:33,"Black Phase 1 Found 3",1h 5m,"Upright Row (Barbell)",1,95.0,6.0,0,0.0,"",,
2019-04-17 11:50:33,"Black Phase 1 Found 3",1h 5m,"Upright Row (Barbell)",2,95.0,4.0,0,0.0,,,
2019-04-17 11:50:33,"Black Phase 1 Found 3",1h 5m,"Upright Row (Barbell)",3,95.0,5.0,0,0.0,,,
2019-04-17 11:50:33,"Black Phase 1 Found 3",1h 5m,"Upright Row (Barbell)",4,95.0,5.0,0,0.0,,,
2019-04-17 11:50:33,"Black Phase 1 Found 3",1h 5m,"Preacher Curl (Barbell)",1,55.0,7.0,0,0.0,"",,
2019-04-17 11:50:33,"Black Phase 1 Found 3",1h 5m,"Preacher Curl (Barbell)",2,55.0,7.0,0,0.0,,,
2019-04-17 11:50:33,"Black Phase 1 Found 3",1h 5m,"Preacher Curl (Barbell)",3,55.0,5.0,0,0.0,,,
2019-04-17 11:50:33,"Black Phase 1 Found 3",1h 5m,"Preacher Curl (Barbell)",4,55.0,6.0,0,0.0,,,
2019-04-17 11:50:33,"Black Phase 1 Found 3",1h 5m,"Triceps Extension (Dumbbell)",1,55.0,7.0,0,0.0,"",,
2019-04-17 11:50:33,"Black Phase 1 Found 3",1h 5m,"Triceps Extension (Dumbbell)",2,50.0,7.0,0,0.0,,,
2019-04-17 11:50:33,"Black Phase 1 Found 3",1h 5m,"Triceps Extension (Dumbbell)",3,50.0,6.0,0,0.0,,,
2019-04-17 11:50:33,"Black Phase 1 Found 3",1h 5m,"Triceps Extension (Dumbbell)",4,50.0,5.0,0,0.0,,,
2019-04-17 11:50:33,"Black Phase 1 Found 3",1h 5m,"Crunch (Stability Ball)",1,0,15.0,0,0.0,"",,
2019-04-17 11:50:33,"Black Phase 1 Found 3",1h 5m,"Crunch (Stability Ball)",2,0,15.0,0,0.0,,,
2019-04-17 11:50:33,"Black Phase 1 Found 3",1h 5m,"Crunch (Stability Ball)",3,0,15.0,0,0.0,,,
2019-04-17 11:50:33,"Black Phase 1 Found 3",1h 5m,"Standing Calf Raise (Bodyweight)",1,0,15.0,0,0.0,"",,
2019-04-17 11:50:33,"Black Phase 1 Found 3",1h 5m,"Standing Calf Raise (Bodyweight)",2,0,15.0,0,0.0,,,
2019-04-17 11:50:33,"Black Phase 1 Found 3",1h 5m,"Standing Calf Raise (Bodyweight)",3,0,15.0,0,0.0,,,
2019-04-20 13:05:34,"Black Phase 1 Found 1",1h 3m,"Squat (Barbell)",1,225.0,3.0,0,0.0,"","",
2019-04-20 13:05:34,"Black Phase 1 Found 1",1h 3m,"Squat (Barbell)",2,275.0,2.0,0,0.0,,,
2019-04-20 13:05:34,"Black Phase 1 Found 1",1h 3m,"Squat (Barbell)",3,275.0,2.0,0,0.0,,,
2019-04-20 13:05:34,"Black Phase 1 Found 1",1h 3m,"Squat (Barbell)",4,270.0,2.0,0,0.0,,,
2019-04-20 13:05:34,"Black Phase 1 Found 1",1h 3m,"Squat (Barbell)",5,275.0,2.0,0,0.0,,,
2019-04-20 13:05:34,"Black Phase 1 Found 1",1h 3m,"Romanian Deadlift (Barbell)",1,135.0,7.0,0,0.0,"",,
2019-04-20 13:05:34,"Black Phase 1 Found 1",1h 3m,"Romanian Deadlift (Barbell)",2,155.0,6.0,0,0.0,,,
2019-04-20 13:05:34,"Black Phase 1 Found 1",1h 3m,"Romanian Deadlift (Barbell)",3,155.0,8.0,0,0.0,,,
2019-04-20 13:05:34,"Black Phase 1 Found 1",1h 3m,"Incline Bench Press (Barbell)",1,135.0,4.0,0,0.0,"",,
2019-04-20 13:05:34,"Black Phase 1 Found 1",1h 3m,"Incline Bench Press (Barbell)",2,135.0,4.0,0,0.0,,,
2019-04-20 13:05:34,"Black Phase 1 Found 1",1h 3m,"Incline Bench Press (Barbell)",3,135.0,3.0,0,0.0,,,
2019-04-20 13:05:34,"Black Phase 1 Found 1",1h 3m,"Incline Bench Press (Barbell)",4,135.0,4.0,0,0.0,,,
2019-04-20 13:05:34,"Black Phase 1 Found 1",1h 3m,"Bent Over Row (Barbell)",1,135.0,6.0,0,0.0,"",,
2019-04-20 13:05:34,"Black Phase 1 Found 1",1h 3m,"Bent Over Row (Barbell)",2,155.0,5.0,0,0.0,,,
2019-04-20 13:05:34,"Black Phase 1 Found 1",1h 3m,"Bent Over Row (Barbell)",3,155.0,4.0,0,0.0,,,
2019-04-20 13:05:34,"Black Phase 1 Found 1",1h 3m,"Bent Over Row (Barbell)",4,135.0,4.0,0,0.0,,,
2019-04-20 13:05:34,"Black Phase 1 Found 1",1h 3m,"Shrug (Dumbbell)",1,70.0,5.0,0,0.0,"",,
2019-04-20 13:05:34,"Black Phase 1 Found 1",1h 3m,"Shrug (Dumbbell)",2,70.0,5.0,0,0.0,,,
2019-04-20 13:05:34,"Black Phase 1 Found 1",1h 3m,"Shrug (Dumbbell)",3,70.0,5.0,0,0.0,,,
2019-04-20 13:05:34,"Black Phase 1 Found 1",1h 3m,"Shrug (Dumbbell)",4,70.0,6.0,0,0.0,,,
2019-04-20 13:05:34,"Black Phase 1 Found 1",1h 3m,"Push Press",1,90.0,5.0,0,0.0,"",,
2019-04-20 13:05:34,"Black Phase 1 Found 1",1h 3m,"Push Press",2,100.0,3.0,0,0.0,,,
2019-04-20 13:05:34,"Black Phase 1 Found 1",1h 3m,"Push Press",3,100.0,3.0,0,0.0,,,
2019-04-20 13:05:34,"Black Phase 1 Found 1",1h 3m,"Rear Lateral Raise",1,25.0,10.0,0,0.0,"",,
2019-04-20 13:05:34,"Black Phase 1 Found 1",1h 3m,"Bicep Curl (Barbell)",1,60.0,6.0,0,0.0,"",,
2019-04-20 13:05:34,"Black Phase 1 Found 1",1h 3m,"Bicep Curl (Barbell)",2,60.0,6.0,0,0.0,,,
2019-04-20 13:05:34,"Black Phase 1 Found 1",1h 3m,"Bicep Curl (Barbell)",3,60.0,6.0,0,0.0,,,
2019-04-20 13:05:34,"Black Phase 1 Found 1",1h 3m,"Bicep Curl (Barbell)",4,60.0,6.0,0,0.0,,,
2019-04-20 13:05:34,"Black Phase 1 Found 1",1h 3m,"Skullcrusher (Barbell)",1,60.0,6.0,0,0.0,"",,
2019-04-20 13:05:34,"Black Phase 1 Found 1",1h 3m,"Skullcrusher (Barbell)",2,60.0,6.0,0,0.0,,,
2019-04-20 13:05:34,"Black Phase 1 Found 1",1h 3m,"Skullcrusher (Barbell)",3,60.0,6.0,0,0.0,,,
2019-04-20 13:05:34,"Black Phase 1 Found 1",1h 3m,"Skullcrusher (Barbell)",4,60.0,5.0,0,0.0,,,
2019-04-20 13:05:34,"Black Phase 1 Found 1",1h 3m,"Flat Leg Raise",1,0,16.0,0,0.0,"",,
2019-04-20 13:05:34,"Black Phase 1 Found 1",1h 3m,"Flat Leg Raise",2,0,10.0,0,0.0,,,
2019-04-20 13:05:34,"Black Phase 1 Found 1",1h 3m,"Flat Leg Raise",3,0,10.0,0,0.0,,,
2019-04-24 12:03:53,"Black Phase 1 Found. 2",1h 3m,"Deadlift (Barbell)",1,225.0,3.0,0,0.0,"","",
2019-04-24 12:03:53,"Black Phase 1 Found. 2",1h 3m,"Deadlift (Barbell)",2,270.0,3.0,0,0.0,,,
2019-04-24 12:03:53,"Black Phase 1 Found. 2",1h 3m,"Deadlift (Barbell)",3,270.0,3.0,0,0.0,,,
2019-04-24 12:03:53,"Black Phase 1 Found. 2",1h 3m,"Deadlift (Barbell)",4,270.0,2.0,0,0.0,,,
2019-04-24 12:03:53,"Black Phase 1 Found. 2",1h 3m,"Deadlift (Barbell)",5,270.0,2.0,0,0.0,,,
2019-04-24 12:03:53,"Black Phase 1 Found. 2",1h 3m,"Shrug (Barbell)",1,155.0,7.0,0,0.0,"",,
2019-04-24 12:03:53,"Black Phase 1 Found. 2",1h 3m,"Shrug (Barbell)",2,155.0,6.0,0,0.0,,,
2019-04-24 12:03:53,"Black Phase 1 Found. 2",1h 3m,"Pull Up",1,0.0,8.0,0,0.0,"",,
2019-04-24 12:03:53,"Black Phase 1 Found. 2",1h 3m,"Pull Up",2,0.0,5.0,0,0.0,,,
2019-04-24 12:03:53,"Black Phase 1 Found. 2",1h 3m,"Pull Up",3,0.0,4.0,0,0.0,,,
2019-04-24 12:03:53,"Black Phase 1 Found. 2",1h 3m,"Incline Bench Press (Dumbbell)",1,50.0,7.0,0,0.0,"",,
2019-04-24 12:03:53,"Black Phase 1 Found. 2",1h 3m,"Incline Bench Press (Dumbbell)",2,50.0,8.0,0,0.0,,,
2019-04-24 12:03:53,"Black Phase 1 Found. 2",1h 3m,"Incline Bench Press (Dumbbell)",3,50.0,7.0,0,0.0,,,
2019-04-24 12:03:53,"Black Phase 1 Found. 2",1h 3m,"Incline Bench Press (Dumbbell)",4,50.0,7.0,0,0.0,,,
2019-04-24 12:03:53,"Black Phase 1 Found. 2",1h 3m,"Incline Bench Press (Dumbbell)",5,50.0,6.0,0,0.0,,,
2019-04-24 12:03:53,"Black Phase 1 Found. 2",1h 3m,"Arnold Press (Dumbbell)",1,30.0,7.0,0,0.0,"",,
2019-04-24 12:03:53,"Black Phase 1 Found. 2",1h 3m,"Arnold Press (Dumbbell)",2,30.0,7.0,0,0.0,,,
2019-04-24 12:03:53,"Black Phase 1 Found. 2",1h 3m,"Arnold Press (Dumbbell)",3,30.0,7.0,0,0.0,,,
2019-04-24 12:03:53,"Black Phase 1 Found. 2",1h 3m,"Arnold Press (Dumbbell)",4,30.0,6.0,0,0.0,,,
2019-04-24 12:03:53,"Black Phase 1 Found. 2",1h 3m,"Reverse Fly (Cable)",1,50.0,10.0,0,0.0,"",,
2019-04-24 12:03:53,"Black Phase 1 Found. 2",1h 3m,"Bicep Curl (Dumbbell)",1,30.0,6.0,0,0.0,"",,
2019-04-24 12:03:53,"Black Phase 1 Found. 2",1h 3m,"Bicep Curl (Dumbbell)",2,30.0,7.0,0,0.0,,,
2019-04-24 12:03:53,"Black Phase 1 Found. 2",1h 3m,"Bicep Curl (Dumbbell)",3,30.0,6.0,0,0.0,,,
2019-04-24 12:03:53,"Black Phase 1 Found. 2",1h 3m,"Sit Up",1,0.0,12.0,0,0.0,"",,
2019-04-24 12:03:53,"Black Phase 1 Found. 2",1h 3m,"Sit Up",2,0.0,10.0,0,0.0,,,
2019-04-24 12:03:53,"Black Phase 1 Found. 2",1h 3m,"Sit Up",3,0.0,8.0,0,0.0,,,
2019-04-24 12:03:53,"Black Phase 1 Found. 2",1h 3m,"Sit Up",4,0.0,8.0,0,0.0,,,
2019-04-27 11:56:53,"Black Phase 1 Found 3",1h 4m,"Front Squat (Barbell)",1,135.0,8.0,0,0.0,"","",
2019-04-27 11:56:53,"Black Phase 1 Found 3",1h 4m,"Front Squat (Barbell)",2,185.0,4.0,0,0.0,,,
2019-04-27 11:56:53,"Black Phase 1 Found 3",1h 4m,"Front Squat (Barbell)",3,185.0,4.0,0,0.0,,,
2019-04-27 11:56:53,"Black Phase 1 Found 3",1h 4m,"T Bar Row",1,90.0,8.0,0,0.0,"",,
2019-04-27 11:56:53,"Black Phase 1 Found 3",1h 4m,"T Bar Row",2,100.0,7.0,0,0.0,,,
2019-04-27 11:56:53,"Black Phase 1 Found 3",1h 4m,"T Bar Row",3,110.0,8.0,0,0.0,,,
2019-04-27 11:56:53,"Black Phase 1 Found 3",1h 4m,"T Bar Row",4,110.0,6.0,0,0.0,,,
2019-04-27 11:56:53,"Black Phase 1 Found 3",1h 4m,"Bench Press (Dumbbell)",1,55.0,7.0,0,0.0,"",,
2019-04-27 11:56:53,"Black Phase 1 Found 3",1h 4m,"Bench Press (Dumbbell)",2,60.0,6.0,0,0.0,,,
2019-04-27 11:56:53,"Black Phase 1 Found 3",1h 4m,"Bench Press (Dumbbell)",3,60.0,6.0,0,0.0,,,
2019-04-27 11:56:53,"Black Phase 1 Found 3",1h 4m,"Bench Press (Dumbbell)",4,60.0,5.0,0,0.0,,,
2019-04-27 11:56:53,"Black Phase 1 Found 3",1h 4m,"Upright Row (Barbell)",1,95.0,6.0,0,0.0,"",,
2019-04-27 11:56:53,"Black Phase 1 Found 3",1h 4m,"Upright Row (Barbell)",2,95.0,5.0,0,0.0,,,
2019-04-27 11:56:53,"Black Phase 1 Found 3",1h 4m,"Upright Row (Barbell)",3,95.0,5.0,0,0.0,,,
2019-04-27 11:56:53,"Black Phase 1 Found 3",1h 4m,"Upright Row (Barbell)",4,95.0,5.0,0,0.0,,,
2019-04-27 11:56:53,"Black Phase 1 Found 3",1h 4m,"Preacher Curl (Barbell)",1,55.0,8.0,0,0.0,"",,
2019-04-27 11:56:53,"Black Phase 1 Found 3",1h 4m,"Preacher Curl (Barbell)",2,55.0,7.0,0,0.0,,,
2019-04-27 11:56:53,"Black Phase 1 Found 3",1h 4m,"Preacher Curl (Barbell)",3,55.0,7.0,0,0.0,,,
2019-04-27 11:56:53,"Black Phase 1 Found 3",1h 4m,"Preacher Curl (Barbell)",4,55.0,7.0,0,0.0,,,
2019-04-27 11:56:53,"Black Phase 1 Found 3",1h 4m,"Triceps Extension (Dumbbell)",1,55.0,7.0,0,0.0,"",,
2019-04-27 11:56:53,"Black Phase 1 Found 3",1h 4m,"Triceps Extension (Dumbbell)",2,55.0,7.0,0,0.0,,,
2019-04-27 11:56:53,"Black Phase 1 Found 3",1h 4m,"Triceps Extension (Dumbbell)",3,55.0,7.0,0,0.0,,,
2019-04-27 11:56:53,"Black Phase 1 Found 3",1h 4m,"Triceps Extension (Dumbbell)",4,55.0,5.0,0,0.0,,,
2019-04-27 11:56:53,"Black Phase 1 Found 3",1h 4m,"Crunch (Stability Ball)",1,0,16.0,0,0.0,"",,
2019-04-27 11:56:53,"Black Phase 1 Found 3",1h 4m,"Crunch (Stability Ball)",2,0,15.0,0,0.0,,,
2019-04-27 11:56:53,"Black Phase 1 Found 3",1h 4m,"Crunch (Stability Ball)",3,0,15.0,0,0.0,,,
2019-04-27 11:56:53,"Black Phase 1 Found 3",1h 4m,"Standing Calf Raise (Bodyweight)",1,0,15.0,0,0.0,"",,
2019-04-27 11:56:53,"Black Phase 1 Found 3",1h 4m,"Standing Calf Raise (Bodyweight)",2,0,15.0,0,0.0,,,
2019-04-27 11:56:53,"Black Phase 1 Found 3",1h 4m,"Standing Calf Raise (Bodyweight)",3,0,15.0,0,0.0,,,
2019-04-29 09:56:01,"Black Phase 2 Found. 1",52m,"Squat (Barbell)",W,135.0,8.0,0,0.0,"","",
2019-04-29 09:56:01,"Black Phase 2 Found. 1",52m,"Squat (Barbell)",1,185.0,8.0,0,0.0,,,
2019-04-29 09:56:01,"Black Phase 2 Found. 1",52m,"Squat (Barbell)",2,185.0,8.0,0,0.0,,,
2019-04-29 09:56:01,"Black Phase 2 Found. 1",52m,"Squat (Barbell)",3,185.0,8.0,0,0.0,,,
2019-04-29 09:56:01,"Black Phase 2 Found. 1",52m,"Bench Press (Barbell)",W,45.0,12.0,0,0.0,"",,
2019-04-29 09:56:01,"Black Phase 2 Found. 1",52m,"Bench Press (Barbell)",1,115.0,10.0,0,0.0,,,
2019-04-29 09:56:01,"Black Phase 2 Found. 1",52m,"Bench Press (Barbell)",2,115.0,10.0,0,0.0,,,
2019-04-29 09:56:01,"Black Phase 2 Found. 1",52m,"Bench Press (Barbell)",3,115.0,13.0,0,0.0,,,
2019-04-29 09:56:01,"Black Phase 2 Found. 1",52m,"Bent Over One Arm Row (Dumbbell)",1,55.0,10.0,0,0.0,"",,
2019-04-29 09:56:01,"Black Phase 2 Found. 1",52m,"Bent Over One Arm Row (Dumbbell)",2,55.0,10.0,0,0.0,,,
2019-04-29 09:56:01,"Black Phase 2 Found. 1",52m,"Bent Over One Arm Row (Dumbbell)",3,55.0,8.0,0,0.0,,,
2019-04-29 09:56:01,"Black Phase 2 Found. 1",52m,"Shrug (Dumbbell)",1,65.0,8.0,0,0.0,"",,
2019-04-29 09:56:01,"Black Phase 2 Found. 1",52m,"Shrug (Dumbbell)",2,65.0,8.0,0,0.0,,,
2019-04-29 09:56:01,"Black Phase 2 Found. 1",52m,"Shrug (Dumbbell)",3,65.0,8.0,0,0.0,,,
2019-04-29 09:56:01,"Black Phase 2 Found. 1",52m,"Lateral Raise (Cable)",1,30.0,10.0,0,0.0,"",,
2019-04-29 09:56:01,"Black Phase 2 Found. 1",52m,"Lateral Raise (Cable)",2,30.0,10.0,0,0.0,,,
2019-04-29 09:56:01,"Black Phase 2 Found. 1",52m,"Bicep Curl (Barbell)",1,50.0,10.0,0,0.0,"",,
2019-04-29 09:56:01,"Black Phase 2 Found. 1",52m,"Bicep Curl (Barbell)",2,50.0,8.0,0,0.0,,,
2019-04-29 09:56:01,"Black Phase 2 Found. 1",52m,"Bicep Curl (Barbell)",3,50.0,8.0,0,0.0,,,
2019-04-29 09:56:01,"Black Phase 2 Found. 1",52m,"Bicep Curl (Barbell)",4,50.0,8.0,0,0.0,,,
2019-04-29 09:56:01,"Black Phase 2 Found. 1",52m,"Skullcrusher (Dumbbell)",1,25.0,8.0,0,0.0,"",,
2019-04-29 09:56:01,"Black Phase 2 Found. 1",52m,"Skullcrusher (Dumbbell)",2,25.0,8.0,0,0.0,,,
2019-04-29 09:56:01,"Black Phase 2 Found. 1",52m,"Skullcrusher (Dumbbell)",3,25.0,6.0,0,0.0,,,
2019-04-29 09:56:01,"Black Phase 2 Found. 1",52m,"Hanging Leg Raise",1,0.0,10.0,0,0.0,"",,
2019-04-29 09:56:01,"Black Phase 2 Found. 1",52m,"Hanging Leg Raise",2,0.0,8.0,0,0.0,,,
2019-04-29 09:56:01,"Black Phase 2 Found. 1",52m,"Hanging Leg Raise",3,0.0,8.0,0,0.0,,,
2019-05-02 10:19:23,"Morning Workout",1h 5m,"Pull Up",1,0.0,8.0,0,0.0,"","",
2019-05-02 10:19:23,"Morning Workout",1h 5m,"Pull Up",2,0.0,5.0,0,0.0,,,
2019-05-02 10:19:23,"Morning Workout",1h 5m,"Pull Up",3,0.0,4.0,0,0.0,,,
2019-05-06 11:41:53,"Black Phase 2 Found 3",1h 7m,"Leg Press",1,140.0,5.0,0,0.0,"","",
2019-05-06 11:41:53,"Black Phase 2 Found 3",1h 7m,"Leg Press",2,90.0,8.0,0,0.0,,,
2019-05-06 11:41:53,"Black Phase 2 Found 3",1h 7m,"Leg Press",3,90.0,8.0,0,0.0,,,
2019-05-06 11:41:53,"Black Phase 2 Found 3",1h 7m,"Deadlift (Barbell)",W,45.0,10.0,0,0.0,"",,
2019-05-06 11:41:53,"Black Phase 2 Found 3",1h 7m,"Deadlift (Barbell)",1,135.0,10.0,0,0.0,,,
2019-05-06 11:41:53,"Black Phase 2 Found 3",1h 7m,"Deadlift (Barbell)",2,135.0,8.0,0,0.0,,,
2019-05-06 11:41:53,"Black Phase 2 Found 3",1h 7m,"T Bar Row",1,90.0,10.0,0,0.0,"",,
2019-05-06 11:41:53,"Black Phase 2 Found 3",1h 7m,"T Bar Row",2,90.0,10.0,0,0.0,,,
2019-05-06 11:41:53,"Black Phase 2 Found 3",1h 7m,"T Bar Row",3,90.0,10.0,0,0.0,,,
2019-05-06 11:41:53,"Black Phase 2 Found 3",1h 7m,"Incline Bench Press (Barbell)",W,45.0,12.0,0,0.0,"",,
2019-05-06 11:41:53,"Black Phase 2 Found 3",1h 7m,"Incline Bench Press (Barbell)",1,115.0,8.0,0,0.0,,,
2019-05-06 11:41:53,"Black Phase 2 Found 3",1h 7m,"Incline Bench Press (Barbell)",2,115.0,8.0,0,0.0,,,
2019-05-06 11:41:53,"Black Phase 2 Found 3",1h 7m,"Incline Bench Press (Barbell)",3,115.0,8.0,0,0.0,,,
2019-05-06 11:41:53,"Black Phase 2 Found 3",1h 7m,"Shrug (Dumbbell)",1,65.0,8.0,0,0.0,"",,
2019-05-06 11:41:53,"Black Phase 2 Found 3",1h 7m,"Shrug (Dumbbell)",2,65.0,10.0,0,0.0,,,
2019-05-06 11:41:53,"Black Phase 2 Found 3",1h 7m,"Shrug (Dumbbell)",3,65.0,8.0,0,0.0,,,
2019-05-06 11:41:53,"Black Phase 2 Found 3",1h 7m,"Overhead Press (Dumbbell)",1,30.0,8.0,0,0.0,"",,
2019-05-06 11:41:53,"Black Phase 2 Found 3",1h 7m,"Overhead Press (Dumbbell)",2,30.0,8.0,0,0.0,,,
2019-05-06 11:41:53,"Black Phase 2 Found 3",1h 7m,"Overhead Press (Dumbbell)",3,30.0,5.0,0,0.0,,,
2019-05-06 11:41:53,"Black Phase 2 Found 3",1h 7m,"Reverse Fly (Cable)",1,50.0,10.0,0,0.0,"",,
2019-05-06 11:41:53,"Black Phase 2 Found 3",1h 7m,"Reverse Fly (Cable)",2,50.0,10.0,0,0.0,,,
2019-05-06 11:41:53,"Black Phase 2 Found 3",1h 7m,"Spider Curl",1,25.0,10.0,0,0.0,"",,
2019-05-06 11:41:53,"Black Phase 2 Found 3",1h 7m,"Spider Curl",2,25.0,8.0,0,0.0,,,
2019-05-06 11:41:53,"Black Phase 2 Found 3",1h 7m,"Spider Curl",3,25.0,10.0,0,0.0,,,
2019-05-06 11:41:53,"Black Phase 2 Found 3",1h 7m,"Chest Dip",1,0.0,10.0,0,0.0,"",,
2019-05-06 11:41:53,"Black Phase 2 Found 3",1h 7m,"Chest Dip",2,0.0,8.0,0,0.0,,,
2019-05-06 11:41:53,"Black Phase 2 Found 3",1h 7m,"Chest Dip",3,0.0,8.0,0,0.0,,,
2019-05-06 11:41:53,"Black Phase 2 Found 3",1h 7m,"Decline Crunch",1,0.0,16.0,0,0.0,"",,
2019-05-06 11:41:53,"Black Phase 2 Found 3",1h 7m,"Decline Crunch",2,0.0,8.0,0,0.0,,,
2019-05-06 11:41:53,"Black Phase 2 Found 3",1h 7m,"Decline Crunch",3,0.0,6.0,0,0.0,,,
2019-05-06 11:41:53,"Black Phase 2 Found 3",1h 7m,"Standing Calf Raise (Machine)",1,90.0,12.0,0,0.0,"",,
2019-05-06 11:41:53,"Black Phase 2 Found 3",1h 7m,"Standing Calf Raise (Machine)",2,90.0,12.0,0,0.0,,,
2019-05-06 11:41:53,"Black Phase 2 Found 3",1h 7m,"Standing Calf Raise (Machine)",3,90.0,12.0,0,0.0,,,
2019-09-02 10:39:50,"Morning Workout",12m,"Incline Bench Press (Dumbbell)",1,50.0,7.0,0,0.0,"","",
2019-09-02 10:39:50,"Morning Workout",12m,"Incline Bench Press (Dumbbell)",2,50.0,8.0,0,0.0,,,
2019-09-02 10:39:50,"Morning Workout",12m,"Incline Bench Press (Dumbbell)",3,50.0,7.0,0,0.0,,,
2019-09-02 10:39:50,"Morning Workout",12m,"Incline Bench Press (Dumbbell)",4,50.0,7.0,0,0.0,,,
2019-09-02 10:39:50,"Morning Workout",12m,"Incline Bench Press (Dumbbell)",5,50.0,6.0,0,0.0,,,
2020-09-16 15:56:23,"RED Phase 1 Found. 1",1h 9m,"Box Squat (Barbell)",1,135.0,10.0,0,0.0,"","",
2020-09-16 15:56:23,"RED Phase 1 Found. 1",1h 9m,"Squat (Barbell)",1,135.0,6.0,0,0.0,"Reps range 1-4",,
2020-09-16 15:56:23,"RED Phase 1 Found. 1",1h 9m,"Squat (Barbell)",2,225.0,2.0,0,0.0,,,
2020-09-16 15:56:23,"RED Phase 1 Found. 1",1h 9m,"Squat (Barbell)",3,225.0,2.0,0,0.0,,,
2020-09-16 15:56:23,"RED Phase 1 Found. 1",1h 9m,"Squat (Barbell)",4,185.0,3.0,0,0.0,,,
2020-09-16 15:56:23,"RED Phase 1 Found. 1",1h 9m,"Squat (Barbell)",5,185.0,3.0,0,0.0,,,
2020-09-16 15:56:23,"RED Phase 1 Found. 1",1h 9m,"Bench Press (Barbell)",1,135.0,5.0,0,0.0,"Reps Range 1-4",,
2020-09-16 15:56:23,"RED Phase 1 Found. 1",1h 9m,"Bench Press (Barbell)",2,155.0,2.0,0,0.0,,,
2020-09-16 15:56:23,"RED Phase 1 Found. 1",1h 9m,"Bench Press (Barbell)",3,155.0,2.0,0,0.0,,,
2020-09-16 15:56:23,"RED Phase 1 Found. 1",1h 9m,"Bench Press (Barbell)",4,155.0,2.0,0,0.0,,,
2020-09-16 15:56:23,"RED Phase 1 Found. 1",1h 9m,"Bench Press (Barbell)",5,155.0,1.0,0,0.0,,,
2020-09-16 15:56:23,"RED Phase 1 Found. 1",1h 9m,"Pull Up",1,0.0,8.0,0,0.0,"Weighted \nRep Range 1-6",,
2020-09-16 15:56:23,"RED Phase 1 Found. 1",1h 9m,"Pull Up",2,0.0,5.0,0,0.0,,,
2020-09-16 15:56:23,"RED Phase 1 Found. 1",1h 9m,"Shrug (Barbell)",1,135.0,8.0,0,0.0,"Rep Range 3-6",,
2020-09-16 15:56:23,"RED Phase 1 Found. 1",1h 9m,"Shrug (Barbell)",2,135.0,8.0,0,0.0,,,
2020-09-16 15:56:23,"RED Phase 1 Found. 1",1h 9m,"Shrug (Barbell)",3,135.0,6.0,0,0.0,,,
2020-09-16 15:56:23,"RED Phase 1 Found. 1",1h 9m,"Bicep Curl (Barbell)",1,50.0,8.0,0,0.0,"Rep Range 6-8",,
2020-09-16 15:56:23,"RED Phase 1 Found. 1",1h 9m,"Bicep Curl (Barbell)",2,50.0,6.0,0,0.0,,,
2020-09-16 15:56:23,"RED Phase 1 Found. 1",1h 9m,"Skullcrusher (Barbell)",1,50.0,7.0,0,0.0,"Rep Range 6-8",,
2020-09-16 15:56:23,"RED Phase 1 Found. 1",1h 9m,"Skullcrusher (Barbell)",2,50.0,6.0,0,0.0,,,
2020-09-16 15:56:23,"RED Phase 1 Found. 1",1h 9m,"Sit Up",1,0.0,12.0,0,0.0,"Decline \nWeighted\nRep Range 8-12",,
2020-09-16 15:56:23,"RED Phase 1 Found. 1",1h 9m,"Sit Up",2,0.0,9.0,0,0.0,,,
2020-09-16 15:56:23,"RED Phase 1 Found. 1",1h 9m,"Sit Up",3,0.0,4.0,0,0.0,,,
2020-09-16 15:56:23,"RED Phase 1 Found. 1",1h 9m,"Standing Calf Raise (Barbell)",1,95.0,15.0,0,0.0,"Rep Range 8-20",,
2020-09-16 15:56:23,"RED Phase 1 Found. 1",1h 9m,"Standing Calf Raise (Barbell)",2,95.0,15.0,0,0.0,,,
2020-09-16 15:56:23,"RED Phase 1 Found. 1",1h 9m,"Standing Calf Raise (Barbell)",3,95.0,15.0,0,0.0,,,
2020-09-18 16:06:51,"RED Phase 1 Found. 2",1h 19m,"Good Morning (Barbell)",1,45.0,10.0,0,0.0,"","",
2020-09-18 16:06:51,"RED Phase 1 Found. 2",1h 19m,"Deadlift (Barbell)",1,185.0,6.0,0,0.0,"Rep Range 1-4",,
2020-09-18 16:06:51,"RED Phase 1 Found. 2",1h 19m,"Deadlift (Barbell)",2,225.0,3.0,0,0.0,,,
2020-09-18 16:06:51,"RED Phase 1 Found. 2",1h 19m,"Deadlift (Barbell)",3,225.0,2.0,0,0.0,,,
2020-09-18 16:06:51,"RED Phase 1 Found. 2",1h 19m,"Deadlift (Barbell)",4,225.0,3.0,0,0.0,,,
2020-09-18 16:06:51,"RED Phase 1 Found. 2",1h 19m,"Deadlift (Barbell)",5,225.0,3.0,0,0.0,,,
2020-09-18 16:06:51,"RED Phase 1 Found. 2",1h 19m,"Overhead Press (Barbell)",1,95.0,3.0,0,0.0,"Standing \nRep Range 1-4",,
2020-09-18 16:06:51,"RED Phase 1 Found. 2",1h 19m,"Overhead Press (Barbell)",2,95.0,3.0,0,0.0,,,
2020-09-18 16:06:51,"RED Phase 1 Found. 2",1h 19m,"Overhead Press (Barbell)",3,95.0,2.0,0,0.0,,,
2020-09-18 16:06:51,"RED Phase 1 Found. 2",1h 19m,"Reverse Fly (Dumbbell)",1,20.0,10.0,0,0.0,"Rep Range 6-8",,
2020-09-18 16:06:51,"RED Phase 1 Found. 2",1h 19m,"Reverse Fly (Dumbbell)",2,25.0,8.0,0,0.0,,,
2020-09-18 16:06:51,"RED Phase 1 Found. 2",1h 19m,"Shrug (Dumbbell)",1,65.0,8.0,0,0.0,"Rep Range 6-8",,
2020-09-18 16:06:51,"RED Phase 1 Found. 2",1h 19m,"Shrug (Dumbbell)",2,65.0,8.0,0,0.0,,,
2020-09-18 16:06:51,"RED Phase 1 Found. 2",1h 19m,"Hammer Curl (Dumbbell)",1,25.0,10.0,0,0.0,"Rep Range 6-8",,
2020-09-18 16:06:51,"RED Phase 1 Found. 2",1h 19m,"Hammer Curl (Dumbbell)",2,25.0,8.0,0,0.0,,,
2020-09-18 16:06:51,"RED Phase 1 Found. 2",1h 19m,"Triceps Extension (Dumbbell)",1,45.0,8.0,0,0.0,"Standing\nRep Range 6-8",,
2020-09-18 16:06:51,"RED Phase 1 Found. 2",1h 19m,"Triceps Extension (Dumbbell)",2,45.0,7.0,0,0.0,,,
2020-09-18 16:06:51,"RED Phase 1 Found. 2",1h 19m,"Hanging Leg Raise",1,0.0,8.0,0,0.0,"Rep Range 8-20",,
2020-09-18 16:06:51,"RED Phase 1 Found. 2",1h 19m,"Hanging Leg Raise",2,0.0,8.0,0,0.0,,,
2020-09-18 16:06:51,"RED Phase 1 Found. 2",1h 19m,"Hanging Leg Raise",3,0.0,8.0,0,0.0,,,
2020-09-18 16:06:51,"RED Phase 1 Found. 2",1h 19m,"Hanging Leg Raise",4,0.0,4.0,0,0.0,,,
2020-09-18 16:06:51,"RED Phase 1 Found. 2",1h 19m,"Seated Calf Raise (Plate Loaded)",1,90.0,10.0,0,0.0,"Rep Range 8-20",,
2020-09-18 16:06:51,"RED Phase 1 Found. 2",1h 19m,"Seated Calf Raise (Plate Loaded)",2,90.0,10.0,0,0.0,,,
2020-09-18 16:06:51,"RED Phase 1 Found. 2",1h 19m,"Seated Calf Raise (Plate Loaded)",3,90.0,10.0,0,0.0,,,
2020-09-21 15:33:54,"RED Phase 1 Found. 1",1h 31m,"Box Squat (Barbell)",1,135.0,10.0,0,0.0,"","",
2020-09-21 15:33:54,"RED Phase 1 Found. 1",1h 31m,"Squat (Barbell)",1,185.0,4.0,0,0.0,"Reps range 1-4",,
2020-09-21 15:33:54,"RED Phase 1 Found. 1",1h 31m,"Squat (Barbell)",2,225.0,2.0,0,0.0,,,
2020-09-21 15:33:54,"RED Phase 1 Found. 1",1h 31m,"Squat (Barbell)",3,225.0,3.0,0,0.0,,,
2020-09-21 15:33:54,"RED Phase 1 Found. 1",1h 31m,"Squat (Barbell)",4,225.0,2.0,0,0.0,,,
2020-09-21 15:33:54,"RED Phase 1 Found. 1",1h 31m,"Squat (Barbell)",5,225.0,3.0,0,0.0,,,
2020-09-21 15:33:54,"RED Phase 1 Found. 1",1h 31m,"Bench Press (Barbell)",1,135.0,5.0,0,0.0,"Reps Range 1-4",,
2020-09-21 15:33:54,"RED Phase 1 Found. 1",1h 31m,"Bench Press (Barbell)",2,155.0,2.0,0,0.0,,,
2020-09-21 15:33:54,"RED Phase 1 Found. 1",1h 31m,"Bench Press (Barbell)",3,155.0,2.0,0,0.0,,,
2020-09-21 15:33:54,"RED Phase 1 Found. 1",1h 31m,"Bench Press (Barbell)",4,155.0,2.0,0,0.0,,,
2020-09-21 15:33:54,"RED Phase 1 Found. 1",1h 31m,"Bench Press (Barbell)",5,155.0,2.0,0,0.0,,,
2020-09-21 15:33:54,"RED Phase 1 Found. 1",1h 31m,"Pull Up",1,0.0,8.0,0,0.0,"Weighted \nRep Range 1-6",,
2020-09-21 15:33:54,"RED Phase 1 Found. 1",1h 31m,"Pull Up",2,0.0,6.0,0,0.0,,,
2020-09-21 15:33:54,"RED Phase 1 Found. 1",1h 31m,"Shrug (Barbell)",1,135.0,8.0,0,0.0,"Rep Range 3-6",,
2020-09-21 15:33:54,"RED Phase 1 Found. 1",1h 31m,"Shrug (Barbell)",2,155.0,6.0,0,0.0,,,
2020-09-21 15:33:54,"RED Phase 1 Found. 1",1h 31m,"Shrug (Barbell)",3,155.0,8.0,0,0.0,,,
2020-09-21 15:33:54,"RED Phase 1 Found. 1",1h 31m,"Bicep Curl (Barbell)",1,60.0,8.0,0,0.0,"Rep Range 6-8",,
2020-09-21 15:33:54,"RED Phase 1 Found. 1",1h 31m,"Bicep Curl (Barbell)",2,60.0,6.0,0,0.0,,,
2020-09-21 15:33:54,"RED Phase 1 Found. 1",1h 31m,"Skullcrusher (Barbell)",1,50.0,6.0,0,0.0,"Rep Range 6-8",,
2020-09-21 15:33:54,"RED Phase 1 Found. 1",1h 31m,"Skullcrusher (Barbell)",2,50.0,6.0,0,0.0,,,
2020-09-21 15:33:54,"RED Phase 1 Found. 1",1h 31m,"Sit Up",1,0.0,10.0,0,0.0,"Decline \nWeighted\nRep Range 8-12",,
2020-09-21 15:33:54,"RED Phase 1 Found. 1",1h 31m,"Sit Up",2,0.0,7.0,0,0.0,,,
2020-09-21 15:33:54,"RED Phase 1 Found. 1",1h 31m,"Sit Up",3,0.0,7.0,0,0.0,,,
2020-09-21 15:33:54,"RED Phase 1 Found. 1",1h 31m,"Sit Up",4,0.0,5.0,0,0.0,,,
2020-09-21 15:33:54,"RED Phase 1 Found. 1",1h 31m,"Sit Up",5,0.0,3.0,0,0.0,,,
2020-09-21 15:33:54,"RED Phase 1 Found. 1",1h 31m,"Standing Calf Raise (Barbell)",1,185.0,12.0,0,0.0,"Rep Range 8-20",,
2020-09-21 15:33:54,"RED Phase 1 Found. 1",1h 31m,"Standing Calf Raise (Barbell)",2,185.0,15.0,0,0.0,,,
2020-09-21 15:33:54,"RED Phase 1 Found. 1",1h 31m,"Standing Calf Raise (Barbell)",3,185.0,15.0,0,0.0,,,
2020-09-21 15:33:54,"RED Phase 1 Found. 1",1h 31m,"Standing Calf Raise (Barbell)",4,185.0,12.0,0,0.0,,,
2020-09-21 15:33:54,"RED Phase 1 Found. 1",1h 31m,"Standing Calf Raise (Barbell)",5,135.0,18.0,0,0.0,,,
2020-09-23 16:02:42,"RED Phase 1 Found. 2",1h 7m,"Good Morning (Barbell)",1,45.0,10.0,0,0.0,"","",
2020-09-23 16:02:42,"RED Phase 1 Found. 2",1h 7m,"Deadlift (Barbell)",1,185.0,6.0,0,0.0,"Rep Range 1-4",,
2020-09-23 16:02:42,"RED Phase 1 Found. 2",1h 7m,"Deadlift (Barbell)",2,275.0,2.0,0,0.0,,,
2020-09-23 16:02:42,"RED Phase 1 Found. 2",1h 7m,"Deadlift (Barbell)",3,275.0,2.0,0,0.0,,,
2020-09-23 16:02:42,"RED Phase 1 Found. 2",1h 7m,"Deadlift (Barbell)",4,275.0,2.0,0,0.0,,,
2020-09-23 16:02:42,"RED Phase 1 Found. 2",1h 7m,"Deadlift (Barbell)",5,275.0,2.0,0,0.0,,,
2020-09-23 16:02:42,"RED Phase 1 Found. 2",1h 7m,"Overhead Press (Barbell)",1,95.0,4.0,0,0.0,"Standing \nRep Range 1-4",,
2020-09-23 16:02:42,"RED Phase 1 Found. 2",1h 7m,"Overhead Press (Barbell)",2,95.0,4.0,0,0.0,,,
2020-09-23 16:02:42,"RED Phase 1 Found. 2",1h 7m,"Overhead Press (Barbell)",3,95.0,3.0,0,0.0,,,
2020-09-23 16:02:42,"RED Phase 1 Found. 2",1h 7m,"Overhead Press (Barbell)",4,95.0,2.0,0,0.0,,,
2020-09-23 16:02:42,"RED Phase 1 Found. 2",1h 7m,"Overhead Press (Barbell)",5,95.0,2.0,0,0.0,,,
2020-09-23 16:02:42,"RED Phase 1 Found. 2",1h 7m,"Reverse Fly (Dumbbell)",1,20.0,10.0,0,0.0,"Rep Range 6-8",,
2020-09-23 16:02:42,"RED Phase 1 Found. 2",1h 7m,"Reverse Fly (Dumbbell)",2,25.0,8.0,0,0.0,,,
2020-09-23 16:02:42,"RED Phase 1 Found. 2",1h 7m,"Shrug (Dumbbell)",1,65.0,8.0,0,0.0,"Rep Range 6-8",,
2020-09-23 16:02:42,"RED Phase 1 Found. 2",1h 7m,"Shrug (Dumbbell)",2,65.0,8.0,0,0.0,,,
2020-09-23 16:02:42,"RED Phase 1 Found. 2",1h 7m,"Hammer Curl (Dumbbell)",1,25.0,10.0,0,0.0,"Rep Range 6-8",,
2020-09-23 16:02:42,"RED Phase 1 Found. 2",1h 7m,"Hammer Curl (Dumbbell)",2,25.0,8.0,0,0.0,,,
2020-09-23 16:02:42,"RED Phase 1 Found. 2",1h 7m,"Triceps Extension (Dumbbell)",1,45.0,10.0,0,0.0,"Standing\nRep Range 6-8",,
2020-09-23 16:02:42,"RED Phase 1 Found. 2",1h 7m,"Triceps Extension (Dumbbell)",2,45.0,6.0,0,0.0,,,
2020-09-23 16:02:42,"RED Phase 1 Found. 2",1h 7m,"Hanging Leg Raise",1,0.0,8.0,0,0.0,"Rep Range 8-20",,
2020-09-23 16:02:42,"RED Phase 1 Found. 2",1h 7m,"Hanging Leg Raise",2,0.0,10.0,0,0.0,,,
2020-09-23 16:02:42,"RED Phase 1 Found. 2",1h 7m,"Hanging Leg Raise",3,0.0,8.0,0,0.0,,,
2020-09-23 16:02:42,"RED Phase 1 Found. 2",1h 7m,"Hanging Leg Raise",4,0.0,6.0,0,0.0,,,
2020-09-23 16:02:42,"RED Phase 1 Found. 2",1h 7m,"Hanging Leg Raise",5,0.0,4.0,0,0.0,,,
2020-09-23 16:02:42,"RED Phase 1 Found. 2",1h 7m,"Seated Calf Raise (Plate Loaded)",1,95.0,10.0,0,0.0,"Rep Range 8-20",,
2020-09-23 16:02:42,"RED Phase 1 Found. 2",1h 7m,"Seated Calf Raise (Plate Loaded)",2,95.0,10.0,0,0.0,,,
2020-09-23 16:02:42,"RED Phase 1 Found. 2",1h 7m,"Seated Calf Raise (Plate Loaded)",3,95.0,10.0,0,0.0,,,
2020-09-28 15:49:57,"RED Phase 1 Found. 1",1h 16m,"Box Squat (Barbell)",1,135.0,10.0,0,0.0,"","",
2020-09-28 15:49:57,"RED Phase 1 Found. 1",1h 16m,"Squat (Barbell)",1,185.0,5.0,0,0.0,"Reps range 1-4",,
2020-09-28 15:49:57,"RED Phase 1 Found. 1",1h 16m,"Squat (Barbell)",2,225.0,3.0,0,0.0,,,
2020-09-28 15:49:57,"RED Phase 1 Found. 1",1h 16m,"Squat (Barbell)",3,225.0,3.0,0,0.0,,,
2020-09-28 15:49:57,"RED Phase 1 Found. 1",1h 16m,"Squat (Barbell)",4,225.0,3.0,0,0.0,,,
2020-09-28 15:49:57,"RED Phase 1 Found. 1",1h 16m,"Squat (Barbell)",5,225.0,2.0,0,0.0,,,
2020-09-28 15:49:57,"RED Phase 1 Found. 1",1h 16m,"Bench Press (Barbell)",1,135.0,6.0,0,0.0,"Reps Range 1-4",,
2020-09-28 15:49:57,"RED Phase 1 Found. 1",1h 16m,"Bench Press (Barbell)",2,155.0,2.0,0,0.0,,,
2020-09-28 15:49:57,"RED Phase 1 Found. 1",1h 16m,"Bench Press (Barbell)",3,155.0,2.0,0,0.0,,,
2020-09-28 15:49:57,"RED Phase 1 Found. 1",1h 16m,"Bench Press (Barbell)",4,155.0,2.0,0,0.0,,,
2020-09-28 15:49:57,"RED Phase 1 Found. 1",1h 16m,"Bench Press (Barbell)",5,155.0,2.0,0,0.0,,,
2020-09-28 15:49:57,"RED Phase 1 Found. 1",1h 16m,"Pull Up",1,10.0,8.0,0,0.0,"Weighted \nRep Range 1-6",,
2020-09-28 15:49:57,"RED Phase 1 Found. 1",1h 16m,"Pull Up",2,10.0,4.0,0,0.0,,,
2020-09-28 15:49:57,"RED Phase 1 Found. 1",1h 16m,"Shrug (Barbell)",1,135.0,8.0,0,0.0,"Rep Range 3-6",,
2020-09-28 15:49:57,"RED Phase 1 Found. 1",1h 16m,"Shrug (Barbell)",2,155.0,7.0,0,0.0,,,
2020-09-28 15:49:57,"RED Phase 1 Found. 1",1h 16m,"Shrug (Barbell)",3,155.0,8.0,0,0.0,,,
2020-09-28 15:49:57,"RED Phase 1 Found. 1",1h 16m,"Bicep Curl (Barbell)",1,70.0,6.0,0,0.0,"Rep Range 6-8",,
2020-09-28 15:49:57,"RED Phase 1 Found. 1",1h 16m,"Bicep Curl (Barbell)",2,60.0,6.0,0,0.0,,,
2020-09-28 15:49:57,"RED Phase 1 Found. 1",1h 16m,"Skullcrusher (Barbell)",1,40.0,10.0,0,0.0,"Rep Range 6-8",,
2020-09-28 15:49:57,"RED Phase 1 Found. 1",1h 16m,"Skullcrusher (Barbell)",2,40.0,10.0,0,0.0,,,
2020-09-28 15:49:57,"RED Phase 1 Found. 1",1h 16m,"Sit Up",1,0.0,10.0,0,0.0,"Decline \nWeighted\nRep Range 8-12",,
2020-09-28 15:49:57,"RED Phase 1 Found. 1",1h 16m,"Sit Up",2,0.0,6.0,0,0.0,,,
2020-09-28 15:49:57,"RED Phase 1 Found. 1",1h 16m,"Sit Up",3,0.0,7.0,0,0.0,,,
2020-09-28 15:49:57,"RED Phase 1 Found. 1",1h 16m,"Sit Up",4,0.0,5.0,0,0.0,,,
2020-09-28 15:49:57,"RED Phase 1 Found. 1",1h 16m,"Sit Up",5,0.0,3.0,0,0.0,,,
2020-09-28 15:49:57,"RED Phase 1 Found. 1",1h 16m,"Standing Calf Raise (Barbell)",1,185.0,12.0,0,0.0,"Rep Range 8-20",,
2020-09-28 15:49:57,"RED Phase 1 Found. 1",1h 16m,"Standing Calf Raise (Barbell)",2,185.0,15.0,0,0.0,,,
2020-09-28 15:49:57,"RED Phase 1 Found. 1",1h 16m,"Standing Calf Raise (Barbell)",3,185.0,15.0,0,0.0,,,
2020-09-28 15:49:57,"RED Phase 1 Found. 1",1h 16m,"Standing Calf Raise (Barbell)",4,185.0,12.0,0,0.0,,,
2020-09-28 15:49:57,"RED Phase 1 Found. 1",1h 16m,"Standing Calf Raise (Barbell)",5,135.0,18.0,0,0.0,,,
2020-10-02 15:50:19,"RED Phase 1 Found. 2",1h 6m,"Good Morning (Barbell)",1,45.0,10.0,0,0.0,"","",
2020-10-02 15:50:19,"RED Phase 1 Found. 2",1h 6m,"Deadlift (Barbell)",1,225.0,5.0,0,0.0,"Rep Range 1-4",,
2020-10-02 15:50:19,"RED Phase 1 Found. 2",1h 6m,"Deadlift (Barbell)",2,275.0,3.0,0,0.0,,,
2020-10-02 15:50:19,"RED Phase 1 Found. 2",1h 6m,"Deadlift (Barbell)",3,275.0,2.0,0,0.0,,,
2020-10-02 15:50:19,"RED Phase 1 Found. 2",1h 6m,"Deadlift (Barbell)",4,275.0,2.0,0,0.0,,,
2020-10-02 15:50:19,"RED Phase 1 Found. 2",1h 6m,"Deadlift (Barbell)",5,275.0,2.0,0,0.0,,,
2020-10-02 15:50:19,"RED Phase 1 Found. 2",1h 6m,"Overhead Press (Barbell)",1,95.0,5.0,0,0.0,"Standing \nRep Range 1-4",,
2020-10-02 15:50:19,"RED Phase 1 Found. 2",1h 6m,"Overhead Press (Barbell)",2,95.0,4.0,0,0.0,,,
2020-10-02 15:50:19,"RED Phase 1 Found. 2",1h 6m,"Overhead Press (Barbell)",3,95.0,4.0,0,0.0,,,
2020-10-02 15:50:19,"RED Phase 1 Found. 2",1h 6m,"Overhead Press (Barbell)",4,95.0,3.0,0,0.0,,,
2020-10-02 15:50:19,"RED Phase 1 Found. 2",1h 6m,"Overhead Press (Barbell)",5,95.0,3.0,0,0.0,,,
2020-10-02 15:50:19,"RED Phase 1 Found. 2",1h 6m,"Reverse Fly (Dumbbell)",1,25.0,8.0,0,0.0,"Rep Range 6-8",,
2020-10-02 15:50:19,"RED Phase 1 Found. 2",1h 6m,"Reverse Fly (Dumbbell)",2,25.0,8.0,0,0.0,,,
2020-10-02 15:50:19,"RED Phase 1 Found. 2",1h 6m,"Shrug (Dumbbell)",1,65.0,8.0,0,0.0,"Rep Range 6-8",,
2020-10-02 15:50:19,"RED Phase 1 Found. 2",1h 6m,"Shrug (Dumbbell)",2,65.0,8.0,0,0.0,,,
2020-10-02 15:50:19,"RED Phase 1 Found. 2",1h 6m,"Hammer Curl (Dumbbell)",1,25.0,10.0,0,0.0,"Rep Range 6-8",,
2020-10-02 15:50:19,"RED Phase 1 Found. 2",1h 6m,"Hammer Curl (Dumbbell)",2,25.0,10.0,0,0.0,,,
2020-10-02 15:50:19,"RED Phase 1 Found. 2",1h 6m,"Triceps Extension (Dumbbell)",1,45.0,8.0,0,0.0,"Standing\nRep Range 6-8",,
2020-10-02 15:50:19,"RED Phase 1 Found. 2",1h 6m,"Triceps Extension (Dumbbell)",2,45.0,8.0,0,0.0,,,
2020-10-02 15:50:19,"RED Phase 1 Found. 2",1h 6m,"Hanging Leg Raise",1,0.0,10.0,0,0.0,"Rep Range 8-20",,
2020-10-02 15:50:19,"RED Phase 1 Found. 2",1h 6m,"Hanging Leg Raise",2,0.0,10.0,0,0.0,,,
2020-10-02 15:50:19,"RED Phase 1 Found. 2",1h 6m,"Hanging Leg Raise",3,0.0,8.0,0,0.0,,,
2020-10-02 15:50:19,"RED Phase 1 Found. 2",1h 6m,"Hanging Leg Raise",4,0.0,6.0,0,0.0,,,
2020-10-02 15:50:19,"RED Phase 1 Found. 2",1h 6m,"Hanging Leg Raise",5,0.0,6.0,0,0.0,,,
2020-10-02 15:50:19,"RED Phase 1 Found. 2",1h 6m,"Seated Calf Raise (Plate Loaded)",1,90.0,12.0,0,0.0,"Rep Range 8-20",,
2020-10-02 15:50:19,"RED Phase 1 Found. 2",1h 6m,"Seated Calf Raise (Plate Loaded)",2,90.0,12.0,0,0.0,,,
2020-10-02 15:50:19,"RED Phase 1 Found. 2",1h 6m,"Seated Calf Raise (Plate Loaded)",3,90.0,10.0,0,0.0,,,
2020-10-07 16:20:26,"RED Phase 1 Found. 1",49m,"Box Squat (Barbell)",1,135.0,10.0,0,0.0,"","",
2020-10-07 16:20:26,"RED Phase 1 Found. 1",49m,"Squat (Barbell)",1,185.0,6.0,0,0.0,"Reps range 1-4",,
2020-10-07 16:20:26,"RED Phase 1 Found. 1",49m,"Squat (Barbell)",2,225.0,3.0,0,0.0,,,
2020-10-07 16:20:26,"RED Phase 1 Found. 1",49m,"Squat (Barbell)",3,245.0,2.0,0,0.0,,,
2020-10-07 16:20:26,"RED Phase 1 Found. 1",49m,"Squat (Barbell)",4,245.0,2.0,0,0.0,,,
2020-10-07 16:20:26,"RED Phase 1 Found. 1",49m,"Squat (Barbell)",5,225.0,3.0,0,0.0,,,
2020-10-07 16:20:26,"RED Phase 1 Found. 1",49m,"Bench Press (Barbell)",1,135.0,6.0,0,0.0,"Reps Range 1-4",,
2020-10-07 16:20:26,"RED Phase 1 Found. 1",49m,"Bench Press (Barbell)",2,155.0,3.0,0,0.0,,,
2020-10-07 16:20:26,"RED Phase 1 Found. 1",49m,"Bench Press (Barbell)",3,155.0,2.0,0,0.0,,,
2020-10-07 16:20:26,"RED Phase 1 Found. 1",49m,"Bench Press (Barbell)",4,155.0,2.0,0,0.0,,,
2020-10-07 16:20:26,"RED Phase 1 Found. 1",49m,"Bench Press (Barbell)",5,155.0,2.0,0,0.0,,,
2020-10-07 16:20:26,"RED Phase 1 Found. 1",49m,"Pull Up",1,10.0,8.0,0,0.0,"Weighted \nRep Range 1-6",,
2020-10-07 16:20:26,"RED Phase 1 Found. 1",49m,"Pull Up",2,10.0,4.0,0,0.0,,,
2020-10-07 16:20:26,"RED Phase 1 Found. 1",49m,"Shrug (Barbell)",1,135.0,8.0,0,0.0,"Rep Range 3-6",,
2020-10-07 16:20:26,"RED Phase 1 Found. 1",49m,"Shrug (Barbell)",2,155.0,7.0,0,0.0,,,
2020-10-07 16:20:26,"RED Phase 1 Found. 1",49m,"Shrug (Barbell)",3,155.0,8.0,0,0.0,,,
2020-10-07 16:20:26,"RED Phase 1 Found. 1",49m,"Bicep Curl (Barbell)",1,65.0,7.0,0,0.0,"Rep Range 6-8",,
2020-10-07 16:20:26,"RED Phase 1 Found. 1",49m,"Bicep Curl (Barbell)",2,65.0,6.0,0,0.0,,,
2020-10-07 16:20:26,"RED Phase 1 Found. 1",49m,"Skullcrusher (Barbell)",1,45.0,10.0,0,0.0,"Rep Range 6-8",,
2020-10-07 16:20:26,"RED Phase 1 Found. 1",49m,"Skullcrusher (Barbell)",2,45.0,10.0,0,0.0,,,
2020-10-09 15:50:28,"RED Phase 1 Found. 2",26m,"Good Morning (Barbell)",1,45.0,10.0,0,0.0,"","",
2020-10-09 15:50:28,"RED Phase 1 Found. 2",26m,"Deadlift (Barbell)",1,225.0,5.0,0,0.0,"Rep Range 1-4",,
2020-10-09 15:50:28,"RED Phase 1 Found. 2",26m,"Deadlift (Barbell)",2,275.0,3.0,0,0.0,,,
2020-10-09 15:50:28,"RED Phase 1 Found. 2",26m,"Deadlift (Barbell)",3,275.0,2.0,0,0.0,,,
2020-10-09 15:50:28,"RED Phase 1 Found. 2",26m,"Deadlift (Barbell)",4,275.0,2.0,0,0.0,,,
2020-10-09 15:50:28,"RED Phase 1 Found. 2",26m,"Deadlift (Barbell)",5,275.0,2.0,0,0.0,,,
2020-10-09 15:50:28,"RED Phase 1 Found. 2",26m,"Overhead Press (Barbell)",1,95.0,6.0,0,0.0,"Standing \nRep Range 1-4",,
2020-10-09 15:50:28,"RED Phase 1 Found. 2",26m,"Overhead Press (Barbell)",2,95.0,4.0,0,0.0,,,
2020-10-09 15:50:28,"RED Phase 1 Found. 2",26m,"Overhead Press (Barbell)",3,95.0,3.0,0,0.0,,,
2020-10-09 15:50:28,"RED Phase 1 Found. 2",26m,"Overhead Press (Barbell)",4,95.0,2.0,0,0.0,,,
2020-10-14 16:23:48,"RED Phase 2 Found 1",58m,"Box Squat (Barbell)",1,135.0,9.0,0,0.0,"","",
2020-10-14 16:23:48,"RED Phase 2 Found 1",58m,"Box Squat (Barbell)",2,185.0,8.0,0,0.0,,,
2020-10-14 16:23:48,"RED Phase 2 Found 1",58m,"Box Squat (Barbell)",3,185.0,6.0,0,0.0,,,
2020-10-14 16:23:48,"RED Phase 2 Found 1",58m,"Box Squat (Barbell)",4,135.0,8.0,0,0.0,,,
2020-10-14 16:23:48,"RED Phase 2 Found 1",58m,"Incline Bench Press (Barbell)",1,95.0,10.0,0,0.0,"",,
2020-10-14 16:23:48,"RED Phase 2 Found 1",58m,"Incline Bench Press (Barbell)",2,95.0,10.0,0,0.0,,,
2020-10-14 16:23:48,"RED Phase 2 Found 1",58m,"Incline Bench Press (Barbell)",3,95.0,8.0,0,0.0,,,
2020-10-14 16:23:48,"RED Phase 2 Found 1",58m,"Bent Over Row (Barbell)",1,95.0,10.0,0,0.0,"",,
2020-10-14 16:23:48,"RED Phase 2 Found 1",58m,"Bent Over Row (Barbell)",2,115.0,10.0,0,0.0,,,
2020-10-14 16:23:48,"RED Phase 2 Found 1",58m,"Bent Over Row (Barbell)",3,115.0,8.0,0,0.0,,,
2020-10-14 16:23:48,"RED Phase 2 Found 1",58m,"Shrug (Dumbbell)",1,65.0,10.0,0,0.0,"",,
2020-10-14 16:23:48,"RED Phase 2 Found 1",58m,"Shrug (Dumbbell)",2,65.0,10.0,0,0.0,,,
2020-10-14 16:23:48,"RED Phase 2 Found 1",58m,"Shrug (Dumbbell)",3,65.0,0.0,0,0.0,,,
2020-10-14 16:23:48,"RED Phase 2 Found 1",58m,"Reverse Fly (Dumbbell)",1,20.0,10.0,0,0.0,"",,
2020-10-14 16:23:48,"RED Phase 2 Found 1",58m,"Reverse Fly (Dumbbell)",2,20.0,10.0,0,0.0,,,
2020-10-14 16:23:48,"RED Phase 2 Found 1",58m,"Lateral Raise (Dumbbell)",1,20.0,8.0,0,0.0,"",,
2020-10-14 16:23:48,"RED Phase 2 Found 1",58m,"Lateral Raise (Dumbbell)",2,20.0,8.0,0,0.0,,,
2020-10-14 16:23:48,"RED Phase 2 Found 1",58m,"Bicep Curl (Dumbbell)",1,20.0,12.0,0,0.0,"Supinated",,
2020-10-14 16:23:48,"RED Phase 2 Found 1",58m,"Bicep Curl (Dumbbell)",2,20.0,10.0,0,0.0,,,
2020-10-14 16:23:48,"RED Phase 2 Found 1",58m,"Bicep Curl (Dumbbell)",3,20.0,10.0,0,0.0,,,
2020-10-14 16:23:48,"RED Phase 2 Found 1",58m,"Chest Dip",1,0.0,10.0,0,0.0,"",,
2020-10-14 16:23:48,"RED Phase 2 Found 1",58m,"Chest Dip",2,0.0,6.0,0,0.0,,,
2020-10-14 16:23:48,"RED Phase 2 Found 1",58m,"Chest Dip",3,0.0,6.0,0,0.0,,,
2020-10-14 16:23:48,"RED Phase 2 Found 1",58m,"Standing Calf Raise (Machine)",1,135.0,15.0,0,0.0,"",,
2020-10-14 16:23:48,"RED Phase 2 Found 1",58m,"Standing Calf Raise (Machine)",2,135.0,15.0,0,0.0,,,
2020-10-21 15:56:04,"RED Phase 2 Found 1",56m,"Box Squat (Barbell)",1,135.0,10.0,0,0.0,"","",
2020-10-21 15:56:04,"RED Phase 2 Found 1",56m,"Box Squat (Barbell)",2,185.0,8.0,0,0.0,,,
2020-10-21 15:56:04,"RED Phase 2 Found 1",56m,"Box Squat (Barbell)",3,185.0,8.0,0,0.0,,,
2020-10-21 15:56:04,"RED Phase 2 Found 1",56m,"Box Squat (Barbell)",4,185.0,8.0,0,0.0,,,
2020-10-21 15:56:04,"RED Phase 2 Found 1",56m,"Incline Bench Press (Barbell)",1,95.0,10.0,0,0.0,"",,
2020-10-21 15:56:04,"RED Phase 2 Found 1",56m,"Incline Bench Press (Barbell)",2,115.0,8.0,0,0.0,,,
2020-10-21 15:56:04,"RED Phase 2 Found 1",56m,"Incline Bench Press (Barbell)",3,115.0,7.0,0,0.0,,,
2020-10-21 15:56:04,"RED Phase 2 Found 1",56m,"Bent Over Row (Barbell)",1,115.0,10.0,0,0.0,"",,
2020-10-21 15:56:04,"RED Phase 2 Found 1",56m,"Bent Over Row (Barbell)",2,115.0,10.0,0,0.0,,,
2020-10-21 15:56:04,"RED Phase 2 Found 1",56m,"Bent Over Row (Barbell)",3,115.0,8.0,0,0.0,,,
2020-10-21 15:56:04,"RED Phase 2 Found 1",56m,"Shrug (Dumbbell)",1,60.0,10.0,0,0.0,"",,
2020-10-21 15:56:04,"RED Phase 2 Found 1",56m,"Shrug (Dumbbell)",2,60.0,10.0,0,0.0,,,
2020-10-21 15:56:04,"RED Phase 2 Found 1",56m,"Shrug (Dumbbell)",3,60.0,8.0,0,0.0,,,
2020-10-21 15:56:04,"RED Phase 2 Found 1",56m,"Reverse Fly (Dumbbell)",1,20.0,10.0,0,0.0,"",,
2020-10-21 15:56:04,"RED Phase 2 Found 1",56m,"Reverse Fly (Dumbbell)",2,20.0,10.0,0,0.0,,,
2020-10-21 15:56:04,"RED Phase 2 Found 1",56m,"Lateral Raise (Dumbbell)",1,20.0,10.0,0,0.0,"",,
2020-10-21 15:56:04,"RED Phase 2 Found 1",56m,"Lateral Raise (Dumbbell)",2,20.0,8.0,0,0.0,,,
2020-10-21 15:56:04,"RED Phase 2 Found 1",56m,"Bicep Curl (Dumbbell)",1,20.0,12.0,0,0.0,"Supinated",,
2020-10-21 15:56:04,"RED Phase 2 Found 1",56m,"Bicep Curl (Dumbbell)",2,20.0,10.0,0,0.0,,,
2020-10-21 15:56:04,"RED Phase 2 Found 1",56m,"Bicep Curl (Dumbbell)",3,20.0,10.0,0,0.0,,,
2020-10-21 15:56:04,"RED Phase 2 Found 1",56m,"Chest Dip",1,0.0,8.0,0,0.0,"",,
2020-10-21 15:56:04,"RED Phase 2 Found 1",56m,"Chest Dip",2,0.0,6.0,0,0.0,,,
2020-10-21 15:56:04,"RED Phase 2 Found 1",56m,"Chest Dip",3,0.0,4.0,0,0.0,,,
2020-10-23 16:18:36,"RED Phase 2 Found 2",55m,"Deadlift (Barbell)",1,185.0,6.0,0,0.0,"","",
2020-10-23 16:18:36,"RED Phase 2 Found 2",55m,"Deadlift (Barbell)",2,185.0,6.0,0,0.0,,,
2020-10-23 16:18:36,"RED Phase 2 Found 2",55m,"Deadlift (Barbell)",3,185.0,6.0,0,0.0,,,
2020-10-23 16:18:36,"RED Phase 2 Found 2",55m,"Deadlift (Barbell)",4,185.0,6.0,0,0.0,,,
2020-10-23 16:18:36,"RED Phase 2 Found 2",55m,"Lying Leg Curl (Machine)",1,70.0,8.0,0,0.0,"",,
2020-10-23 16:18:36,"RED Phase 2 Found 2",55m,"Shrug (Barbell)",1,135.0,12.0,0,0.0,"",,
2020-10-23 16:18:36,"RED Phase 2 Found 2",55m,"Shrug (Barbell)",2,135.0,12.0,0,0.0,,,
2020-10-23 16:18:36,"RED Phase 2 Found 2",55m,"Shrug (Barbell)",3,135.0,10.0,0,0.0,,,
2020-10-23 16:18:36,"RED Phase 2 Found 2",55m,"Bench Press (Dumbbell)",1,40.0,10.0,0,0.0,"",,
2020-10-23 16:18:36,"RED Phase 2 Found 2",55m,"Bench Press (Dumbbell)",2,40.0,10.0,0,0.0,,,
2020-10-23 16:18:36,"RED Phase 2 Found 2",55m,"Bench Press (Dumbbell)",3,40.0,8.0,0,0.0,,,
2020-10-23 16:18:36,"RED Phase 2 Found 2",55m,"Pullover (Dumbbell)",1,50.0,6.0,0,0.0,"",,
2020-10-23 16:18:36,"RED Phase 2 Found 2",55m,"Chin Up",1,0.0,8.0,0,0.0,"",,
2020-10-23 16:18:36,"RED Phase 2 Found 2",55m,"Chin Up",2,0.0,5.0,0,0.0,,,
2020-10-23 16:18:36,"RED Phase 2 Found 2",55m,"Overhead Press (Dumbbell)",1,30.0,10.0,0,0.0,"",,
2020-10-23 16:18:36,"RED Phase 2 Found 2",55m,"Overhead Press (Dumbbell)",2,30.0,6.0,0,0.0,,,
2020-10-23 16:18:36,"RED Phase 2 Found 2",55m,"Overhead Press (Dumbbell)",3,25.0,6.0,0,0.0,,,
2020-10-23 16:18:36,"RED Phase 2 Found 2",55m,"Bicep Curl (Barbell)",1,30.0,12.0,0,0.0,"",,
2020-10-23 16:18:36,"RED Phase 2 Found 2",55m,"Bicep Curl (Barbell)",2,30.0,15.0,0,0.0,,,
2020-10-23 16:18:36,"RED Phase 2 Found 2",55m,"Bicep Curl (Barbell)",3,40.0,10.0,0,0.0,,,
2020-10-23 16:18:36,"RED Phase 2 Found 2",55m,"Triceps Pushdown (Cable - Straight Bar)",1,57.5,8.0,0,0.0,"",,
2020-10-23 16:18:36,"RED Phase 2 Found 2",55m,"Triceps Pushdown (Cable - Straight Bar)",2,57.5,8.0,0,0.0,,,
2020-10-23 16:18:36,"RED Phase 2 Found 2",55m,"Triceps Pushdown (Cable - Straight Bar)",3,50.0,8.0,0,0.0,,,
2020-10-26 16:29:25,"RED Phase 2 Found 1",1h 7m,"Box Squat (Barbell)",1,185.0,10.0,0,0.0,"","",
2020-10-26 16:29:25,"RED Phase 2 Found 1",1h 7m,"Box Squat (Barbell)",2,185.0,8.0,0,0.0,,,
2020-10-26 16:29:25,"RED Phase 2 Found 1",1h 7m,"Box Squat (Barbell)",3,185.0,8.0,0,0.0,,,
2020-10-26 16:29:25,"RED Phase 2 Found 1",1h 7m,"Box Squat (Barbell)",4,185.0,8.0,0,0.0,,,
2020-10-26 16:29:25,"RED Phase 2 Found 1",1h 7m,"Incline Bench Press (Barbell)",1,115.0,10.0,0,0.0,"",,
2020-10-26 16:29:25,"RED Phase 2 Found 1",1h 7m,"Incline Bench Press (Barbell)",2,115.0,8.0,0,0.0,,,
2020-10-26 16:29:25,"RED Phase 2 Found 1",1h 7m,"Incline Bench Press (Barbell)",3,115.0,5.0,0,0.0,,,
2020-10-26 16:29:25,"RED Phase 2 Found 1",1h 7m,"Bent Over Row (Barbell)",1,115.0,10.0,0,0.0,"",,
2020-10-26 16:29:25,"RED Phase 2 Found 1",1h 7m,"Bent Over Row (Barbell)",2,115.0,10.0,0,0.0,,,
2020-10-26 16:29:25,"RED Phase 2 Found 1",1h 7m,"Bent Over Row (Barbell)",3,115.0,8.0,0,0.0,,,
2020-10-26 16:29:25,"RED Phase 2 Found 1",1h 7m,"Shrug (Dumbbell)",1,60.0,10.0,0,0.0,"",,
2020-10-26 16:29:25,"RED Phase 2 Found 1",1h 7m,"Shrug (Dumbbell)",2,60.0,10.0,0,0.0,,,
2020-10-26 16:29:25,"RED Phase 2 Found 1",1h 7m,"Shrug (Dumbbell)",3,60.0,8.0,0,0.0,,,
2020-10-26 16:29:25,"RED Phase 2 Found 1",1h 7m,"Reverse Fly (Dumbbell)",1,25.0,10.0,0,0.0,"",,
2020-10-26 16:29:25,"RED Phase 2 Found 1",1h 7m,"Reverse Fly (Dumbbell)",2,25.0,10.0,0,0.0,,,
2020-10-26 16:29:25,"RED Phase 2 Found 1",1h 7m,"Lateral Raise (Dumbbell)",1,20.0,10.0,0,0.0,"",,
2020-10-26 16:29:25,"RED Phase 2 Found 1",1h 7m,"Lateral Raise (Dumbbell)",2,20.0,8.0,0,0.0,,,
2020-10-26 16:29:25,"RED Phase 2 Found 1",1h 7m,"Bicep Curl (Dumbbell)",1,20.0,12.0,0,0.0,"Supinated",,
2020-10-26 16:29:25,"RED Phase 2 Found 1",1h 7m,"Bicep Curl (Dumbbell)",2,20.0,10.0,0,0.0,,,
2020-10-26 16:29:25,"RED Phase 2 Found 1",1h 7m,"Chest Dip",1,0.0,8.0,0,0.0,"",,
2020-10-26 16:29:25,"RED Phase 2 Found 1",1h 7m,"Chest Dip",2,0.0,6.0,0,0.0,,,
2020-10-26 16:29:25,"RED Phase 2 Found 1",1h 7m,"Chest Dip",3,0.0,6.0,0,0.0,,,
2020-10-26 16:29:25,"RED Phase 2 Found 1",1h 7m,"Standing Calf Raise (Machine)",1,135.0,15.0,0,0.0,"",,
2020-10-26 16:29:25,"RED Phase 2 Found 1",1h 7m,"Standing Calf Raise (Machine)",2,135.0,15.0,0,0.0,,,
2020-10-26 16:29:25,"RED Phase 2 Found 1",1h 7m,"Standing Calf Raise (Machine)",3,135.0,15.0,0,0.0,,,
2020-10-26 16:29:25,"RED Phase 2 Found 1",1h 7m,"Hanging Leg Raise",1,0.0,10.0,0,0.0,"",,
2020-10-26 16:29:25,"RED Phase 2 Found 1",1h 7m,"Hanging Leg Raise",2,0.0,8.0,0,0.0,,,
2020-10-26 16:29:25,"RED Phase 2 Found 1",1h 7m,"Hanging Leg Raise",3,0.0,8.0,0,0.0,,,
2020-10-28 16:13:49,"RED Phase 2 Found 2",1h 9m,"Deadlift (Barbell)",1,185.0,8.0,0,0.0,"","",
2020-10-28 16:13:49,"RED Phase 2 Found 2",1h 9m,"Deadlift (Barbell)",2,205.0,8.0,0,0.0,,,
2020-10-28 16:13:49,"RED Phase 2 Found 2",1h 9m,"Deadlift (Barbell)",3,205.0,8.0,0,0.0,,,
2020-10-28 16:13:49,"RED Phase 2 Found 2",1h 9m,"Deadlift (Barbell)",4,205.0,6.0,0,0.0,,,
2020-10-28 16:13:49,"RED Phase 2 Found 2",1h 9m,"Lying Leg Curl (Machine)",1,70.0,10.0,0,0.0,"",,
2020-10-28 16:13:49,"RED Phase 2 Found 2",1h 9m,"Shrug (Barbell)",1,135.0,12.0,0,0.0,"",,
2020-10-28 16:13:49,"RED Phase 2 Found 2",1h 9m,"Shrug (Barbell)",2,135.0,12.0,0,0.0,,,
2020-10-28 16:13:49,"RED Phase 2 Found 2",1h 9m,"Shrug (Barbell)",3,135.0,10.0,0,0.0,,,
2020-10-28 16:13:49,"RED Phase 2 Found 2",1h 9m,"Bench Press (Dumbbell)",1,40.0,10.0,0,0.0,"",,
2020-10-28 16:13:49,"RED Phase 2 Found 2",1h 9m,"Bench Press (Dumbbell)",2,40.0,10.0,0,0.0,,,
2020-10-28 16:13:49,"RED Phase 2 Found 2",1h 9m,"Bench Press (Dumbbell)",3,40.0,8.0,0,0.0,,,
2020-10-28 16:13:49,"RED Phase 2 Found 2",1h 9m,"Pullover (Dumbbell)",1,50.0,8.0,0,0.0,"",,
2020-10-28 16:13:49,"RED Phase 2 Found 2",1h 9m,"Chin Up",1,0.0,8.0,0,0.0,"",,
2020-10-28 16:13:49,"RED Phase 2 Found 2",1h 9m,"Chin Up",2,0.0,5.0,0,0.0,,,
2020-10-28 16:13:49,"RED Phase 2 Found 2",1h 9m,"Overhead Press (Dumbbell)",1,30.0,10.0,0,0.0,"",,
2020-10-28 16:13:49,"RED Phase 2 Found 2",1h 9m,"Overhead Press (Dumbbell)",2,30.0,8.0,0,0.0,,,
2020-10-28 16:13:49,"RED Phase 2 Found 2",1h 9m,"Overhead Press (Dumbbell)",3,30.0,6.0,0,0.0,,,
2020-10-28 16:13:49,"RED Phase 2 Found 2",1h 9m,"Bicep Curl (Barbell)",1,30.0,12.0,0,0.0,"",,
2020-10-28 16:13:49,"RED Phase 2 Found 2",1h 9m,"Bicep Curl (Barbell)",2,30.0,15.0,0,0.0,,,
2020-10-28 16:13:49,"RED Phase 2 Found 2",1h 9m,"Bicep Curl (Barbell)",3,30.0,12.0,0,0.0,,,
2020-10-28 16:13:49,"RED Phase 2 Found 2",1h 9m,"Triceps Pushdown (Cable - Straight Bar)",1,50.0,10.0,0,0.0,"",,
2020-10-28 16:13:49,"RED Phase 2 Found 2",1h 9m,"Triceps Pushdown (Cable - Straight Bar)",2,50.0,8.0,0,0.0,,,
2020-10-28 16:13:49,"RED Phase 2 Found 2",1h 9m,"Triceps Pushdown (Cable - Straight Bar)",3,50.0,6.0,0,0.0,,,
2020-10-28 16:13:49,"RED Phase 2 Found 2",1h 9m,"Standing Calf Raise (Barbell)",1,90.0,12.0,0,0.0,"",,
2020-10-28 16:13:49,"RED Phase 2 Found 2",1h 9m,"Standing Calf Raise (Barbell)",2,90.0,12.0,0,0.0,,,
2020-10-28 16:13:49,"RED Phase 2 Found 2",1h 9m,"Standing Calf Raise (Barbell)",3,90.0,12.0,0,0.0,,,
2020-10-28 16:13:49,"RED Phase 2 Found 2",1h 9m,"Decline Crunch",1,0.0,15.0,0,0.0,"",,
2020-10-28 16:13:49,"RED Phase 2 Found 2",1h 9m,"Decline Crunch",2,0.0,20.0,0,0.0,,,
2020-10-28 16:13:49,"RED Phase 2 Found 2",1h 9m,"Decline Crunch",3,0.0,8.0,0,0.0,,,
2020-10-30 17:10:24,"RED Phase 2 Found 1",39h 46m,"Box Squat (Barbell)",1,185.0,10.0,0,0.0,"","",
2020-10-30 17:10:24,"RED Phase 2 Found 1",39h 46m,"Box Squat (Barbell)",2,185.0,8.0,0,0.0,,,
2020-10-30 17:10:24,"RED Phase 2 Found 1",39h 46m,"Box Squat (Barbell)",3,185.0,8.0,0,0.0,,,
2020-10-30 17:10:24,"RED Phase 2 Found 1",39h 46m,"Box Squat (Barbell)",4,185.0,8.0,0,0.0,,,
2020-10-30 17:10:24,"RED Phase 2 Found 1",39h 46m,"Incline Bench Press (Barbell)",1,115.0,10.0,0,0.0,"",,
2020-10-30 17:10:24,"RED Phase 2 Found 1",39h 46m,"Incline Bench Press (Barbell)",2,115.0,8.0,0,0.0,,,
2020-10-30 17:10:24,"RED Phase 2 Found 1",39h 46m,"Incline Bench Press (Barbell)",3,115.0,6.0,0,0.0,,,
2020-10-30 17:10:24,"RED Phase 2 Found 1",39h 46m,"Bent Over Row (Barbell)",1,115.0,10.0,0,0.0,"",,
2020-11-02 16:07:17,"RED Phase 2 Found 2",1h 14m,"Deadlift (Barbell)",1,185.0,8.0,0,0.0,"","",
2020-11-02 16:07:17,"RED Phase 2 Found 2",1h 14m,"Deadlift (Barbell)",2,205.0,8.0,0,0.0,,,
2020-11-02 16:07:17,"RED Phase 2 Found 2",1h 14m,"Deadlift (Barbell)",3,205.0,8.0,0,0.0,,,
2020-11-02 16:07:17,"RED Phase 2 Found 2",1h 14m,"Deadlift (Barbell)",4,205.0,6.0,0,0.0,,,
2020-11-02 16:07:17,"RED Phase 2 Found 2",1h 14m,"Lying Leg Curl (Machine)",1,70.0,15.0,0,0.0,"",,
2020-11-02 16:07:17,"RED Phase 2 Found 2",1h 14m,"Shrug (Barbell)",1,155.0,10.0,0,0.0,"",,
2020-11-02 16:07:17,"RED Phase 2 Found 2",1h 14m,"Shrug (Barbell)",2,155.0,10.0,0,0.0,,,
2020-11-02 16:07:17,"RED Phase 2 Found 2",1h 14m,"Shrug (Barbell)",3,155.0,10.0,0,0.0,,,
2020-11-02 16:07:17,"RED Phase 2 Found 2",1h 14m,"Bench Press (Dumbbell)",1,45.0,12.0,0,0.0,"",,
2020-11-02 16:07:17,"RED Phase 2 Found 2",1h 14m,"Bench Press (Dumbbell)",2,45.0,10.0,0,0.0,,,
2020-11-02 16:07:17,"RED Phase 2 Found 2",1h 14m,"Bench Press (Dumbbell)",3,45.0,10.0,0,0.0,,,
2020-11-02 16:07:17,"RED Phase 2 Found 2",1h 14m,"Pullover (Dumbbell)",1,55.0,8.0,0,0.0,"",,
2020-11-02 16:07:17,"RED Phase 2 Found 2",1h 14m,"Chin Up",1,0.0,8.0,0,0.0,"",,
2020-11-02 16:07:17,"RED Phase 2 Found 2",1h 14m,"Chin Up",2,0.0,5.0,0,0.0,,,
2020-11-02 16:07:17,"RED Phase 2 Found 2",1h 14m,"Overhead Press (Dumbbell)",1,30.0,10.0,0,0.0,"",,
2020-11-02 16:07:17,"RED Phase 2 Found 2",1h 14m,"Overhead Press (Dumbbell)",2,30.0,8.0,0,0.0,,,
2020-11-02 16:07:17,"RED Phase 2 Found 2",1h 14m,"Overhead Press (Dumbbell)",3,30.0,6.0,0,0.0,,,
2020-11-02 16:07:17,"RED Phase 2 Found 2",1h 14m,"Bicep Curl (Barbell)",1,40.0,12.0,0,0.0,"",,
2020-11-02 16:07:17,"RED Phase 2 Found 2",1h 14m,"Bicep Curl (Barbell)",2,40.0,12.0,0,0.0,,,
2020-11-02 16:07:17,"RED Phase 2 Found 2",1h 14m,"Bicep Curl (Barbell)",3,40.0,12.0,0,0.0,,,
2020-11-02 16:07:17,"RED Phase 2 Found 2",1h 14m,"Triceps Pushdown (Cable - Straight Bar)",1,50.0,10.0,0,0.0,"",,
2020-11-02 16:07:17,"RED Phase 2 Found 2",1h 14m,"Triceps Pushdown (Cable - Straight Bar)",2,50.0,10.0,0,0.0,,,
2020-11-02 16:07:17,"RED Phase 2 Found 2",1h 14m,"Triceps Pushdown (Cable - Straight Bar)",3,50.0,10.0,0,0.0,,,
2020-11-02 16:07:17,"RED Phase 2 Found 2",1h 14m,"Standing Calf Raise (Barbell)",1,90.0,12.0,0,0.0,"",,
2020-11-02 16:07:17,"RED Phase 2 Found 2",1h 14m,"Standing Calf Raise (Barbell)",2,90.0,12.0,0,0.0,,,
2020-11-02 16:07:17,"RED Phase 2 Found 2",1h 14m,"Standing Calf Raise (Barbell)",3,90.0,12.0,0,0.0,,,
2020-11-02 16:07:17,"RED Phase 2 Found 2",1h 14m,"Decline Crunch",1,0.0,21.0,0,0.0,"",,
2020-11-02 16:07:17,"RED Phase 2 Found 2",1h 14m,"Decline Crunch",2,0.0,20.0,0,0.0,,,
2020-11-02 16:07:17,"RED Phase 2 Found 2",1h 14m,"Decline Crunch",3,0.0,10.0,0,0.0,,,
2020-11-05 15:55:11,"RED Phase 2 Found 1",35m,"Box Squat (Barbell)",1,185.0,8.0,0,0.0,"","",
2020-11-05 15:55:11,"RED Phase 2 Found 1",35m,"Box Squat (Barbell)",2,185.0,10.0,0,0.0,,,
2020-11-05 15:55:11,"RED Phase 2 Found 1",35m,"Box Squat (Barbell)",3,185.0,8.0,0,0.0,,,
2020-11-05 15:55:11,"RED Phase 2 Found 1",35m,"Box Squat (Barbell)",4,185.0,8.0,0,0.0,,,
2020-11-05 15:55:11,"RED Phase 2 Found 1",35m,"Incline Bench Press (Barbell)",1,115.0,10.0,0,0.0,"",,
2020-11-05 15:55:11,"RED Phase 2 Found 1",35m,"Incline Bench Press (Barbell)",2,115.0,8.0,0,0.0,,,
2020-11-05 15:55:11,"RED Phase 2 Found 1",35m,"Incline Bench Press (Barbell)",3,115.0,7.0,0,0.0,,,
2020-11-05 15:55:11,"RED Phase 2 Found 1",35m,"Bent Over Row (Barbell)",1,115.0,10.0,0,0.0,"",,
2020-11-05 15:55:11,"RED Phase 2 Found 1",35m,"Bent Over Row (Barbell)",2,115.0,10.0,0,0.0,,,
2020-11-05 15:55:11,"RED Phase 2 Found 1",35m,"Bent Over Row (Barbell)",3,115.0,8.0,0,0.0,,,
2020-11-09 10:49:26,"RED Phase 3 Found 1",57m,"Squat (Barbell)",1,135.0,15.0,0,0.0,"","",
2020-11-09 10:49:26,"RED Phase 3 Found 1",57m,"Squat (Barbell)",2,135.0,15.0,0,0.0,,,
2020-11-09 10:49:26,"RED Phase 3 Found 1",57m,"Squat (Barbell)",3,135.0,12.0,0,0.0,,,
2020-11-09 10:49:26,"RED Phase 3 Found 1",57m,"Sissy Squat",1,0,12.0,0,0.0,"",,
2020-11-09 10:49:26,"RED Phase 3 Found 1",57m,"Sissy Squat",2,0,12.0,0,0.0,,,
2020-11-09 10:49:26,"RED Phase 3 Found 1",57m,"Cable Crossover",1,20.0,15.0,0,0.0,"",,
2020-11-09 10:49:26,"RED Phase 3 Found 1",57m,"Cable Crossover",2,20.0,12.0,0,0.0,,,
2020-11-09 10:49:26,"RED Phase 3 Found 1",57m,"Bent Over Row (Dumbbell)",1,35.0,15.0,0,0.0,"",,
2020-11-09 10:49:26,"RED Phase 3 Found 1",57m,"Bent Over Row (Dumbbell)",2,35.0,15.0,0,0.0,,,
2020-11-09 10:49:26,"RED Phase 3 Found 1",57m,"Pullover (Dumbbell)",1,35.0,15.0,0,0.0,"",,
2020-11-09 10:49:26,"RED Phase 3 Found 1",57m,"Pullover (Dumbbell)",2,35.0,12.0,0,0.0,,,
2020-11-09 10:49:26,"RED Phase 3 Found 1",57m,"Shrug (Dumbbell)",1,60.0,12.0,0,0.0,"Seated",,
2020-11-09 10:49:26,"RED Phase 3 Found 1",57m,"Shrug (Dumbbell)",2,45.0,10.0,0,0.0,,,
2020-11-09 10:49:26,"RED Phase 3 Found 1",57m,"Shrug (Dumbbell)",3,45.0,10.0,0,0.0,,,
2020-11-09 10:49:26,"RED Phase 3 Found 1",57m,"Shrug (Dumbbell)",4,45.0,10.0,0,0.0,,,
2020-11-09 10:49:26,"RED Phase 3 Found 1",57m,"Shrug (Dumbbell)",5,45.0,10.0,0,0.0,,,
2020-11-09 10:49:26,"RED Phase 3 Found 1",57m,"Reverse Fly (Cable)",1,15.0,8.0,0,0.0,"",,
2020-11-09 10:49:26,"RED Phase 3 Found 1",57m,"Reverse Fly (Cable)",2,10.0,10.0,0,0.0,,,
2020-11-09 10:49:26,"RED Phase 3 Found 1",57m,"Upright Row (Barbell)",1,90.0,12.0,0,0.0,"",,
2020-11-09 10:49:26,"RED Phase 3 Found 1",57m,"Upright Row (Barbell)",2,70.0,10.0,0,0.0,,,
2020-11-09 10:49:26,"RED Phase 3 Found 1",57m,"Bicep Curl (Dumbbell)",1,20.0,12.0,0,0.0,"",,
2020-11-09 10:49:26,"RED Phase 3 Found 1",57m,"Bicep Curl (Dumbbell)",2,20.0,8.0,0,0.0,,,
2020-11-09 10:49:26,"RED Phase 3 Found 1",57m,"Triceps Extension (Dumbbell)",1,45.0,12.0,0,0.0,"",,
2020-11-09 10:49:26,"RED Phase 3 Found 1",57m,"Triceps Extension (Dumbbell)",2,20.0,15.0,0,0.0,,,
2020-11-09 10:49:26,"RED Phase 3 Found 1",57m,"Hammer Curl (Cable)",1,20.0,15.0,0,0.0,"",,
2020-11-09 10:49:26,"RED Phase 3 Found 1",57m,"Hammer Curl (Cable)",2,20.0,12.0,0,0.0,,,
2020-11-09 10:49:26,"RED Phase 3 Found 1",57m,"Triceps Pushdown (Cable - Straight Bar)",1,25.0,15.0,0,0.0,"",,
2020-11-09 10:49:26,"RED Phase 3 Found 1",57m,"Triceps Pushdown (Cable - Straight Bar)",2,30.0,15.0,0,0.0,,,
2020-11-09 10:49:26,"RED Phase 3 Found 1",57m,"Standing Calf Raise (Dumbbell)",1,135.0,15.0,0,0.0,"",,
2020-11-09 10:49:26,"RED Phase 3 Found 1",57m,"Standing Calf Raise (Dumbbell)",2,135.0,15.0,0,0.0,,,
2020-11-09 10:49:26,"RED Phase 3 Found 1",57m,"Standing Calf Raise (Dumbbell)",3,135.0,15.0,0,0.0,,,
2020-11-09 10:49:26,"RED Phase 3 Found 1",57m,"Standing Calf Raise (Dumbbell)",4,135.0,15.0,0,0.0,,,
2020-11-09 10:49:26,"RED Phase 3 Found 1",57m,"Hanging Leg Raise",1,0.0,10.0,0,0.0,"",,
2020-11-09 10:49:26,"RED Phase 3 Found 1",57m,"Hanging Leg Raise",2,0.0,10.0,0,0.0,,,
2020-11-09 10:49:26,"RED Phase 3 Found 1",57m,"Hanging Leg Raise",3,0.0,8.0,0,0.0,,,
2020-11-09 10:49:26,"RED Phase 3 Found 1",57m,"Hanging Leg Raise",4,0.0,6.0,0,0.0,,,
2020-11-11 15:42:02,"Red Phase 3 Found 2",52m,"Deadlift (Barbell)",1,135.0,12.0,0,0.0,"Touch and go","",
2020-11-11 15:42:02,"Red Phase 3 Found 2",52m,"Deadlift (Barbell)",2,185.0,10.0,0,0.0,,,
2020-11-11 15:42:02,"Red Phase 3 Found 2",52m,"Deadlift (Barbell)",3,185.0,10.0,0,0.0,,,
2020-11-11 15:42:02,"Red Phase 3 Found 2",52m,"Chin Up",1,0.0,5.0,0,0.0,"",,
2020-11-11 15:42:02,"Red Phase 3 Found 2",52m,"Chin Up",2,0.0,4.0,0,0.0,,,
2020-11-11 15:42:02,"Red Phase 3 Found 2",52m,"Shrug (Barbell)",1,135.0,12.0,0,0.0,"",,
2020-11-11 15:42:02,"Red Phase 3 Found 2",52m,"Shrug (Barbell)",2,135.0,10.0,0,0.0,,,
2020-11-11 15:42:02,"Red Phase 3 Found 2",52m,"Shrug (Barbell)",3,135.0,8.0,0,0.0,,,
2020-11-11 15:42:02,"Red Phase 3 Found 2",52m,"Shrug (Barbell)",4,135.0,8.0,0,0.0,,,
2020-11-11 15:42:02,"Red Phase 3 Found 2",52m,"Shrug (Barbell)",5,135.0,10.0,0,0.0,,,
2020-11-11 15:42:02,"Red Phase 3 Found 2",52m,"Bench Press (Dumbbell)",1,40.0,12.0,0,0.0,"",,
2020-11-11 15:42:02,"Red Phase 3 Found 2",52m,"Bench Press (Dumbbell)",2,40.0,12.0,0,0.0,,,
2020-11-11 15:42:02,"Red Phase 3 Found 2",52m,"Incline Chest Fly (Dumbbell)",1,20.0,12.0,0,0.0,"",,
2020-11-11 15:42:02,"Red Phase 3 Found 2",52m,"Incline Chest Fly (Dumbbell)",2,20.0,12.0,0,0.0,,,
2020-11-11 15:42:02,"Red Phase 3 Found 2",52m,"Arnold Press (Dumbbell)",1,20.0,11.0,0,0.0,"",,
2020-11-11 15:42:02,"Red Phase 3 Found 2",52m,"Arnold Press (Dumbbell)",2,20.0,8.0,0,0.0,,,
2020-11-11 15:42:02,"Red Phase 3 Found 2",52m,"Lateral Raise (Dumbbell)",1,10.0,12.0,0,0.0,"",,
2020-11-11 15:42:02,"Red Phase 3 Found 2",52m,"Lateral Raise (Dumbbell)",2,10.0,10.0,0,0.0,,,
2020-11-11 15:42:02,"Red Phase 3 Found 2",52m,"Chest Dip",1,0.0,8.0,0,0.0,"",,
2020-11-11 15:42:02,"Red Phase 3 Found 2",52m,"Chest Dip",2,0.0,5.0,0,0.0,,,
2020-11-11 15:42:02,"Red Phase 3 Found 2",52m,"Bicep Curl (Barbell)",1,30.0,12.0,0,0.0,"",,
2020-11-11 15:42:02,"Red Phase 3 Found 2",52m,"Bicep Curl (Barbell)",2,30.0,15.0,0,0.0,,,
2020-11-11 15:42:02,"Red Phase 3 Found 2",52m,"Reverse Curl (Barbell)",1,30.0,10.0,0,0.0,"",,
2020-11-11 15:42:02,"Red Phase 3 Found 2",52m,"Reverse Curl (Barbell)",2,30.0,12.0,0,0.0,,,
2020-11-11 15:42:02,"Red Phase 3 Found 2",52m,"Triceps Pushdown (Cable - Straight Bar)",1,30.0,15.0,0,0.0,"",,
2020-11-11 15:42:02,"Red Phase 3 Found 2",52m,"Triceps Pushdown (Cable - Straight Bar)",2,30.0,15.0,0,0.0,,,
2020-11-11 15:42:02,"Red Phase 3 Found 2",52m,"Seated Calf Raise (Plate Loaded)",1,90.0,12.0,0,0.0,"",,
2020-11-11 15:42:02,"Red Phase 3 Found 2",52m,"Seated Calf Raise (Plate Loaded)",2,90.0,12.0,0,0.0,,,
2020-11-11 15:42:02,"Red Phase 3 Found 2",52m,"Standing Calf Raise (Barbell)",1,135.0,15.0,0,0.0,"",,
2020-11-11 15:42:02,"Red Phase 3 Found 2",52m,"Standing Calf Raise (Barbell)",2,135.0,12.0,0,0.0,,,
2020-11-11 15:42:02,"Red Phase 3 Found 2",52m,"Decline Crunch",1,0.0,21.0,0,0.0,"",,
2020-11-11 15:42:02,"Red Phase 3 Found 2",52m,"Decline Crunch",2,0.0,12.0,0,0.0,,,
2020-11-11 15:42:02,"Red Phase 3 Found 2",52m,"Decline Crunch",3,0.0,12.0,0,0.0,,,
2020-11-11 15:42:02,"Red Phase 3 Found 2",52m,"Decline Crunch",4,0.0,8.0,0,0.0,,,
2020-11-11 15:42:02,"Red Phase 3 Found 2",52m,"Decline Crunch",5,0.0,6.0,0,0.0,,,
2020-11-13 16:28:49,"RED Phase 3 Found 1",33m,"Squat (Barbell)",1,135.0,15.0,0,0.0,"","",
2020-11-13 16:28:49,"RED Phase 3 Found 1",33m,"Squat (Barbell)",2,135.0,15.0,0,0.0,,,
2020-11-13 16:28:49,"RED Phase 3 Found 1",33m,"Squat (Barbell)",3,135.0,12.0,0,0.0,,,
2020-11-13 16:28:49,"RED Phase 3 Found 1",33m,"Sissy Squat",1,0,12.0,0,0.0,"",,
2020-11-13 16:28:49,"RED Phase 3 Found 1",33m,"Sissy Squat",2,0,12.0,0,0.0,,,
2020-11-13 16:28:49,"RED Phase 3 Found 1",33m,"Incline Bench Press (Barbell)",1,95.0,15.0,0,0.0,"",,
2020-11-13 16:28:49,"RED Phase 3 Found 1",33m,"Incline Bench Press (Barbell)",2,115.0,12.0,0,0.0,,,
2020-11-13 16:28:49,"RED Phase 3 Found 1",33m,"Cable Crossover",1,20.0,12.0,0,0.0,"",,
2020-11-13 16:28:49,"RED Phase 3 Found 1",33m,"Cable Crossover",2,20.0,11.0,0,0.0,,,
2020-11-13 16:28:49,"RED Phase 3 Found 1",33m,"Bent Over Row (Dumbbell)",1,40.0,12.0,0,0.0,"",,
2020-11-13 16:28:49,"RED Phase 3 Found 1",33m,"Bent Over Row (Dumbbell)",2,40.0,15.0,0,0.0,,,
2020-11-13 16:28:49,"RED Phase 3 Found 1",33m,"Pullover (Dumbbell)",1,40.0,15.0,0,0.0,"",,
2020-11-13 16:28:49,"RED Phase 3 Found 1",33m,"Pullover (Dumbbell)",2,40.0,12.0,0,0.0,,,
2020-11-13 16:28:49,"RED Phase 3 Found 1",33m,"Shrug (Dumbbell)",1,45.0,15.0,0,0.0,"Seated",,
2020-11-13 16:28:49,"RED Phase 3 Found 1",33m,"Shrug (Dumbbell)",2,45.0,12.0,0,0.0,,,
2020-11-13 16:28:49,"RED Phase 3 Found 1",33m,"Shrug (Dumbbell)",3,45.0,12.0,0,0.0,,,
2020-11-13 16:28:49,"RED Phase 3 Found 1",33m,"Shrug (Dumbbell)",4,45.0,10.0,0,0.0,,,
2020-11-13 16:28:49,"RED Phase 3 Found 1",33m,"Shrug (Dumbbell)",5,45.0,10.0,0,0.0,,,
2020-11-16 09:07:38,"RED Phase 3 Found 1",54m,"Squat (Barbell)",1,135.0,15.0,0,0.0,"","",
2020-11-16 09:07:38,"RED Phase 3 Found 1",54m,"Squat (Barbell)",2,135.0,15.0,0,0.0,,,
2020-11-16 09:07:38,"RED Phase 3 Found 1",54m,"Squat (Barbell)",3,135.0,12.0,0,0.0,,,
2020-11-16 09:07:38,"RED Phase 3 Found 1",54m,"Sissy Squat",1,0,12.0,0,0.0,"",,
2020-11-16 09:07:38,"RED Phase 3 Found 1",54m,"Sissy Squat",2,0,12.0,0,0.0,,,
2020-11-16 09:07:38,"RED Phase 3 Found 1",54m,"Incline Bench Press (Barbell)",1,95.0,15.0,0,0.0,"",,
2020-11-16 09:07:38,"RED Phase 3 Found 1",54m,"Incline Bench Press (Barbell)",2,115.0,10.0,0,0.0,,,
2020-11-16 09:07:38,"RED Phase 3 Found 1",54m,"Cable Crossover",1,20.0,12.0,0,0.0,"",,
2020-11-16 09:07:38,"RED Phase 3 Found 1",54m,"Cable Crossover",2,20.0,12.0,0,0.0,,,
2020-11-16 09:07:38,"RED Phase 3 Found 1",54m,"Bent Over Row (Dumbbell)",1,40.0,12.0,0,0.0,"",,
2020-11-16 09:07:38,"RED Phase 3 Found 1",54m,"Bent Over Row (Dumbbell)",2,40.0,12.0,0,0.0,,,
2020-11-16 09:07:38,"RED Phase 3 Found 1",54m,"Pullover (Dumbbell)",1,40.0,15.0,0,0.0,"",,
2020-11-16 09:07:38,"RED Phase 3 Found 1",54m,"Pullover (Dumbbell)",2,40.0,12.0,0,0.0,,,
2020-11-16 09:07:38,"RED Phase 3 Found 1",54m,"Shrug (Dumbbell)",1,45.0,15.0,0,0.0,"Seated",,
2020-11-16 09:07:38,"RED Phase 3 Found 1",54m,"Shrug (Dumbbell)",2,45.0,12.0,0,0.0,,,
2020-11-16 09:07:38,"RED Phase 3 Found 1",54m,"Shrug (Dumbbell)",3,45.0,12.0,0,0.0,,,
2020-11-16 09:07:38,"RED Phase 3 Found 1",54m,"Shrug (Dumbbell)",4,45.0,10.0,0,0.0,,,
2020-11-16 09:07:38,"RED Phase 3 Found 1",54m,"Shrug (Dumbbell)",5,45.0,10.0,0,0.0,,,
2020-11-16 09:07:38,"RED Phase 3 Found 1",54m,"Reverse Fly (Cable)",1,13.0,12.0,0,0.0,"",,
2020-11-16 09:07:38,"RED Phase 3 Found 1",54m,"Reverse Fly (Cable)",2,13.0,10.0,0,0.0,,,
2020-11-16 09:07:38,"RED Phase 3 Found 1",54m,"Upright Row (Barbell)",1,90.0,10.0,0,0.0,"",,
2020-11-16 09:07:38,"RED Phase 3 Found 1",54m,"Upright Row (Barbell)",2,60.0,10.0,0,0.0,,,
2020-11-16 09:07:38,"RED Phase 3 Found 1",54m,"Bicep Curl (Dumbbell)",1,20.0,12.0,0,0.0,"",,
2020-11-16 09:07:38,"RED Phase 3 Found 1",54m,"Bicep Curl (Dumbbell)",2,20.0,8.0,0,0.0,,,
2020-11-16 09:07:38,"RED Phase 3 Found 1",54m,"Triceps Extension (Dumbbell)",1,40.0,12.0,0,0.0,"",,
2020-11-16 09:07:38,"RED Phase 3 Found 1",54m,"Triceps Extension (Dumbbell)",2,40.0,12.0,0,0.0,,,
2020-11-16 09:07:38,"RED Phase 3 Found 1",54m,"Hammer Curl (Cable)",1,20.0,12.0,0,0.0,"",,
2020-11-16 09:07:38,"RED Phase 3 Found 1",54m,"Hammer Curl (Cable)",2,20.0,12.0,0,0.0,,,
2020-11-16 09:07:38,"RED Phase 3 Found 1",54m,"Triceps Pushdown (Cable - Straight Bar)",1,30.0,15.0,0,0.0,"",,
2020-11-16 09:07:38,"RED Phase 3 Found 1",54m,"Triceps Pushdown (Cable - Straight Bar)",2,30.0,15.0,0,0.0,,,
2020-11-16 09:07:38,"RED Phase 3 Found 1",54m,"Standing Calf Raise (Dumbbell)",1,135.0,15.0,0,0.0,"",,
2020-11-16 09:07:38,"RED Phase 3 Found 1",54m,"Standing Calf Raise (Dumbbell)",2,135.0,15.0,0,0.0,,,
2020-11-16 09:07:38,"RED Phase 3 Found 1",54m,"Standing Calf Raise (Dumbbell)",3,135.0,15.0,0,0.0,,,
2020-11-16 09:07:38,"RED Phase 3 Found 1",54m,"Hanging Leg Raise",1,0.0,10.0,0,0.0,"",,
2020-11-16 09:07:38,"RED Phase 3 Found 1",54m,"Hanging Leg Raise",2,0.0,8.0,0,0.0,,,
2020-11-18 16:30:20,"Red Phase 3 Found 2",32m,"Deadlift (Barbell)",1,185.0,12.0,0,0.0,"Touch and go","",
2020-11-18 16:30:20,"Red Phase 3 Found 2",32m,"Deadlift (Barbell)",2,185.0,12.0,0,0.0,,,
2020-11-18 16:30:20,"Red Phase 3 Found 2",32m,"Deadlift (Barbell)",3,185.0,10.0,0,0.0,,,
2020-11-18 16:30:20,"Red Phase 3 Found 2",32m,"Chin Up",1,0.0,5.0,0,0.0,"",,
2020-11-18 16:30:20,"Red Phase 3 Found 2",32m,"Chin Up",2,0.0,4.0,0,0.0,,,
2020-11-18 16:30:20,"Red Phase 3 Found 2",32m,"Shrug (Barbell)",1,135.0,12.0,0,0.0,"",,
2020-11-18 16:30:20,"Red Phase 3 Found 2",32m,"Shrug (Barbell)",2,135.0,12.0,0,0.0,,,
2020-11-18 16:30:20,"Red Phase 3 Found 2",32m,"Shrug (Barbell)",3,135.0,8.0,0,0.0,,,
2020-11-18 16:30:20,"Red Phase 3 Found 2",32m,"Shrug (Barbell)",4,135.0,8.0,0,0.0,,,
2020-11-18 16:30:20,"Red Phase 3 Found 2",32m,"Shrug (Barbell)",5,135.0,8.0,0,0.0,,,
2020-11-18 16:30:20,"Red Phase 3 Found 2",32m,"Bench Press (Dumbbell)",1,45.0,15.0,0,0.0,"",,
2020-11-18 16:30:20,"Red Phase 3 Found 2",32m,"Bench Press (Dumbbell)",2,45.0,12.0,0,0.0,,,
2020-11-18 16:30:20,"Red Phase 3 Found 2",32m,"Incline Chest Fly (Dumbbell)",1,20.0,10.0,0,0.0,"",,
2020-11-18 16:30:20,"Red Phase 3 Found 2",32m,"Incline Chest Fly (Dumbbell)",2,20.0,10.0,0,0.0,,,
2020-11-18 16:30:20,"Red Phase 3 Found 2",32m,"Arnold Press (Dumbbell)",1,20.0,10.0,0,0.0,"",,
2020-11-18 16:30:20,"Red Phase 3 Found 2",32m,"Arnold Press (Dumbbell)",2,20.0,8.0,0,0.0,,,
2020-11-18 16:30:20,"Red Phase 3 Found 2",32m,"Lateral Raise (Dumbbell)",1,10.0,12.0,0,0.0,"",,
2020-11-18 16:30:20,"Red Phase 3 Found 2",32m,"Lateral Raise (Dumbbell)",2,10.0,10.0,0,0.0,,,
2020-11-18 16:30:20,"Red Phase 3 Found 2",32m,"Chest Dip",1,0.0,8.0,0,0.0,"",,
2020-11-18 16:30:20,"Red Phase 3 Found 2",32m,"Chest Dip",2,0.0,5.0,0,0.0,,,
2020-11-18 16:30:20,"Red Phase 3 Found 2",32m,"Bicep Curl (Barbell)",1,30.0,12.0,0,0.0,"",,
2020-11-18 16:30:20,"Red Phase 3 Found 2",32m,"Bicep Curl (Barbell)",2,30.0,15.0,0,0.0,,,
2020-11-20 10:12:00,"RED Phase 3 Found 1",1h 21m,"Squat (Barbell)",1,135.0,15.0,0,0.0,"","",
2020-11-20 10:12:00,"RED Phase 3 Found 1",1h 21m,"Squat (Barbell)",2,135.0,15.0,0,0.0,,,
2020-11-20 10:12:00,"RED Phase 3 Found 1",1h 21m,"Squat (Barbell)",3,135.0,12.0,0,0.0,,,
2020-11-20 10:12:00,"RED Phase 3 Found 1",1h 21m,"Sissy Squat",1,0,12.0,0,0.0,"",,
2020-11-20 10:12:00,"RED Phase 3 Found 1",1h 21m,"Sissy Squat",2,0,12.0,0,0.0,,,
2020-11-20 10:12:00,"RED Phase 3 Found 1",1h 21m,"Incline Bench Press (Barbell)",1,95.0,15.0,0,0.0,"",,
2020-11-20 10:12:00,"RED Phase 3 Found 1",1h 21m,"Incline Bench Press (Barbell)",2,95.0,12.0,0,0.0,,,
2020-11-20 10:12:00,"RED Phase 3 Found 1",1h 21m,"Cable Crossover",1,20.0,12.0,0,0.0,"",,
2020-11-20 10:12:00,"RED Phase 3 Found 1",1h 21m,"Cable Crossover",2,20.0,12.0,0,0.0,,,
2020-11-20 10:12:00,"RED Phase 3 Found 1",1h 21m,"Bent Over Row (Dumbbell)",1,40.0,12.0,0,0.0,"",,
2020-11-20 10:12:00,"RED Phase 3 Found 1",1h 21m,"Bent Over Row (Dumbbell)",2,40.0,12.0,0,0.0,,,
2020-11-20 10:12:00,"RED Phase 3 Found 1",1h 21m,"Pullover (Dumbbell)",1,40.0,15.0,0,0.0,"",,
2020-11-20 10:12:00,"RED Phase 3 Found 1",1h 21m,"Pullover (Dumbbell)",2,40.0,12.0,0,0.0,,,
2020-11-20 10:12:00,"RED Phase 3 Found 1",1h 21m,"Shrug (Dumbbell)",1,40.0,12.0,0,0.0,"Seated",,
2020-11-20 10:12:00,"RED Phase 3 Found 1",1h 21m,"Shrug (Dumbbell)",2,40.0,12.0,0,0.0,,,
2020-11-20 10:12:00,"RED Phase 3 Found 1",1h 21m,"Shrug (Dumbbell)",3,40.0,10.0,0,0.0,,,
2020-11-20 10:12:00,"RED Phase 3 Found 1",1h 21m,"Shrug (Dumbbell)",4,40.0,10.0,0,0.0,,,
2020-11-20 10:12:00,"RED Phase 3 Found 1",1h 21m,"Shrug (Dumbbell)",5,40.0,10.0,0,0.0,,,
2020-11-20 10:12:00,"RED Phase 3 Found 1",1h 21m,"Reverse Fly (Cable)",1,13.0,12.0,0,0.0,"",,
2020-11-20 10:12:00,"RED Phase 3 Found 1",1h 21m,"Reverse Fly (Cable)",2,10.0,10.0,0,0.0,,,
2020-11-20 10:12:00,"RED Phase 3 Found 1",1h 21m,"Upright Row (Barbell)",1,60.0,12.0,0,0.0,"",,
2020-12-06 11:02:22,"Morning Workout",51m,"Incline Bench Press (Barbell)",1,95.0,15.0,0,0.0,"","",
2020-12-06 11:02:22,"Morning Workout",51m,"Incline Bench Press (Barbell)",2,95.0,12.0,0,0.0,,,
2021-01-04 15:49:07,"Afternoon Workout",1h 4m,"Incline Bench Press (Barbell)",1,95.0,15.0,0,0.0,"","",
2021-01-04 15:49:07,"Afternoon Workout",1h 4m,"Incline Bench Press (Barbell)",2,95.0,12.0,0,0.0,,,
2021-01-05 15:46:33,"Afternoon Workout",1h 26m,"Incline Bench Press (Barbell)",1,95.0,12.0,0,0.0,"","",
2021-01-08 12:59:13,"Midday Workout",32m,"Incline Bench Press (Barbell)",1,95.0,15.0,0,0.0,"","",
2021-02-26 16:38:19,"Black Phase 1 Found 1",92h 54m,"Squat (Barbell)",1,225.0,5.0,0,0.0,"","",
2021-02-26 16:38:19,"Black Phase 1 Found 1",92h 54m,"Squat (Barbell)",2,275.0,3.0,0,0.0,,,
2021-02-26 16:38:19,"Black Phase 1 Found 1",92h 54m,"Squat (Barbell)",3,275.0,3.0,0,0.0,,,
2021-02-26 16:38:19,"Black Phase 1 Found 1",92h 54m,"Squat (Barbell)",4,275.0,2.0,0,0.0,,,
2021-02-26 16:38:19,"Black Phase 1 Found 1",92h 54m,"Romanian Deadlift (Barbell)",1,135.0,7.0,0,0.0,"",,
2021-02-26 16:38:19,"Black Phase 1 Found 1",92h 54m,"Romanian Deadlift (Barbell)",2,155.0,7.0,0,0.0,,,
2021-02-26 16:38:19,"Black Phase 1 Found 1",92h 54m,"Romanian Deadlift (Barbell)",3,155.0,8.0,0,0.0,,,
2021-02-26 16:38:19,"Black Phase 1 Found 1",92h 54m,"Incline Bench Press (Barbell)",1,135.0,4.0,0,0.0,"",,
2021-02-26 16:38:19,"Black Phase 1 Found 1",92h 54m,"Incline Bench Press (Barbell)",2,135.0,4.0,0,0.0,,,
2021-02-26 16:38:19,"Black Phase 1 Found 1",92h 54m,"Incline Bench Press (Barbell)",3,135.0,4.0,0,0.0,,,
2021-02-26 16:38:19,"Black Phase 1 Found 1",92h 54m,"Incline Bench Press (Barbell)",4,135.0,4.0,0,0.0,,,
2021-02-26 16:38:19,"Black Phase 1 Found 1",92h 54m,"Bent Over Row (Barbell)",1,135.0,8.0,0,0.0,"",,
2021-02-26 16:38:19,"Black Phase 1 Found 1",92h 54m,"Bent Over Row (Barbell)",2,155.0,6.0,0,0.0,,,
2021-02-26 16:38:19,"Black Phase 1 Found 1",92h 54m,"Bent Over Row (Barbell)",3,155.0,5.0,0,0.0,,,
2021-02-26 16:38:19,"Black Phase 1 Found 1",92h 54m,"Bent Over Row (Barbell)",4,155.0,4.0,0,0.0,,,
2021-02-26 16:38:19,"Black Phase 1 Found 1",92h 54m,"Shrug (Dumbbell)",1,70.0,8.0,0,0.0,"",,
2021-02-26 16:38:19,"Black Phase 1 Found 1",92h 54m,"Shrug (Dumbbell)",2,75.0,6.0,0,0.0,,,
2021-02-26 16:38:19,"Black Phase 1 Found 1",92h 54m,"Shrug (Dumbbell)",3,75.0,6.0,0,0.0,,,
2021-02-26 16:38:19,"Black Phase 1 Found 1",92h 54m,"Shrug (Dumbbell)",4,75.0,6.0,0,0.0,,,
2021-02-26 16:38:19,"Black Phase 1 Found 1",92h 54m,"Shrug (Dumbbell)",5,40.0,10.0,0,0.0,,,
2021-02-26 16:38:19,"Black Phase 1 Found 1",92h 54m,"Push Press",1,135.0,2.0,0,0.0,"",,
2021-02-26 16:38:19,"Black Phase 1 Found 1",92h 54m,"Push Press",2,115.0,3.0,0,0.0,,,
2021-02-26 16:38:19,"Black Phase 1 Found 1",92h 54m,"Rear Lateral Raise",1,25.0,10.0,0,0.0,"",,
2021-02-26 16:38:19,"Black Phase 1 Found 1",92h 54m,"Bicep Curl (Barbell)",1,60.0,8.0,0,0.0,"",,
2021-02-26 16:38:19,"Black Phase 1 Found 1",92h 54m,"Bicep Curl (Barbell)",2,60.0,7.0,0,0.0,,,
2021-02-26 16:38:19,"Black Phase 1 Found 1",92h 54m,"Bicep Curl (Barbell)",3,60.0,6.0,0,0.0,,,
2021-03-02 13:33:17,"Black Phase 1 Found. 2",1h 17m,"Deadlift (Barbell)",1,225.0,6.0,0,0.0,"","",
2021-03-02 13:33:17,"Black Phase 1 Found. 2",1h 17m,"Deadlift (Barbell)",2,315.0,3.0,0,0.0,,,
2021-03-02 13:33:17,"Black Phase 1 Found. 2",1h 17m,"Deadlift (Barbell)",3,315.0,3.0,0,0.0,,,
2021-03-02 13:33:17,"Black Phase 1 Found. 2",1h 17m,"Deadlift (Barbell)",4,315.0,3.0,0,0.0,,,
2021-03-02 13:33:17,"Black Phase 1 Found. 2",1h 17m,"Deadlift (Barbell)",5,315.0,2.0,0,0.0,,,
2021-03-02 13:33:17,"Black Phase 1 Found. 2",1h 17m,"Shrug (Barbell)",1,185.0,8.0,0,0.0,"",,
2021-03-02 13:33:17,"Black Phase 1 Found. 2",1h 17m,"Shrug (Barbell)",2,185.0,8.0,0,0.0,,,
2021-03-02 13:33:17,"Black Phase 1 Found. 2",1h 17m,"Pull Up",1,0.0,10.0,0,0.0,"",,
2021-03-02 13:33:17,"Black Phase 1 Found. 2",1h 17m,"Pull Up",2,0.0,8.0,0,0.0,,,
2021-03-02 13:33:17,"Black Phase 1 Found. 2",1h 17m,"Pull Up",3,0.0,3.0,0,0.0,,,
2021-03-02 13:33:17,"Black Phase 1 Found. 2",1h 17m,"Lunge (Barbell)",1,70.0,20.0,0,0.0,"",,
2021-03-02 13:33:17,"Black Phase 1 Found. 2",1h 17m,"Lunge (Barbell)",2,70.0,16.0,0,0.0,,,
2021-03-02 13:33:17,"Black Phase 1 Found. 2",1h 17m,"Incline Bench Press (Dumbbell)",1,60.0,6.0,0,0.0,"",,
2021-03-02 13:33:17,"Black Phase 1 Found. 2",1h 17m,"Incline Bench Press (Dumbbell)",2,60.0,7.0,0,0.0,,,
2021-03-02 13:33:17,"Black Phase 1 Found. 2",1h 17m,"Incline Bench Press (Dumbbell)",3,60.0,6.0,0,0.0,,,
2021-03-02 13:33:17,"Black Phase 1 Found. 2",1h 17m,"Incline Bench Press (Dumbbell)",4,60.0,6.0,0,0.0,,,
2021-03-02 13:33:17,"Black Phase 1 Found. 2",1h 17m,"Incline Bench Press (Dumbbell)",5,60.0,5.0,0,0.0,,,
2021-03-02 13:33:17,"Black Phase 1 Found. 2",1h 17m,"Arnold Press (Dumbbell)",1,30.0,7.0,0,0.0,"",,
2021-03-02 13:33:17,"Black Phase 1 Found. 2",1h 17m,"Arnold Press (Dumbbell)",2,30.0,7.0,0,0.0,,,
2021-03-02 13:33:17,"Black Phase 1 Found. 2",1h 17m,"Arnold Press (Dumbbell)",3,30.0,6.0,0,0.0,,,
2021-03-02 13:33:17,"Black Phase 1 Found. 2",1h 17m,"Reverse Fly (Cable)",1,20.0,12.0,0,0.0,"",,
2021-03-02 13:33:17,"Black Phase 1 Found. 2",1h 17m,"Chest Dip",1,0.0,8.0,0,0.0,"",,
2021-03-02 13:33:17,"Black Phase 1 Found. 2",1h 17m,"Chest Dip",2,0.0,6.0,0,0.0,,,
2021-03-02 13:33:17,"Black Phase 1 Found. 2",1h 17m,"Sit Up",1,0.0,12.0,0,0.0,"Decline\n",,
2021-03-02 13:33:17,"Black Phase 1 Found. 2",1h 17m,"Sit Up",2,0.0,10.0,0,0.0,,,
2021-03-02 13:33:17,"Black Phase 1 Found. 2",1h 17m,"Sit Up",3,0.0,8.0,0,0.0,,,
2021-03-02 13:33:17,"Black Phase 1 Found. 2",1h 17m,"Sit Up",4,0.0,8.0,0,0.0,,,
2021-03-07 13:51:10,"Black Phase 1 Found 3",29m,"Front Squat (Barbell)",1,95.0,15.0,0,0.0,"","",
2021-03-07 13:51:10,"Black Phase 1 Found 3",29m,"Front Squat (Barbell)",2,95.0,15.0,0,0.0,,,
2021-03-07 13:51:10,"Black Phase 1 Found 3",29m,"Front Squat (Barbell)",3,95.0,15.0,0,0.0,,,
2021-03-07 13:51:10,"Black Phase 1 Found 3",29m,"Bench Press (Dumbbell)",1,55.0,7.0,0,0.0,"",,
2021-03-07 13:51:10,"Black Phase 1 Found 3",29m,"Bench Press (Dumbbell)",2,55.0,7.0,0,0.0,,,
2021-03-07 13:51:10,"Black Phase 1 Found 3",29m,"Bench Press (Dumbbell)",3,55.0,7.0,0,0.0,,,
2021-04-12 06:33:02,"Black Phase 1 Found 1",1h 9m,"Squat (Barbell)",1,225.0,3.0,0,0.0,"","",
2021-04-12 06:33:02,"Black Phase 1 Found 1",1h 9m,"Squat (Barbell)",2,225.0,3.0,0,0.0,,,
2021-04-12 06:33:02,"Black Phase 1 Found 1",1h 9m,"Squat (Barbell)",3,225.0,3.0,0,0.0,,,
2021-04-12 06:33:02,"Black Phase 1 Found 1",1h 9m,"Squat (Barbell)",4,225.0,3.0,0,0.0,,,
2021-04-12 06:33:02,"Black Phase 1 Found 1",1h 9m,"Squat (Barbell)",5,225.0,3.0,0,0.0,,,
2021-04-12 06:33:02,"Black Phase 1 Found 1",1h 9m,"Romanian Deadlift (Barbell)",1,135.0,7.0,0,0.0,"",,
2021-04-12 06:33:02,"Black Phase 1 Found 1",1h 9m,"Romanian Deadlift (Barbell)",2,155.0,6.0,0,0.0,,,
2021-04-12 06:33:02,"Black Phase 1 Found 1",1h 9m,"Romanian Deadlift (Barbell)",3,155.0,6.0,0,0.0,,,
2021-04-12 06:33:02,"Black Phase 1 Found 1",1h 9m,"Incline Bench Press (Barbell)",1,135.0,5.0,0,0.0,"",,
2021-04-12 06:33:02,"Black Phase 1 Found 1",1h 9m,"Incline Bench Press (Barbell)",2,135.0,5.0,0,0.0,,,
2021-04-12 06:33:02,"Black Phase 1 Found 1",1h 9m,"Incline Bench Press (Barbell)",3,135.0,5.0,0,0.0,,,
2021-04-12 06:33:02,"Black Phase 1 Found 1",1h 9m,"Incline Bench Press (Barbell)",4,135.0,5.0,0,0.0,,,
2021-04-12 06:33:02,"Black Phase 1 Found 1",1h 9m,"Bent Over Row (Barbell)",1,135.0,6.0,0,0.0,"",,
2021-04-12 06:33:02,"Black Phase 1 Found 1",1h 9m,"Bent Over Row (Barbell)",2,155.0,5.0,0,0.0,,,
2021-04-12 06:33:02,"Black Phase 1 Found 1",1h 9m,"Bent Over Row (Barbell)",3,155.0,5.0,0,0.0,,,
2021-04-12 06:33:02,"Black Phase 1 Found 1",1h 9m,"Bent Over Row (Barbell)",4,135.0,6.0,0,0.0,,,
2021-04-12 06:33:02,"Black Phase 1 Found 1",1h 9m,"Shrug (Dumbbell)",1,75.0,8.0,0,0.0,"",,
2021-04-12 06:33:02,"Black Phase 1 Found 1",1h 9m,"Shrug (Dumbbell)",2,75.0,5.0,0,0.0,,,
2021-04-12 06:33:02,"Black Phase 1 Found 1",1h 9m,"Shrug (Dumbbell)",3,75.0,5.0,0,0.0,,,
2021-04-12 06:33:02,"Black Phase 1 Found 1",1h 9m,"Shrug (Dumbbell)",4,75.0,6.0,0,0.0,,,
2021-04-12 06:33:02,"Black Phase 1 Found 1",1h 9m,"Push Press",1,95.0,5.0,0,0.0,"",,
2021-04-12 06:33:02,"Black Phase 1 Found 1",1h 9m,"Push Press",2,95.0,4.0,0,0.0,,,
2021-04-12 06:33:02,"Black Phase 1 Found 1",1h 9m,"Push Press",3,95.0,3.0,0,0.0,,,
2021-04-12 06:33:02,"Black Phase 1 Found 1",1h 9m,"Rear Lateral Raise",1,25.0,12.0,0,0.0,"",,
2021-04-12 06:33:02,"Black Phase 1 Found 1",1h 9m,"Bicep Curl (Barbell)",1,60.0,8.0,0,0.0,"",,
2021-04-12 06:33:02,"Black Phase 1 Found 1",1h 9m,"Bicep Curl (Barbell)",2,60.0,6.0,0,0.0,,,
2021-04-12 06:33:02,"Black Phase 1 Found 1",1h 9m,"Bicep Curl (Barbell)",3,60.0,6.0,0,0.0,,,
2021-04-12 06:33:02,"Black Phase 1 Found 1",1h 9m,"Bicep Curl (Barbell)",4,60.0,6.0,0,0.0,,,
2021-04-12 06:33:02,"Black Phase 1 Found 1",1h 9m,"Skullcrusher (Barbell)",1,60.0,6.0,0,0.0,"",,
2021-04-12 06:33:02,"Black Phase 1 Found 1",1h 9m,"Skullcrusher (Barbell)",2,60.0,6.0,0,0.0,,,
2021-04-12 06:33:02,"Black Phase 1 Found 1",1h 9m,"Skullcrusher (Barbell)",3,50.0,6.0,0,0.0,,,
2021-04-12 06:33:02,"Black Phase 1 Found 1",1h 9m,"Skullcrusher (Barbell)",4,50.0,6.0,0,0.0,,,
2021-04-12 06:33:02,"Black Phase 1 Found 1",1h 9m,"Flat Leg Raise",1,0,16.0,0,0.0,"",,
2021-04-12 06:33:02,"Black Phase 1 Found 1",1h 9m,"Flat Leg Raise",2,0,10.0,0,0.0,,,
2021-04-12 06:33:02,"Black Phase 1 Found 1",1h 9m,"Flat Leg Raise",3,0,12.0,0,0.0,,,
2021-04-14 06:02:03,"Black Phase 1 Found. 2",1h 26m,"Deadlift (Barbell)",1,225.0,4.0,0,0.0,"","",
2021-04-14 06:02:03,"Black Phase 1 Found. 2",1h 26m,"Deadlift (Barbell)",2,225.0,4.0,0,0.0,,,
2021-04-14 06:02:03,"Black Phase 1 Found. 2",1h 26m,"Deadlift (Barbell)",3,225.0,4.0,0,0.0,,,
2021-04-14 06:02:03,"Black Phase 1 Found. 2",1h 26m,"Deadlift (Barbell)",4,225.0,4.0,0,0.0,,,
2021-04-14 06:02:03,"Black Phase 1 Found. 2",1h 26m,"Deadlift (Barbell)",5,225.0,4.0,0,0.0,,,
2021-04-14 06:02:03,"Black Phase 1 Found. 2",1h 26m,"Shrug (Barbell)",1,135.0,8.0,0,0.0,"",,
2021-04-14 06:02:03,"Black Phase 1 Found. 2",1h 26m,"Shrug (Barbell)",2,135.0,8.0,0,0.0,,,
2021-04-14 06:02:03,"Black Phase 1 Found. 2",1h 26m,"Pull Up",1,10.0,8.0,0,0.0,"",,
2021-04-14 06:02:03,"Black Phase 1 Found. 2",1h 26m,"Pull Up",2,10.0,6.0,0,0.0,,,
2021-04-14 06:02:03,"Black Phase 1 Found. 2",1h 26m,"Pull Up",3,10.0,5.0,0,0.0,,,
2021-04-14 06:02:03,"Black Phase 1 Found. 2",1h 26m,"Lunge (Barbell)",1,70.0,20.0,0,0.0,"",,
2021-04-14 06:02:03,"Black Phase 1 Found. 2",1h 26m,"Lunge (Barbell)",2,70.0,20.0,0,0.0,,,
2021-04-14 06:02:03,"Black Phase 1 Found. 2",1h 26m,"Lunge (Barbell)",3,70.0,20.0,0,0.0,,,
2021-04-14 06:02:03,"Black Phase 1 Found. 2",1h 26m,"Incline Bench Press (Dumbbell)",1,50.0,7.0,0,0.0,"",,
2021-04-14 06:02:03,"Black Phase 1 Found. 2",1h 26m,"Incline Bench Press (Dumbbell)",2,50.0,8.0,0,0.0,,,
2021-04-14 06:02:03,"Black Phase 1 Found. 2",1h 26m,"Incline Bench Press (Dumbbell)",3,50.0,8.0,0,0.0,,,
2021-04-14 06:02:03,"Black Phase 1 Found. 2",1h 26m,"Incline Bench Press (Dumbbell)",4,50.0,8.0,0,0.0,,,
2021-04-14 06:02:03,"Black Phase 1 Found. 2",1h 26m,"Incline Bench Press (Dumbbell)",5,50.0,7.0,0,0.0,,,
2021-04-14 06:02:03,"Black Phase 1 Found. 2",1h 26m,"Arnold Press (Dumbbell)",1,25.0,8.0,0,0.0,"",,
2021-04-14 06:02:03,"Black Phase 1 Found. 2",1h 26m,"Arnold Press (Dumbbell)",2,25.0,8.0,0,0.0,,,
2021-04-14 06:02:03,"Black Phase 1 Found. 2",1h 26m,"Arnold Press (Dumbbell)",3,25.0,8.0,0,0.0,,,
2021-04-14 06:02:03,"Black Phase 1 Found. 2",1h 26m,"Arnold Press (Dumbbell)",4,25.0,8.0,0,0.0,,,
2021-04-14 06:02:03,"Black Phase 1 Found. 2",1h 26m,"Reverse Fly (Cable)",1,17.0,10.0,0,0.0,"",,
2021-04-14 06:02:03,"Black Phase 1 Found. 2",1h 26m,"Bicep Curl (Dumbbell)",1,25.0,8.0,0,0.0,"",,
2021-04-14 06:02:03,"Black Phase 1 Found. 2",1h 26m,"Bicep Curl (Dumbbell)",2,25.0,8.0,0,0.0,,,
2021-04-14 06:02:03,"Black Phase 1 Found. 2",1h 26m,"Bicep Curl (Dumbbell)",3,25.0,8.0,0,0.0,,,
2021-04-14 06:02:03,"Black Phase 1 Found. 2",1h 26m,"Bicep Curl (Dumbbell)",4,25.0,7.0,0,0.0,,,
2021-04-14 06:02:03,"Black Phase 1 Found. 2",1h 26m,"Chest Dip",1,10.0,8.0,0,0.0,"",,
2021-04-14 06:02:03,"Black Phase 1 Found. 2",1h 26m,"Chest Dip",2,10.0,5.0,0,0.0,,,
2021-04-14 06:02:03,"Black Phase 1 Found. 2",1h 26m,"Chest Dip",3,0.0,6.0,0,0.0,,,
2021-04-14 06:02:03,"Black Phase 1 Found. 2",1h 26m,"Chest Dip",4,0.0,4.0,0,0.0,,,
2021-04-14 06:02:03,"Black Phase 1 Found. 2",1h 26m,"Sit Up",1,0.0,12.0,0,0.0,"Decline\n",,
2021-04-14 06:02:03,"Black Phase 1 Found. 2",1h 26m,"Sit Up",2,0.0,10.0,0,0.0,,,
2021-04-14 06:02:03,"Black Phase 1 Found. 2",1h 26m,"Sit Up",3,0.0,8.0,0,0.0,,,
2021-04-14 06:02:03,"Black Phase 1 Found. 2",1h 26m,"Sit Up",4,0.0,8.0,0,0.0,,,
2021-04-16 06:30:23,"Black Phase 1 Found 3",1h 4m,"Front Squat (Barbell)",1,135.0,8.0,0,0.0,"","",
2021-04-16 06:30:23,"Black Phase 1 Found 3",1h 4m,"Front Squat (Barbell)",2,135.0,6.0,0,0.0,,,
2021-04-16 06:30:23,"Black Phase 1 Found 3",1h 4m,"Front Squat (Barbell)",3,135.0,6.0,0,0.0,,,
2021-04-16 06:30:23,"Black Phase 1 Found 3",1h 4m,"T Bar Row",1,90.0,10.0,0,0.0,"",,
2021-04-16 06:30:23,"Black Phase 1 Found 3",1h 4m,"T Bar Row",2,100.0,10.0,0,0.0,,,
2021-04-16 06:30:23,"Black Phase 1 Found 3",1h 4m,"T Bar Row",3,125.0,8.0,0,0.0,,,
2021-04-16 06:30:23,"Black Phase 1 Found 3",1h 4m,"T Bar Row",4,125.0,8.0,0,0.0,,,
2021-04-16 06:30:23,"Black Phase 1 Found 3",1h 4m,"Bench Press (Dumbbell)",1,65.0,8.0,0,0.0,"",,
2021-04-16 06:30:23,"Black Phase 1 Found 3",1h 4m,"Bench Press (Dumbbell)",2,65.0,7.0,0,0.0,,,
2021-04-16 06:30:23,"Black Phase 1 Found 3",1h 4m,"Bench Press (Dumbbell)",3,65.0,6.0,0,0.0,,,
2021-04-16 06:30:23,"Black Phase 1 Found 3",1h 4m,"Bench Press (Dumbbell)",4,65.0,6.0,0,0.0,,,
2021-04-16 06:30:23,"Black Phase 1 Found 3",1h 4m,"Upright Row (Barbell)",1,95.0,6.0,0,0.0,"",,
2021-04-16 06:30:23,"Black Phase 1 Found 3",1h 4m,"Upright Row (Barbell)",2,95.0,6.0,0,0.0,,,
2021-04-16 06:30:23,"Black Phase 1 Found 3",1h 4m,"Upright Row (Barbell)",3,95.0,6.0,0,0.0,,,
2021-04-16 06:30:23,"Black Phase 1 Found 3",1h 4m,"Upright Row (Barbell)",4,95.0,5.0,0,0.0,,,
2021-04-16 06:30:23,"Black Phase 1 Found 3",1h 4m,"Preacher Curl (Machine)",1,80.0,8.0,0,0.0,"",,
2021-04-16 06:30:23,"Black Phase 1 Found 3",1h 4m,"Preacher Curl (Machine)",2,80.0,7.0,0,0.0,,,
2021-04-16 06:30:23,"Black Phase 1 Found 3",1h 4m,"Preacher Curl (Machine)",3,70.0,6.0,0,0.0,,,
2021-04-16 06:30:23,"Black Phase 1 Found 3",1h 4m,"Preacher Curl (Machine)",4,70.0,6.0,0,0.0,,,
2021-04-16 06:30:23,"Black Phase 1 Found 3",1h 4m,"Triceps Extension (Dumbbell)",1,55.0,8.0,0,0.0,"",,
2021-04-16 06:30:23,"Black Phase 1 Found 3",1h 4m,"Triceps Extension (Dumbbell)",2,55.0,8.0,0,0.0,,,
2021-04-16 06:30:23,"Black Phase 1 Found 3",1h 4m,"Triceps Extension (Dumbbell)",3,55.0,7.0,0,0.0,,,
2021-04-16 06:30:23,"Black Phase 1 Found 3",1h 4m,"Triceps Extension (Dumbbell)",4,45.0,8.0,0,0.0,,,
2021-04-16 06:30:23,"Black Phase 1 Found 3",1h 4m,"Crunch (Stability Ball)",1,0,15.0,0,0.0,"",,
2021-04-16 06:30:23,"Black Phase 1 Found 3",1h 4m,"Crunch (Stability Ball)",2,0,15.0,0,0.0,,,
2021-04-16 06:30:23,"Black Phase 1 Found 3",1h 4m,"Crunch (Stability Ball)",3,0,15.0,0,0.0,,,
2021-04-22 15:53:38,"Black Phase 1 Found 1",37m,"Squat (Barbell)",1,225.0,4.0,0,0.0,"","",
2021-04-22 15:53:38,"Black Phase 1 Found 1",37m,"Squat (Barbell)",2,275.0,3.0,0,0.0,,,
2021-04-22 15:53:38,"Black Phase 1 Found 1",37m,"Squat (Barbell)",3,275.0,3.0,0,0.0,,,
2021-04-22 15:53:38,"Black Phase 1 Found 1",37m,"Squat (Barbell)",4,225.0,3.0,0,0.0,,,
2021-04-22 15:53:38,"Black Phase 1 Found 1",37m,"Squat (Barbell)",5,225.0,3.0,0,0.0,,,
2021-04-22 15:53:38,"Black Phase 1 Found 1",37m,"Romanian Deadlift (Barbell)",1,135.0,8.0,0,0.0,"",,
2021-04-22 15:53:38,"Black Phase 1 Found 1",37m,"Romanian Deadlift (Barbell)",2,155.0,8.0,0,0.0,,,
2021-04-22 15:53:38,"Black Phase 1 Found 1",37m,"Romanian Deadlift (Barbell)",3,155.0,8.0,0,0.0,,,
2021-04-22 15:53:38,"Black Phase 1 Found 1",37m,"Incline Bench Press (Barbell)",1,135.0,6.0,0,0.0,"",,
2021-04-22 15:53:38,"Black Phase 1 Found 1",37m,"Incline Bench Press (Barbell)",2,135.0,6.0,0,0.0,,,
2021-04-22 15:53:38,"Black Phase 1 Found 1",37m,"Incline Bench Press (Barbell)",3,145.0,4.0,0,0.0,,,
2021-04-22 15:53:38,"Black Phase 1 Found 1",37m,"Incline Bench Press (Barbell)",4,145.0,5.0,0,0.0,,,
2021-04-26 09:49:03,"Black Phase 1 Found. 2",1h 15m,"Deadlift (Barbell)",1,225.0,4.0,0,0.0,"","",
2021-04-26 09:49:03,"Black Phase 1 Found. 2",1h 15m,"Deadlift (Barbell)",2,275.0,3.0,0,0.0,,,
2021-04-26 09:49:03,"Black Phase 1 Found. 2",1h 15m,"Deadlift (Barbell)",3,275.0,3.0,0,0.0,,,
2021-04-26 09:49:03,"Black Phase 1 Found. 2",1h 15m,"Deadlift (Barbell)",4,275.0,3.0,0,0.0,,,
2021-04-26 09:49:03,"Black Phase 1 Found. 2",1h 15m,"Deadlift (Barbell)",5,275.0,3.0,0,0.0,,,
2021-04-26 09:49:03,"Black Phase 1 Found. 2",1h 15m,"Shrug (Barbell)",1,135.0,8.0,0,0.0,"",,
2021-04-26 09:49:03,"Black Phase 1 Found. 2",1h 15m,"Shrug (Barbell)",2,135.0,8.0,0,0.0,,,
2021-04-26 09:49:03,"Black Phase 1 Found. 2",1h 15m,"Pull Up",1,10.0,8.0,0,0.0,"",,
2021-04-26 09:49:03,"Black Phase 1 Found. 2",1h 15m,"Pull Up",2,10.0,6.0,0,0.0,,,
2021-04-26 09:49:03,"Black Phase 1 Found. 2",1h 15m,"Pull Up",3,10.0,5.0,0,0.0,,,
2021-04-26 09:49:03,"Black Phase 1 Found. 2",1h 15m,"Lunge (Barbell)",1,60.0,20.0,0,0.0,"",,
2021-04-26 09:49:03,"Black Phase 1 Found. 2",1h 15m,"Lunge (Barbell)",2,60.0,20.0,0,0.0,,,
2021-04-26 09:49:03,"Black Phase 1 Found. 2",1h 15m,"Lunge (Barbell)",3,60.0,20.0,0,0.0,,,
2021-04-26 09:49:03,"Black Phase 1 Found. 2",1h 15m,"Incline Bench Press (Dumbbell)",1,50.0,8.0,0,0.0,"",,
2021-04-26 09:49:03,"Black Phase 1 Found. 2",1h 15m,"Incline Bench Press (Dumbbell)",2,50.0,8.0,0,0.0,,,
2021-04-26 09:49:03,"Black Phase 1 Found. 2",1h 15m,"Incline Bench Press (Dumbbell)",3,50.0,8.0,0,0.0,,,
2021-04-26 09:49:03,"Black Phase 1 Found. 2",1h 15m,"Incline Bench Press (Dumbbell)",4,50.0,8.0,0,0.0,,,
2021-04-26 09:49:03,"Black Phase 1 Found. 2",1h 15m,"Incline Bench Press (Dumbbell)",5,50.0,7.0,0,0.0,,,
2021-05-03 06:21:11,"Black Phase 1 Found 1",1h 21m,"Squat (Barbell)",1,225.0,4.0,0,0.0,"","",
2021-05-03 06:21:11,"Black Phase 1 Found 1",1h 21m,"Squat (Barbell)",2,275.0,3.0,0,0.0,,,
2021-05-03 06:21:11,"Black Phase 1 Found 1",1h 21m,"Squat (Barbell)",3,275.0,3.0,0,0.0,,,
2021-05-03 06:21:11,"Black Phase 1 Found 1",1h 21m,"Squat (Barbell)",4,275.0,3.0,0,0.0,,,
2021-05-03 06:21:11,"Black Phase 1 Found 1",1h 21m,"Squat (Barbell)",5,225.0,3.0,0,0.0,,,
2021-05-03 06:21:11,"Black Phase 1 Found 1",1h 21m,"Romanian Deadlift (Barbell)",1,135.0,8.0,0,0.0,"",,
2021-05-03 06:21:11,"Black Phase 1 Found 1",1h 21m,"Romanian Deadlift (Barbell)",2,185.0,8.0,0,0.0,,,
2021-05-03 06:21:11,"Black Phase 1 Found 1",1h 21m,"Romanian Deadlift (Barbell)",3,185.0,6.0,0,0.0,,,
2021-05-03 06:21:11,"Black Phase 1 Found 1",1h 21m,"Incline Bench Press (Barbell)",1,135.0,8.0,0,0.0,"",,
2021-05-03 06:21:11,"Black Phase 1 Found 1",1h 21m,"Incline Bench Press (Barbell)",2,135.0,6.0,0,0.0,,,
2021-05-03 06:21:11,"Black Phase 1 Found 1",1h 21m,"Incline Bench Press (Barbell)",3,135.0,5.0,0,0.0,,,
2021-05-03 06:21:11,"Black Phase 1 Found 1",1h 21m,"Incline Bench Press (Barbell)",4,135.0,5.0,0,0.0,,,
2021-05-03 06:21:11,"Black Phase 1 Found 1",1h 21m,"Bent Over Row (Barbell)",1,185.0,4.0,0,0.0,"",,
2021-05-03 06:21:11,"Black Phase 1 Found 1",1h 21m,"Bent Over Row (Barbell)",2,155.0,5.0,0,0.0,,,
2021-05-03 06:21:11,"Black Phase 1 Found 1",1h 21m,"Bent Over Row (Barbell)",3,155.0,5.0,0,0.0,,,
2021-05-03 06:21:11,"Black Phase 1 Found 1",1h 21m,"Bent Over Row (Barbell)",4,135.0,6.0,0,0.0,,,
2021-05-03 06:21:11,"Black Phase 1 Found 1",1h 21m,"Shrug (Dumbbell)",1,75.0,8.0,0,0.0,"",,
2021-05-03 06:21:11,"Black Phase 1 Found 1",1h 21m,"Shrug (Dumbbell)",2,75.0,6.0,0,0.0,,,
2021-05-03 06:21:11,"Black Phase 1 Found 1",1h 21m,"Shrug (Dumbbell)",3,75.0,5.0,0,0.0,,,
2021-05-03 06:21:11,"Black Phase 1 Found 1",1h 21m,"Shrug (Dumbbell)",4,75.0,6.0,0,0.0,,,
2021-05-03 06:21:11,"Black Phase 1 Found 1",1h 21m,"Push Press",1,95.0,6.0,0,0.0,"",,
2021-05-03 06:21:11,"Black Phase 1 Found 1",1h 21m,"Push Press",2,95.0,4.0,0,0.0,,,
2021-05-03 06:21:11,"Black Phase 1 Found 1",1h 21m,"Push Press",3,95.0,4.0,0,0.0,,,
2021-05-03 06:21:11,"Black Phase 1 Found 1",1h 21m,"Rear Lateral Raise",1,25.0,12.0,0,0.0,"",,
2021-05-03 06:21:11,"Black Phase 1 Found 1",1h 21m,"Bicep Curl (Barbell)",1,60.0,8.0,0,0.0,"",,
2021-05-03 06:21:11,"Black Phase 1 Found 1",1h 21m,"Bicep Curl (Barbell)",2,60.0,8.0,0,0.0,,,
2021-05-03 06:21:11,"Black Phase 1 Found 1",1h 21m,"Bicep Curl (Barbell)",3,60.0,6.0,0,0.0,,,
2021-05-03 06:21:11,"Black Phase 1 Found 1",1h 21m,"Bicep Curl (Barbell)",4,60.0,6.0,0,0.0,,,
2021-05-03 06:21:11,"Black Phase 1 Found 1",1h 21m,"Skullcrusher (Barbell)",1,50.0,8.0,0,0.0,"",,
2021-05-03 06:21:11,"Black Phase 1 Found 1",1h 21m,"Skullcrusher (Barbell)",2,50.0,8.0,0,0.0,,,
2021-05-03 06:21:11,"Black Phase 1 Found 1",1h 21m,"Skullcrusher (Barbell)",3,50.0,8.0,0,0.0,,,
2021-05-03 06:21:11,"Black Phase 1 Found 1",1h 21m,"Skullcrusher (Barbell)",4,50.0,8.0,0,0.0,,,
2021-05-03 06:21:11,"Black Phase 1 Found 1",1h 21m,"Flat Leg Raise",1,0,16.0,0,0.0,"",,
2021-05-03 06:21:11,"Black Phase 1 Found 1",1h 21m,"Flat Leg Raise",2,0,10.0,0,0.0,,,
2021-05-03 06:21:11,"Black Phase 1 Found 1",1h 21m,"Flat Leg Raise",3,0,12.0,0,0.0,,,
2021-05-05 06:27:27,"Black Phase 1 Found. 2",1h 11m,"Deadlift (Barbell)",1,225.0,5.0,0,0.0,"","",
2021-05-05 06:27:27,"Black Phase 1 Found. 2",1h 11m,"Deadlift (Barbell)",2,315.0,3.0,0,0.0,,,
2021-05-05 06:27:27,"Black Phase 1 Found. 2",1h 11m,"Deadlift (Barbell)",3,315.0,3.0,0,0.0,,,
2021-05-05 06:27:27,"Black Phase 1 Found. 2",1h 11m,"Deadlift (Barbell)",4,315.0,2.0,0,0.0,,,
2021-05-05 06:27:27,"Black Phase 1 Found. 2",1h 11m,"Deadlift (Barbell)",5,315.0,2.0,0,0.0,,,
2021-05-05 06:27:27,"Black Phase 1 Found. 2",1h 11m,"Shrug (Barbell)",1,135.0,8.0,0,0.0,"",,
2021-05-05 06:27:27,"Black Phase 1 Found. 2",1h 11m,"Shrug (Barbell)",2,135.0,8.0,0,0.0,,,
2021-05-05 06:27:27,"Black Phase 1 Found. 2",1h 11m,"Pull Up",1,10.0,8.0,0,0.0,"",,
2021-05-05 06:27:27,"Black Phase 1 Found. 2",1h 11m,"Pull Up",2,10.0,6.0,0,0.0,,,
2021-05-05 06:27:27,"Black Phase 1 Found. 2",1h 11m,"Pull Up",3,10.0,5.0,0,0.0,,,
2021-05-05 06:27:27,"Black Phase 1 Found. 2",1h 11m,"Incline Bench Press (Dumbbell)",1,50.0,8.0,0,0.0,"",,
2021-05-05 06:27:27,"Black Phase 1 Found. 2",1h 11m,"Incline Bench Press (Dumbbell)",2,60.0,7.0,0,0.0,,,
2021-05-05 06:27:27,"Black Phase 1 Found. 2",1h 11m,"Incline Bench Press (Dumbbell)",3,60.0,7.0,0,0.0,,,
2021-05-05 06:27:27,"Black Phase 1 Found. 2",1h 11m,"Incline Bench Press (Dumbbell)",4,60.0,6.0,0,0.0,,,
2021-05-05 06:27:27,"Black Phase 1 Found. 2",1h 11m,"Incline Bench Press (Dumbbell)",5,60.0,6.0,0,0.0,,,
2021-05-05 06:27:27,"Black Phase 1 Found. 2",1h 11m,"Arnold Press (Dumbbell)",1,25.0,8.0,0,0.0,"",,
2021-05-05 06:27:27,"Black Phase 1 Found. 2",1h 11m,"Arnold Press (Dumbbell)",2,25.0,8.0,0,0.0,,,
2021-05-05 06:27:27,"Black Phase 1 Found. 2",1h 11m,"Arnold Press (Dumbbell)",3,25.0,8.0,0,0.0,,,
2021-05-05 06:27:27,"Black Phase 1 Found. 2",1h 11m,"Arnold Press (Dumbbell)",4,25.0,8.0,0,0.0,,,
2021-05-05 06:27:27,"Black Phase 1 Found. 2",1h 11m,"Reverse Fly (Cable)",1,17.0,11.0,0,0.0,"",,
2021-05-05 06:27:27,"Black Phase 1 Found. 2",1h 11m,"Bicep Curl (Dumbbell)",1,25.0,8.0,0,0.0,"",,
2021-05-05 06:27:27,"Black Phase 1 Found. 2",1h 11m,"Bicep Curl (Dumbbell)",2,25.0,8.0,0,0.0,,,
2021-05-05 06:27:27,"Black Phase 1 Found. 2",1h 11m,"Bicep Curl (Dumbbell)",3,25.0,8.0,0,0.0,,,
2021-05-05 06:27:27,"Black Phase 1 Found. 2",1h 11m,"Bicep Curl (Dumbbell)",4,25.0,8.0,0,0.0,,,
2021-05-05 06:27:27,"Black Phase 1 Found. 2",1h 11m,"Chest Dip",1,10.0,8.0,0,0.0,"",,
2021-05-05 06:27:27,"Black Phase 1 Found. 2",1h 11m,"Chest Dip",2,10.0,6.0,0,0.0,,,
2021-05-05 06:27:27,"Black Phase 1 Found. 2",1h 11m,"Chest Dip",3,10.0,4.0,0,0.0,,,
2021-05-05 06:27:27,"Black Phase 1 Found. 2",1h 11m,"Sit Up",1,0.0,12.0,0,0.0,"Decline\n",,
2021-05-05 06:27:27,"Black Phase 1 Found. 2",1h 11m,"Sit Up",2,0.0,10.0,0,0.0,,,
2021-05-05 06:27:27,"Black Phase 1 Found. 2",1h 11m,"Sit Up",3,0.0,8.0,0,0.0,,,
2022-02-23 06:35:49,"Black Phase 1 Found. 2",1h 47m,"Deadlift (Barbell)",1,225.0,5.0,0,0.0,"","",
2022-02-23 06:35:49,"Black Phase 1 Found. 2",1h 47m,"Deadlift (Barbell)",2,315.0,3.0,0,0.0,,,
2022-02-23 06:35:49,"Black Phase 1 Found. 2",1h 47m,"Deadlift (Barbell)",3,315.0,3.0,0,0.0,,,
2022-02-23 06:35:49,"Black Phase 1 Found. 2",1h 47m,"Deadlift (Barbell)",4,315.0,3.0,0,0.0,,,
2022-02-23 06:35:49,"Black Phase 1 Found. 2",1h 47m,"Deadlift (Barbell)",5,315.0,3.0,0,0.0,,,
2022-02-23 06:35:49,"Black Phase 1 Found. 2",1h 47m,"Shrug (Barbell)",1,205.0,8.0,0,0.0,"",,
2022-02-23 06:35:49,"Black Phase 1 Found. 2",1h 47m,"Shrug (Barbell)",2,205.0,8.0,0,0.0,,,
2022-02-23 06:35:49,"Black Phase 1 Found. 2",1h 47m,"Pull Up",1,0.0,8.0,0,0.0,"",,
2022-02-23 06:35:49,"Black Phase 1 Found. 2",1h 47m,"Pull Up",2,0.0,6.0,0,0.0,,,
2022-02-23 06:35:49,"Black Phase 1 Found. 2",1h 47m,"Pull Up",3,0.0,5.0,0,0.0,,,
2022-02-23 06:35:49,"Black Phase 1 Found. 2",1h 47m,"Lunge (Barbell)",1,60.0,20.0,0,0.0,"",,
2022-02-23 06:35:49,"Black Phase 1 Found. 2",1h 47m,"Lunge (Barbell)",2,60.0,20.0,0,0.0,,,
2022-02-23 06:35:49,"Black Phase 1 Found. 2",1h 47m,"Lunge (Barbell)",3,60.0,20.0,0,0.0,,,
2022-02-23 06:35:49,"Black Phase 1 Found. 2",1h 47m,"Incline Bench Press (Dumbbell)",1,50.0,8.0,0,0.0,"",,
2022-02-23 06:35:49,"Black Phase 1 Found. 2",1h 47m,"Incline Bench Press (Dumbbell)",2,60.0,7.0,0,0.0,,,
2022-02-23 06:35:49,"Black Phase 1 Found. 2",1h 47m,"Incline Bench Press (Dumbbell)",3,60.0,5.0,0,0.0,,,
2022-02-23 06:35:49,"Black Phase 1 Found. 2",1h 47m,"Incline Bench Press (Dumbbell)",4,50.0,5.0,0,0.0,,,
2022-02-23 06:35:49,"Black Phase 1 Found. 2",1h 47m,"Incline Bench Press (Dumbbell)",5,45.0,6.0,0,0.0,,,
2022-02-23 06:35:49,"Black Phase 1 Found. 2",1h 47m,"Arnold Press (Dumbbell)",1,25.0,8.0,0,0.0,"",,
2022-02-23 06:35:49,"Black Phase 1 Found. 2",1h 47m,"Arnold Press (Dumbbell)",2,25.0,8.0,0,0.0,,,
2022-02-23 06:35:49,"Black Phase 1 Found. 2",1h 47m,"Arnold Press (Dumbbell)",3,25.0,8.0,0,0.0,,,
2022-02-23 06:35:49,"Black Phase 1 Found. 2",1h 47m,"Arnold Press (Dumbbell)",4,30.0,8.0,0,0.0,,,
2022-02-23 06:35:49,"Black Phase 1 Found. 2",1h 47m,"Reverse Fly (Cable)",1,17.0,12.0,0,0.0,"",,
2022-02-23 06:35:49,"Black Phase 1 Found. 2",1h 47m,"Bicep Curl (Dumbbell)",1,25.0,8.0,0,0.0,"",,
2022-02-23 06:35:49,"Black Phase 1 Found. 2",1h 47m,"Bicep Curl (Dumbbell)",2,25.0,8.0,0,0.0,,,
2022-02-23 06:35:49,"Black Phase 1 Found. 2",1h 47m,"Bicep Curl (Dumbbell)",3,25.0,8.0,0,0.0,,,
2022-02-23 06:35:49,"Black Phase 1 Found. 2",1h 47m,"Bicep Curl (Dumbbell)",4,25.0,8.0,0,0.0,,,
2022-02-23 06:35:49,"Black Phase 1 Found. 2",1h 47m,"Chest Dip",1,0.0,8.0,0,0.0,"",,
2022-02-23 06:35:49,"Black Phase 1 Found. 2",1h 47m,"Chest Dip",2,0.0,7.0,0,0.0,,,
2022-02-23 06:35:49,"Black Phase 1 Found. 2",1h 47m,"Chest Dip",3,0.0,4.0,0,0.0,,,
2022-02-23 06:35:49,"Black Phase 1 Found. 2",1h 47m,"Chest Dip",4,0.0,4.0,0,0.0,,,
2022-02-23 06:35:49,"Black Phase 1 Found. 2",1h 47m,"Sit Up",1,0.0,12.0,0,0.0,"Decline\n",,
2022-02-23 06:35:49,"Black Phase 1 Found. 2",1h 47m,"Sit Up",2,0.0,10.0,0,0.0,,,
2022-02-23 06:35:49,"Black Phase 1 Found. 2",1h 47m,"Sit Up",3,0.0,8.0,0,0.0,,,
2022-02-23 06:35:49,"Black Phase 1 Found. 2",1h 47m,"Sit Up",4,0.0,8.0,0,0.0,,,
2022-02-23 06:35:49,"Black Phase 1 Found. 2",1h 47m,"Seated Calf Raise (Machine)",1,90.0,10.0,0,0.0,"",,
2022-02-23 06:35:49,"Black Phase 1 Found. 2",1h 47m,"Seated Calf Raise (Machine)",2,90.0,10.0,0,0.0,,,
2022-02-23 06:35:49,"Black Phase 1 Found. 2",1h 47m,"Seated Calf Raise (Machine)",3,90.0,10.0,0,0.0,,,
2022-02-23 06:35:49,"Black Phase 1 Found. 2",1h 47m,"Seated Calf Raise (Machine)",4,90.0,10.0,0,0.0,,,
2022-02-25 17:59:51,"Black Phase 1 Found 3",2h 50m,"Front Squat (Barbell)",1,135.0,8.0,0,0.0,"","",
2022-02-25 17:59:51,"Black Phase 1 Found 3",2h 50m,"Front Squat (Barbell)",2,135.0,6.0,0,0.0,,,
2022-02-25 17:59:51,"Black Phase 1 Found 3",2h 50m,"Front Squat (Barbell)",3,135.0,6.0,0,0.0,,,
2022-02-25 17:59:51,"Black Phase 1 Found 3",2h 50m,"T Bar Row",1,90.0,10.0,0,0.0,"",,
2022-02-25 17:59:51,"Black Phase 1 Found 3",2h 50m,"T Bar Row",2,100.0,10.0,0,0.0,,,
2022-02-25 17:59:51,"Black Phase 1 Found 3",2h 50m,"T Bar Row",3,125.0,8.0,0,0.0,,,
2022-02-25 17:59:51,"Black Phase 1 Found 3",2h 50m,"T Bar Row",4,125.0,8.0,0,0.0,,,
2022-02-25 17:59:51,"Black Phase 1 Found 3",2h 50m,"Bench Press (Dumbbell)",1,65.0,8.0,0,0.0,"",,
2022-02-25 17:59:51,"Black Phase 1 Found 3",2h 50m,"Bench Press (Dumbbell)",2,65.0,7.0,0,0.0,,,
2022-02-25 17:59:51,"Black Phase 1 Found 3",2h 50m,"Bench Press (Dumbbell)",3,65.0,6.0,0,0.0,,,
2022-02-25 17:59:51,"Black Phase 1 Found 3",2h 50m,"Bench Press (Dumbbell)",4,65.0,6.0,0,0.0,,,
2022-02-25 17:59:51,"Black Phase 1 Found 3",2h 50m,"Upright Row (Barbell)",1,80.0,8.0,0,0.0,"",,
2022-02-25 17:59:51,"Black Phase 1 Found 3",2h 50m,"Upright Row (Barbell)",2,80.0,8.0,0,0.0,,,
2022-02-25 17:59:51,"Black Phase 1 Found 3",2h 50m,"Upright Row (Barbell)",3,80.0,8.0,0,0.0,,,
2022-02-25 17:59:51,"Black Phase 1 Found 3",2h 50m,"Upright Row (Barbell)",4,80.0,8.0,0,0.0,,,
2022-02-25 17:59:51,"Black Phase 1 Found 3",2h 50m,"Preacher Curl (Machine)",1,45.0,8.0,0,0.0,"",,
2022-02-25 17:59:51,"Black Phase 1 Found 3",2h 50m,"Preacher Curl (Machine)",2,55.0,8.0,0,0.0,,,
2022-02-25 17:59:51,"Black Phase 1 Found 3",2h 50m,"Preacher Curl (Machine)",3,50.0,6.0,0,0.0,,,
2022-02-25 17:59:51,"Black Phase 1 Found 3",2h 50m,"Preacher Curl (Machine)",4,45.0,6.0,0,0.0,,,
2022-02-25 17:59:51,"Black Phase 1 Found 3",2h 50m,"Triceps Extension (Dumbbell)",1,55.0,8.0,0,0.0,"",,
2022-02-25 17:59:51,"Black Phase 1 Found 3",2h 50m,"Triceps Extension (Dumbbell)",2,55.0,8.0,0,0.0,,,
2022-02-25 17:59:51,"Black Phase 1 Found 3",2h 50m,"Triceps Extension (Dumbbell)",3,55.0,8.0,0,0.0,,,
2022-02-25 17:59:51,"Black Phase 1 Found 3",2h 50m,"Triceps Extension (Dumbbell)",4,55.0,8.0,0,0.0,,,
2022-02-25 17:59:51,"Black Phase 1 Found 3",2h 50m,"Crunch (Stability Ball)",1,0,15.0,0,0.0,"",,
2022-02-25 17:59:51,"Black Phase 1 Found 3",2h 50m,"Crunch (Stability Ball)",2,0,15.0,0,0.0,,,
2022-02-25 17:59:51,"Black Phase 1 Found 3",2h 50m,"Crunch (Stability Ball)",3,0,15.0,0,0.0,,,
2022-02-28 06:55:50,"Black Phase 1 Found 1",1h 56m,"Squat (Barbell)",1,275.0,5.0,0,0.0,"","",
2022-02-28 06:55:50,"Black Phase 1 Found 1",1h 56m,"Squat (Barbell)",2,315.0,3.0,0,0.0,,,
2022-02-28 06:55:50,"Black Phase 1 Found 1",1h 56m,"Squat (Barbell)",3,315.0,3.0,0,0.0,,,
2022-02-28 06:55:50,"Black Phase 1 Found 1",1h 56m,"Squat (Barbell)",4,315.0,3.0,0,0.0,,,
2022-02-28 06:55:50,"Black Phase 1 Found 1",1h 56m,"Squat (Barbell)",5,315.0,2.0,0,0.0,,,
2022-02-28 06:55:50,"Black Phase 1 Found 1",1h 56m,"Romanian Deadlift (Barbell)",1,135.0,8.0,0,0.0,"",,
2022-02-28 06:55:50,"Black Phase 1 Found 1",1h 56m,"Romanian Deadlift (Barbell)",2,135.0,8.0,0,0.0,,,
2022-02-28 06:55:50,"Black Phase 1 Found 1",1h 56m,"Romanian Deadlift (Barbell)",3,185.0,6.0,0,0.0,,,
2022-02-28 06:55:50,"Black Phase 1 Found 1",1h 56m,"Incline Bench Press (Barbell)",1,135.0,8.0,0,0.0,"",,
2022-02-28 06:55:50,"Black Phase 1 Found 1",1h 56m,"Incline Bench Press (Barbell)",2,185.0,3.0,0,0.0,,,
2022-02-28 06:55:50,"Black Phase 1 Found 1",1h 56m,"Incline Bench Press (Barbell)",3,155.0,4.0,0,0.0,,,
2022-02-28 06:55:50,"Black Phase 1 Found 1",1h 56m,"Incline Bench Press (Barbell)",4,155.0,4.0,0,0.0,,,
2022-02-28 06:55:50,"Black Phase 1 Found 1",1h 56m,"Bent Over Row (Barbell)",1,135.0,8.0,0,0.0,"",,
2022-02-28 06:55:50,"Black Phase 1 Found 1",1h 56m,"Bent Over Row (Barbell)",2,185.0,6.0,0,0.0,,,
2022-02-28 06:55:50,"Black Phase 1 Found 1",1h 56m,"Bent Over Row (Barbell)",3,185.0,6.0,0,0.0,,,
2022-02-28 06:55:50,"Black Phase 1 Found 1",1h 56m,"Bent Over Row (Barbell)",4,155.0,6.0,0,0.0,,,
2022-02-28 06:55:50,"Black Phase 1 Found 1",1h 56m,"Shrug (Dumbbell)",1,70.0,8.0,0,0.0,"",,
2022-02-28 06:55:50,"Black Phase 1 Found 1",1h 56m,"Shrug (Dumbbell)",2,70.0,8.0,0,0.0,,,
2022-02-28 06:55:50,"Black Phase 1 Found 1",1h 56m,"Shrug (Dumbbell)",3,75.0,8.0,0,0.0,,,
2022-02-28 06:55:50,"Black Phase 1 Found 1",1h 56m,"Shrug (Dumbbell)",4,75.0,8.0,0,0.0,,,
2022-02-28 06:55:50,"Black Phase 1 Found 1",1h 56m,"Push Press",1,95.0,6.0,0,0.0,"",,
2022-02-28 06:55:50,"Black Phase 1 Found 1",1h 56m,"Push Press",2,95.0,5.0,0,0.0,,,
2022-02-28 06:55:50,"Black Phase 1 Found 1",1h 56m,"Push Press",3,95.0,5.0,0,0.0,,,
2022-02-28 06:55:50,"Black Phase 1 Found 1",1h 56m,"Rear Lateral Raise",1,25.0,12.0,0,0.0,"",,
2022-02-28 06:55:50,"Black Phase 1 Found 1",1h 56m,"Bicep Curl (Barbell)",1,60.0,8.0,0,0.0,"",,
2022-02-28 06:55:50,"Black Phase 1 Found 1",1h 56m,"Bicep Curl (Barbell)",2,60.0,8.0,0,0.0,,,
2022-02-28 06:55:50,"Black Phase 1 Found 1",1h 56m,"Bicep Curl (Barbell)",3,60.0,8.0,0,0.0,,,
2022-02-28 06:55:50,"Black Phase 1 Found 1",1h 56m,"Bicep Curl (Barbell)",4,60.0,6.0,0,0.0,,,
2022-02-28 06:55:50,"Black Phase 1 Found 1",1h 56m,"Skullcrusher (Barbell)",1,50.0,8.0,0,0.0,"",,
2022-02-28 06:55:50,"Black Phase 1 Found 1",1h 56m,"Skullcrusher (Barbell)",2,60.0,8.0,0,0.0,,,
2022-02-28 06:55:50,"Black Phase 1 Found 1",1h 56m,"Skullcrusher (Barbell)",3,60.0,8.0,0,0.0,,,
2022-02-28 06:55:50,"Black Phase 1 Found 1",1h 56m,"Skullcrusher (Barbell)",4,60.0,6.0,0,0.0,,,
2022-02-28 06:55:50,"Black Phase 1 Found 1",1h 56m,"Flat Leg Raise",1,0,16.0,0,0.0,"",,
2022-02-28 06:55:50,"Black Phase 1 Found 1",1h 56m,"Flat Leg Raise",2,0,10.0,0,0.0,,,
2022-02-28 06:55:50,"Black Phase 1 Found 1",1h 56m,"Flat Leg Raise",3,0,10.0,0,0.0,,,
2022-02-28 06:55:50,"Black Phase 1 Found 1",1h 56m,"Standing Calf Raise (Machine)",1,100.0,20.0,0,0.0,"",,
2022-02-28 06:55:50,"Black Phase 1 Found 1",1h 56m,"Standing Calf Raise (Machine)",2,100.0,20.0,0,0.0,,,
2022-02-28 06:55:50,"Black Phase 1 Found 1",1h 56m,"Standing Calf Raise (Machine)",3,100.0,20.0,0,0.0,,,
2022-03-02 06:36:59,"Black Phase 1 Found. 2",1h 53m,"Deadlift (Barbell)",1,225.0,5.0,0,0.0,"","",
2022-03-02 06:36:59,"Black Phase 1 Found. 2",1h 53m,"Deadlift (Barbell)",2,295.0,4.0,0,0.0,,,
2022-03-02 06:36:59,"Black Phase 1 Found. 2",1h 53m,"Deadlift (Barbell)",3,295.0,4.0,0,0.0,,,
2022-03-02 06:36:59,"Black Phase 1 Found. 2",1h 53m,"Deadlift (Barbell)",4,295.0,5.0,0,0.0,,,
2022-03-02 06:36:59,"Black Phase 1 Found. 2",1h 53m,"Deadlift (Barbell)",5,295.0,4.0,0,0.0,,,
2022-03-02 06:36:59,"Black Phase 1 Found. 2",1h 53m,"Shrug (Barbell)",1,185.0,8.0,0,0.0,"",,
2022-03-02 06:36:59,"Black Phase 1 Found. 2",1h 53m,"Shrug (Barbell)",2,185.0,6.0,0,0.0,,,
2022-03-02 06:36:59,"Black Phase 1 Found. 2",1h 53m,"Pull Up",1,0.0,8.0,0,0.0,"",,
2022-03-02 06:36:59,"Black Phase 1 Found. 2",1h 53m,"Pull Up",2,0.0,6.0,0,0.0,,,
2022-03-02 06:36:59,"Black Phase 1 Found. 2",1h 53m,"Pull Up",3,0.0,5.0,0,0.0,,,
2022-03-02 06:36:59,"Black Phase 1 Found. 2",1h 53m,"Lunge (Barbell)",1,60.0,20.0,0,0.0,"",,
2022-03-02 06:36:59,"Black Phase 1 Found. 2",1h 53m,"Lunge (Barbell)",2,60.0,20.0,0,0.0,,,
2022-03-02 06:36:59,"Black Phase 1 Found. 2",1h 53m,"Lunge (Barbell)",3,60.0,20.0,0,0.0,,,
2022-03-02 06:36:59,"Black Phase 1 Found. 2",1h 53m,"Incline Bench Press (Dumbbell)",1,50.0,8.0,0,0.0,"",,
2022-03-02 06:36:59,"Black Phase 1 Found. 2",1h 53m,"Incline Bench Press (Dumbbell)",2,50.0,8.0,0,0.0,,,
2022-03-02 06:36:59,"Black Phase 1 Found. 2",1h 53m,"Incline Bench Press (Dumbbell)",3,50.0,8.0,0,0.0,,,
2022-03-02 06:36:59,"Black Phase 1 Found. 2",1h 53m,"Incline Bench Press (Dumbbell)",4,50.0,8.0,0,0.0,,,
2022-03-02 06:36:59,"Black Phase 1 Found. 2",1h 53m,"Incline Bench Press (Dumbbell)",5,60.0,6.0,0,0.0,,,
2022-03-02 06:36:59,"Black Phase 1 Found. 2",1h 53m,"Arnold Press (Dumbbell)",1,30.0,8.0,0,0.0,"",,
2022-03-02 06:36:59,"Black Phase 1 Found. 2",1h 53m,"Arnold Press (Dumbbell)",2,35.0,8.0,0,0.0,,,
2022-03-02 06:36:59,"Black Phase 1 Found. 2",1h 53m,"Arnold Press (Dumbbell)",3,35.0,8.0,0,0.0,,,
2022-03-02 06:36:59,"Black Phase 1 Found. 2",1h 53m,"Arnold Press (Dumbbell)",4,35.0,8.0,0,0.0,,,
2022-03-02 06:36:59,"Black Phase 1 Found. 2",1h 53m,"Reverse Fly (Cable)",1,17.0,12.0,0,0.0,"",,
2022-03-02 06:36:59,"Black Phase 1 Found. 2",1h 53m,"Bicep Curl (Dumbbell)",1,30.0,8.0,0,0.0,"",,
2022-03-02 06:36:59,"Black Phase 1 Found. 2",1h 53m,"Bicep Curl (Dumbbell)",2,30.0,8.0,0,0.0,,,
2022-03-02 06:36:59,"Black Phase 1 Found. 2",1h 53m,"Bicep Curl (Dumbbell)",3,30.0,7.0,0,0.0,,,
2022-03-02 06:36:59,"Black Phase 1 Found. 2",1h 53m,"Bicep Curl (Dumbbell)",4,30.0,8.0,0,0.0,,,
2022-03-02 06:36:59,"Black Phase 1 Found. 2",1h 53m,"Chest Dip",1,0.0,8.0,0,0.0,"",,
2022-03-02 06:36:59,"Black Phase 1 Found. 2",1h 53m,"Chest Dip",2,0.0,7.0,0,0.0,,,
2022-03-02 06:36:59,"Black Phase 1 Found. 2",1h 53m,"Chest Dip",3,0.0,4.0,0,0.0,,,
2022-03-04 17:01:29,"Black Phase 1 Found 3",53m,"Bench Press (Dumbbell)",1,65.0,8.0,0,0.0,"","",
2022-03-04 17:01:29,"Black Phase 1 Found 3",53m,"Bench Press (Dumbbell)",2,65.0,8.0,0,0.0,,,
2022-03-04 17:01:29,"Black Phase 1 Found 3",53m,"Bench Press (Dumbbell)",3,65.0,8.0,0,0.0,,,
2022-03-04 17:01:29,"Black Phase 1 Found 3",53m,"Bench Press (Dumbbell)",4,65.0,7.0,0,0.0,,,
2022-03-04 17:01:29,"Black Phase 1 Found 3",53m,"Upright Row (Barbell)",1,90.0,10.0,0,0.0,"",,
2022-03-04 17:01:29,"Black Phase 1 Found 3",53m,"Upright Row (Barbell)",2,125.0,8.0,0,0.0,,,
2022-03-04 17:01:29,"Black Phase 1 Found 3",53m,"Upright Row (Barbell)",3,125.0,8.0,0,0.0,,,
2022-03-04 17:01:29,"Black Phase 1 Found 3",53m,"Upright Row (Barbell)",4,125.0,8.0,0,0.0,,,
2022-03-04 17:01:29,"Black Phase 1 Found 3",53m,"Triceps Extension (Dumbbell)",1,60.0,8.0,0,0.0,"",,
2022-03-04 17:01:29,"Black Phase 1 Found 3",53m,"Triceps Extension (Dumbbell)",2,60.0,8.0,0,0.0,,,
2022-03-04 17:01:29,"Black Phase 1 Found 3",53m,"Triceps Extension (Dumbbell)",3,60.0,8.0,0,0.0,,,
2022-03-04 17:01:29,"Black Phase 1 Found 3",53m,"Triceps Extension (Dumbbell)",4,60.0,8.0,0,0.0,,,
2022-03-07 06:36:28,"Black Phase 1 Found 1",2h 12m,"Squat (Barbell)",1,315.0,3.0,0,0.0,"","",
2022-03-07 06:36:28,"Black Phase 1 Found 1",2h 12m,"Squat (Barbell)",2,315.0,3.0,0,0.0,,,
2022-03-07 06:36:28,"Black Phase 1 Found 1",2h 12m,"Squat (Barbell)",3,315.0,3.0,0,0.0,,,
2022-03-07 06:36:28,"Black Phase 1 Found 1",2h 12m,"Squat (Barbell)",4,275.0,4.0,0,0.0,,,
2022-03-07 06:36:28,"Black Phase 1 Found 1",2h 12m,"Squat (Barbell)",5,275.0,4.0,0,0.0,,,
2022-03-07 06:36:28,"Black Phase 1 Found 1",2h 12m,"Romanian Deadlift (Barbell)",1,185.0,8.0,0,0.0,"",,
2022-03-07 06:36:28,"Black Phase 1 Found 1",2h 12m,"Romanian Deadlift (Barbell)",2,185.0,8.0,0,0.0,,,
2022-03-07 06:36:28,"Black Phase 1 Found 1",2h 12m,"Romanian Deadlift (Barbell)",3,205.0,6.0,0,0.0,,,
2022-03-07 06:36:28,"Black Phase 1 Found 1",2h 12m,"Incline Bench Press (Barbell)",1,135.0,8.0,0,0.0,"",,
2022-03-07 06:36:28,"Black Phase 1 Found 1",2h 12m,"Incline Bench Press (Barbell)",2,185.0,3.0,0,0.0,,,
2022-03-07 06:36:28,"Black Phase 1 Found 1",2h 12m,"Incline Bench Press (Barbell)",3,155.0,6.0,0,0.0,,,
2022-03-07 06:36:28,"Black Phase 1 Found 1",2h 12m,"Incline Bench Press (Barbell)",4,155.0,5.0,0,0.0,,,
2022-03-07 06:36:28,"Black Phase 1 Found 1",2h 12m,"Bent Over Row (Barbell)",1,135.0,8.0,0,0.0,"",,
2022-03-07 06:36:28,"Black Phase 1 Found 1",2h 12m,"Bent Over Row (Barbell)",2,135.0,8.0,0,0.0,,,
2022-03-07 06:36:28,"Black Phase 1 Found 1",2h 12m,"Bent Over Row (Barbell)",3,155.0,6.0,0,0.0,,,
2022-03-07 06:36:28,"Black Phase 1 Found 1",2h 12m,"Bent Over Row (Barbell)",4,155.0,6.0,0,0.0,,,
2022-03-07 06:36:28,"Black Phase 1 Found 1",2h 12m,"Shrug (Dumbbell)",1,70.0,8.0,0,0.0,"",,
2022-03-07 06:36:28,"Black Phase 1 Found 1",2h 12m,"Shrug (Dumbbell)",2,70.0,8.0,0,0.0,,,
2022-03-07 06:36:28,"Black Phase 1 Found 1",2h 12m,"Shrug (Dumbbell)",3,70.0,8.0,0,0.0,,,
2022-03-07 06:36:28,"Black Phase 1 Found 1",2h 12m,"Shrug (Dumbbell)",4,70.0,8.0,0,0.0,,,
2022-03-07 06:36:28,"Black Phase 1 Found 1",2h 12m,"Push Press",1,95.0,6.0,0,0.0,"",,
2022-03-07 06:36:28,"Black Phase 1 Found 1",2h 12m,"Push Press",2,115.0,5.0,0,0.0,,,
2022-03-07 06:36:28,"Black Phase 1 Found 1",2h 12m,"Push Press",3,115.0,4.0,0,0.0,,,
2022-03-07 06:36:28,"Black Phase 1 Found 1",2h 12m,"Rear Lateral Raise",1,25.0,12.0,0,0.0,"",,
2022-03-07 06:36:28,"Black Phase 1 Found 1",2h 12m,"Bicep Curl (Barbell)",1,60.0,8.0,0,0.0,"",,
2022-03-07 06:36:28,"Black Phase 1 Found 1",2h 12m,"Bicep Curl (Barbell)",2,60.0,8.0,0,0.0,,,
2022-03-07 06:36:28,"Black Phase 1 Found 1",2h 12m,"Bicep Curl (Barbell)",3,60.0,8.0,0,0.0,,,
2022-03-07 06:36:28,"Black Phase 1 Found 1",2h 12m,"Bicep Curl (Barbell)",4,60.0,6.0,0,0.0,,,
2022-03-07 06:36:28,"Black Phase 1 Found 1",2h 12m,"Skullcrusher (Barbell)",1,50.0,8.0,0,0.0,"",,
2022-03-07 06:36:28,"Black Phase 1 Found 1",2h 12m,"Skullcrusher (Barbell)",2,60.0,8.0,0,0.0,,,
2022-03-07 06:36:28,"Black Phase 1 Found 1",2h 12m,"Skullcrusher (Barbell)",3,60.0,8.0,0,0.0,,,
2022-03-07 06:36:28,"Black Phase 1 Found 1",2h 12m,"Skullcrusher (Barbell)",4,60.0,6.0,0,0.0,,,
2022-03-07 06:36:28,"Black Phase 1 Found 1",2h 12m,"Flat Leg Raise",1,0,10.0,0,0.0,"",,
2022-03-07 06:36:28,"Black Phase 1 Found 1",2h 12m,"Flat Leg Raise",2,0,8.0,0,0.0,,,
2022-03-07 06:36:28,"Black Phase 1 Found 1",2h 12m,"Flat Leg Raise",3,0,7.0,0,0.0,,,
2022-03-07 06:36:28,"Black Phase 1 Found 1",2h 12m,"Standing Calf Raise (Machine)",1,110.0,20.0,0,0.0,"",,
2022-03-07 06:36:28,"Black Phase 1 Found 1",2h 12m,"Standing Calf Raise (Machine)",2,110.0,20.0,0,0.0,,,
2022-03-07 06:36:28,"Black Phase 1 Found 1",2h 12m,"Standing Calf Raise (Machine)",3,110.0,20.0,0,0.0,,,
2022-03-09 17:38:11,"Black Phase 1 Found. 2",2h 27m,"Deadlift (Barbell)",1,225.0,5.0,0,0.0,"","",
2022-03-09 17:38:11,"Black Phase 1 Found. 2",2h 27m,"Deadlift (Barbell)",2,315.0,5.0,0,0.0,,,
2022-03-09 17:38:11,"Black Phase 1 Found. 2",2h 27m,"Deadlift (Barbell)",3,365.0,3.0,0,0.0,,,
2022-03-09 17:38:11,"Black Phase 1 Found. 2",2h 27m,"Deadlift (Barbell)",4,365.0,2.0,0,0.0,,,
2022-03-09 17:38:11,"Black Phase 1 Found. 2",2h 27m,"Deadlift (Barbell)",5,315.0,3.0,0,0.0,,,
2022-03-09 17:38:11,"Black Phase 1 Found. 2",2h 27m,"Shrug (Barbell)",1,185.0,8.0,0,0.0,"",,
2022-03-09 17:38:11,"Black Phase 1 Found. 2",2h 27m,"Shrug (Barbell)",2,205.0,8.0,0,0.0,,,
2022-03-09 17:38:11,"Black Phase 1 Found. 2",2h 27m,"Pull Up",1,0.0,8.0,0,0.0,"",,
2022-03-09 17:38:11,"Black Phase 1 Found. 2",2h 27m,"Pull Up",2,0.0,8.0,0,0.0,,,
2022-03-09 17:38:11,"Black Phase 1 Found. 2",2h 27m,"Pull Up",3,0.0,5.0,0,0.0,,,
2022-03-09 17:38:11,"Black Phase 1 Found. 2",2h 27m,"Lunge (Barbell)",1,70.0,20.0,0,0.0,"",,
2022-03-09 17:38:11,"Black Phase 1 Found. 2",2h 27m,"Lunge (Barbell)",2,70.0,20.0,0,0.0,,,
2022-03-09 17:38:11,"Black Phase 1 Found. 2",2h 27m,"Lunge (Barbell)",3,70.0,20.0,0,0.0,,,
2022-03-09 17:38:11,"Black Phase 1 Found. 2",2h 27m,"Incline Bench Press (Dumbbell)",1,50.0,8.0,0,0.0,"",,
2022-03-09 17:38:11,"Black Phase 1 Found. 2",2h 27m,"Incline Bench Press (Dumbbell)",2,50.0,8.0,0,0.0,,,
2022-03-09 17:38:11,"Black Phase 1 Found. 2",2h 27m,"Incline Bench Press (Dumbbell)",3,50.0,8.0,0,0.0,,,
2022-03-09 17:38:11,"Black Phase 1 Found. 2",2h 27m,"Incline Bench Press (Dumbbell)",4,50.0,8.0,0,0.0,,,
2022-03-09 17:38:11,"Black Phase 1 Found. 2",2h 27m,"Incline Bench Press (Dumbbell)",5,60.0,6.0,0,0.0,,,
2022-03-09 17:38:11,"Black Phase 1 Found. 2",2h 27m,"Arnold Press (Dumbbell)",1,35.0,8.0,0,0.0,"",,
2022-03-09 17:38:11,"Black Phase 1 Found. 2",2h 27m,"Arnold Press (Dumbbell)",2,35.0,8.0,0,0.0,,,
2022-03-09 17:38:11,"Black Phase 1 Found. 2",2h 27m,"Arnold Press (Dumbbell)",3,35.0,8.0,0,0.0,,,
2022-03-09 17:38:11,"Black Phase 1 Found. 2",2h 27m,"Arnold Press (Dumbbell)",4,45.0,8.0,0,0.0,,,
2022-03-09 17:38:11,"Black Phase 1 Found. 2",2h 27m,"Reverse Fly (Cable)",1,17.0,12.0,0,0.0,"",,
2022-03-09 17:38:11,"Black Phase 1 Found. 2",2h 27m,"Bicep Curl (Dumbbell)",1,30.0,8.0,0,0.0,"",,
2022-03-09 17:38:11,"Black Phase 1 Found. 2",2h 27m,"Bicep Curl (Dumbbell)",2,30.0,8.0,0,0.0,,,
2022-03-09 17:38:11,"Black Phase 1 Found. 2",2h 27m,"Bicep Curl (Dumbbell)",3,30.0,7.0,0,0.0,,,
2022-03-09 17:38:11,"Black Phase 1 Found. 2",2h 27m,"Bicep Curl (Dumbbell)",4,30.0,8.0,0,0.0,,,
2022-03-09 17:38:11,"Black Phase 1 Found. 2",2h 27m,"Chest Dip",1,0.0,8.0,0,0.0,"",,
2022-03-09 17:38:11,"Black Phase 1 Found. 2",2h 27m,"Chest Dip",2,0.0,8.0,0,0.0,,,
2022-03-09 17:38:11,"Black Phase 1 Found. 2",2h 27m,"Chest Dip",3,0.0,10.0,0,0.0,,,
2022-03-09 17:38:11,"Black Phase 1 Found. 2",2h 27m,"Chest Dip",4,0.0,8.0,0,0.0,,,
2022-03-09 17:38:11,"Black Phase 1 Found. 2",2h 27m,"Sit Up",1,0.0,12.0,0,0.0,"Decline\n",,
2022-03-09 17:38:11,"Black Phase 1 Found. 2",2h 27m,"Sit Up",2,0.0,10.0,0,0.0,,,
2022-03-09 17:38:11,"Black Phase 1 Found. 2",2h 27m,"Sit Up",3,0.0,8.0,0,0.0,,,
2022-03-09 17:38:11,"Black Phase 1 Found. 2",2h 27m,"Sit Up",4,0.0,8.0,0,0.0,,,
2022-03-09 17:38:11,"Black Phase 1 Found. 2",2h 27m,"Seated Calf Raise (Machine)",1,90.0,10.0,0,0.0,"",,
2022-03-09 17:38:11,"Black Phase 1 Found. 2",2h 27m,"Seated Calf Raise (Machine)",2,90.0,10.0,0,0.0,,,
2022-03-09 17:38:11,"Black Phase 1 Found. 2",2h 27m,"Seated Calf Raise (Machine)",3,90.0,10.0,0,0.0,,,
2022-03-09 17:38:11,"Black Phase 1 Found. 2",2h 27m,"Seated Calf Raise (Machine)",4,90.0,10.0,0,0.0,,,
2022-03-11 06:40:38,"Black Phase 1 Found 3",1h 38m,"Front Squat (Barbell)",1,225.0,5.0,0,0.0,"","",
2022-03-11 06:40:38,"Black Phase 1 Found 3",1h 38m,"Front Squat (Barbell)",2,225.0,4.0,0,0.0,,,
2022-03-11 06:40:38,"Black Phase 1 Found 3",1h 38m,"Front Squat (Barbell)",3,185.0,6.0,0,0.0,,,
2022-03-11 06:40:38,"Black Phase 1 Found 3",1h 38m,"T Bar Row",1,115.0,10.0,0,0.0,"",,
2022-03-11 06:40:38,"Black Phase 1 Found 3",1h 38m,"T Bar Row",2,125.0,8.0,0,0.0,,,
2022-03-11 06:40:38,"Black Phase 1 Found 3",1h 38m,"T Bar Row",3,125.0,8.0,0,0.0,,,
2022-03-11 06:40:38,"Black Phase 1 Found 3",1h 38m,"T Bar Row",4,125.0,8.0,0,0.0,,,
2022-03-11 06:40:38,"Black Phase 1 Found 3",1h 38m,"Bench Press (Dumbbell)",1,65.0,8.0,0,0.0,"",,
2022-03-11 06:40:38,"Black Phase 1 Found 3",1h 38m,"Bench Press (Dumbbell)",2,75.0,6.0,0,0.0,,,
2022-03-11 06:40:38,"Black Phase 1 Found 3",1h 38m,"Bench Press (Dumbbell)",3,75.0,6.0,0,0.0,,,
2022-03-11 06:40:38,"Black Phase 1 Found 3",1h 38m,"Bench Press (Dumbbell)",4,65.0,7.0,0,0.0,,,
2022-03-11 06:40:38,"Black Phase 1 Found 3",1h 38m,"Upright Row (Barbell)",1,90.0,8.0,0,0.0,"",,
2022-03-11 06:40:38,"Black Phase 1 Found 3",1h 38m,"Upright Row (Barbell)",2,90.0,8.0,0,0.0,,,
2022-03-11 06:40:38,"Black Phase 1 Found 3",1h 38m,"Upright Row (Barbell)",3,90.0,8.0,0,0.0,,,
2022-03-11 06:40:38,"Black Phase 1 Found 3",1h 38m,"Upright Row (Barbell)",4,90.0,8.0,0,0.0,,,
2022-03-11 06:40:38,"Black Phase 1 Found 3",1h 38m,"Preacher Curl (Machine)",1,45.0,8.0,0,0.0,"",,
2022-03-11 06:40:38,"Black Phase 1 Found 3",1h 38m,"Preacher Curl (Machine)",2,55.0,7.0,0,0.0,,,
2022-03-11 06:40:38,"Black Phase 1 Found 3",1h 38m,"Preacher Curl (Machine)",3,55.0,7.0,0,0.0,,,
2022-03-11 06:40:38,"Black Phase 1 Found 3",1h 38m,"Preacher Curl (Machine)",4,45.0,6.0,0,0.0,,,
2022-03-11 06:40:38,"Black Phase 1 Found 3",1h 38m,"Triceps Extension (Dumbbell)",1,60.0,8.0,0,0.0,"",,
2022-03-11 06:40:38,"Black Phase 1 Found 3",1h 38m,"Triceps Extension (Dumbbell)",2,60.0,8.0,0,0.0,,,
2022-03-11 06:40:38,"Black Phase 1 Found 3",1h 38m,"Triceps Extension (Dumbbell)",3,60.0,8.0,0,0.0,,,
2022-03-11 06:40:38,"Black Phase 1 Found 3",1h 38m,"Triceps Extension (Dumbbell)",4,60.0,8.0,0,0.0,,,
2022-03-11 06:40:38,"Black Phase 1 Found 3",1h 38m,"Crunch (Stability Ball)",1,0,15.0,0,0.0,"",,
2022-03-11 06:40:38,"Black Phase 1 Found 3",1h 38m,"Crunch (Stability Ball)",2,0,15.0,0,0.0,,,
2022-03-11 06:40:38,"Black Phase 1 Found 3",1h 38m,"Crunch (Stability Ball)",3,0,15.0,0,0.0,,,
2022-03-23 17:32:43,"Black Phase 2 Found. 1",59m,"Squat (Barbell)",W,135.0,8.0,0,0.0,"","",
2022-03-23 17:32:43,"Black Phase 2 Found. 1",59m,"Squat (Barbell)",1,185.0,8.0,0,0.0,,,
2022-03-23 17:32:43,"Black Phase 2 Found. 1",59m,"Squat (Barbell)",2,185.0,8.0,0,0.0,,,
2022-03-23 17:32:43,"Black Phase 2 Found. 1",59m,"Squat (Barbell)",3,225.0,8.0,0,0.0,,,
2022-03-23 17:32:43,"Black Phase 2 Found. 1",59m,"Bench Press (Barbell)",W,45.0,12.0,0,0.0,"",,
2022-03-23 17:32:43,"Black Phase 2 Found. 1",59m,"Bench Press (Barbell)",1,135.0,12.0,0,0.0,,,
2022-03-23 17:32:43,"Black Phase 2 Found. 1",59m,"Bench Press (Barbell)",2,155.0,8.0,0,0.0,,,
2022-03-23 17:32:43,"Black Phase 2 Found. 1",59m,"Bench Press (Barbell)",3,155.0,7.0,0,0.0,,,
2022-03-23 17:32:43,"Black Phase 2 Found. 1",59m,"Bent Over One Arm Row (Dumbbell)",1,55.0,10.0,0,0.0,"",,
2022-03-23 17:32:43,"Black Phase 2 Found. 1",59m,"Bent Over One Arm Row (Dumbbell)",2,55.0,10.0,0,0.0,,,
2022-03-23 17:32:43,"Black Phase 2 Found. 1",59m,"Bent Over One Arm Row (Dumbbell)",3,55.0,10.0,0,0.0,,,
2022-03-23 17:32:43,"Black Phase 2 Found. 1",59m,"Shrug (Dumbbell)",1,70.0,8.0,0,0.0,"",,
2022-03-23 17:32:43,"Black Phase 2 Found. 1",59m,"Shrug (Dumbbell)",2,75.0,8.0,0,0.0,,,
2022-03-23 17:32:43,"Black Phase 2 Found. 1",59m,"Shrug (Dumbbell)",3,75.0,8.0,0,0.0,,,
2022-03-23 17:32:43,"Black Phase 2 Found. 1",59m,"Lateral Raise (Cable)",1,12.5,10.0,0,0.0,"",,
2022-03-23 17:32:43,"Black Phase 2 Found. 1",59m,"Lateral Raise (Cable)",2,12.5,10.0,0,0.0,,,
2022-03-23 17:32:43,"Black Phase 2 Found. 1",59m,"Bicep Curl (Barbell)",1,50.0,12.0,0,0.0,"",,
2022-03-23 17:32:43,"Black Phase 2 Found. 1",59m,"Bicep Curl (Barbell)",2,60.0,9.0,0,0.0,,,
2022-03-23 17:32:43,"Black Phase 2 Found. 1",59m,"Bicep Curl (Barbell)",3,60.0,8.0,0,0.0,,,
2022-03-23 17:32:43,"Black Phase 2 Found. 1",59m,"Bicep Curl (Barbell)",4,60.0,6.0,0,0.0,,,
2022-03-23 17:32:43,"Black Phase 2 Found. 1",59m,"Skullcrusher (Dumbbell)",1,30.0,8.0,0,0.0,"",,
2022-03-23 17:32:43,"Black Phase 2 Found. 1",59m,"Skullcrusher (Dumbbell)",2,25.0,9.0,0,0.0,,,
2022-03-23 17:32:43,"Black Phase 2 Found. 1",59m,"Skullcrusher (Dumbbell)",3,25.0,9.0,0,0.0,,,
2022-03-23 17:32:43,"Black Phase 2 Found. 1",59m,"Skullcrusher (Dumbbell)",4,25.0,8.0,0,0.0,,,
2022-03-23 17:32:43,"Black Phase 2 Found. 1",59m,"Hanging Leg Raise",1,0.0,10.0,0,0.0,"",,
2022-03-23 17:32:43,"Black Phase 2 Found. 1",59m,"Hanging Leg Raise",2,0.0,10.0,0,0.0,,,
2022-03-23 17:32:43,"Black Phase 2 Found. 1",59m,"Hanging Leg Raise",3,0.0,8.0,0,0.0,,,
2022-03-30 09:18:26,"Black Phase 2 Found 2",1h 14m,"Deadlift (Barbell)",W,135.0,8.0,0,0.0,"","",
2022-03-30 09:18:26,"Black Phase 2 Found 2",1h 14m,"Deadlift (Barbell)",1,225.0,8.0,0,0.0,,,
2022-03-30 09:18:26,"Black Phase 2 Found 2",1h 14m,"Deadlift (Barbell)",2,225.0,8.0,0,0.0,,,
2022-03-30 09:18:26,"Black Phase 2 Found 2",1h 14m,"Deadlift (Barbell)",3,225.0,8.0,0,0.0,,,
2022-03-30 09:18:26,"Black Phase 2 Found 2",1h 14m,"Incline Bench Press (Dumbbell)",1,55.0,10.0,0,0.0,"",,
2022-03-30 09:18:26,"Black Phase 2 Found 2",1h 14m,"Incline Bench Press (Dumbbell)",2,55.0,8.0,0,0.0,,,
2022-03-30 09:18:26,"Black Phase 2 Found 2",1h 14m,"Incline Bench Press (Dumbbell)",3,55.0,8.0,0,0.0,,,
2022-03-30 09:18:26,"Black Phase 2 Found 2",1h 14m,"Lat Pulldown (Cable)",1,120.0,10.0,0,0.0,"",,
2022-03-30 09:18:26,"Black Phase 2 Found 2",1h 14m,"Lat Pulldown (Cable)",2,120.0,10.0,0,0.0,,,
2022-03-30 09:18:26,"Black Phase 2 Found 2",1h 14m,"Lat Pulldown (Cable)",3,120.0,8.0,0,0.0,,,
2022-03-30 09:18:26,"Black Phase 2 Found 2",1h 14m,"Shrug (Barbell)",1,185.0,8.0,0,0.0,"",,
2022-03-30 09:18:26,"Black Phase 2 Found 2",1h 14m,"Shrug (Barbell)",2,185.0,8.0,0,0.0,,,
2022-03-30 09:18:26,"Black Phase 2 Found 2",1h 14m,"Shrug (Barbell)",3,185.0,8.0,0,0.0,,,
2022-03-30 09:18:26,"Black Phase 2 Found 2",1h 14m,"Lateral Raise (Dumbbell)",1,20.0,10.0,0,0.0,"",,
2022-03-30 09:18:26,"Black Phase 2 Found 2",1h 14m,"Lateral Raise (Dumbbell)",2,20.0,10.0,0,0.0,,,
2022-03-30 09:18:26,"Black Phase 2 Found 2",1h 14m,"Lateral Raise (Dumbbell)",3,20.0,8.0,0,0.0,,,
2022-03-30 09:18:26,"Black Phase 2 Found 2",1h 14m,"Rear Lateral Raise",1,25.0,10.0,0,0.0,"",,
2022-03-30 09:18:26,"Black Phase 2 Found 2",1h 14m,"Rear Lateral Raise",2,25.0,10.0,0,0.0,,,
2022-03-30 09:18:26,"Black Phase 2 Found 2",1h 14m,"Hammer Curl (Dumbbell)",1,25.0,10.0,0,0.0,"Alternating",,
2022-03-30 09:18:26,"Black Phase 2 Found 2",1h 14m,"Hammer Curl (Dumbbell)",2,25.0,8.0,0,0.0,,,
2022-03-30 09:18:26,"Black Phase 2 Found 2",1h 14m,"Hammer Curl (Dumbbell)",3,25.0,8.0,0,0.0,,,
2022-03-30 09:18:26,"Black Phase 2 Found 2",1h 14m,"Hammer Curl (Dumbbell)",4,25.0,8.0,0,0.0,,,
2022-03-30 09:18:26,"Black Phase 2 Found 2",1h 14m,"Bench Press - Close Grip (Barbell)",1,95.0,10.0,0,0.0,"Incline",,
2022-03-30 09:18:26,"Black Phase 2 Found 2",1h 14m,"Bench Press - Close Grip (Barbell)",2,115.0,8.0,0,0.0,,,
2022-03-30 09:18:26,"Black Phase 2 Found 2",1h 14m,"Bench Press - Close Grip (Barbell)",3,115.0,10.0,0,0.0,,,
2022-03-30 09:18:26,"Black Phase 2 Found 2",1h 14m,"Bench Press - Close Grip (Barbell)",4,115.0,8.0,0,0.0,,,
2022-03-30 09:18:26,"Black Phase 2 Found 2",1h 14m,"V Up",1,0,10.0,0,0.0,"",,
2022-03-30 09:18:26,"Black Phase 2 Found 2",1h 14m,"V Up",2,0,10.0,0,0.0,,,
2022-03-30 09:18:26,"Black Phase 2 Found 2",1h 14m,"V Up",3,0,6.0,0,0.0,,,
2022-03-30 09:18:26,"Black Phase 2 Found 2",1h 14m,"Seated Calf Raise (Plate Loaded)",1,90.0,10.0,0,0.0,"",,
2022-03-30 09:18:26,"Black Phase 2 Found 2",1h 14m,"Seated Calf Raise (Plate Loaded)",2,90.0,10.0,0,0.0,,,
2022-03-30 09:18:26,"Black Phase 2 Found 2",1h 14m,"Seated Calf Raise (Plate Loaded)",3,90.0,12.0,0,0.0,,,
2022-04-01 14:48:12,"Black Phase 2 Found 3",1h 15m,"Front Squat (Barbell)",1,135.0,10.0,0,0.0,"","",
2022-04-01 14:48:12,"Black Phase 2 Found 3",1h 15m,"Front Squat (Barbell)",2,185.0,8.0,0,0.0,,,
2022-04-01 14:48:12,"Black Phase 2 Found 3",1h 15m,"Front Squat (Barbell)",3,185.0,8.0,0,0.0,,,
2022-04-01 14:48:12,"Black Phase 2 Found 3",1h 15m,"Deadlift (Barbell)",W,45.0,10.0,0,0.0,"Snatch grip",,
2022-04-01 14:48:12,"Black Phase 2 Found 3",1h 15m,"Deadlift (Barbell)",1,135.0,10.0,0,0.0,,,
2022-04-01 14:48:12,"Black Phase 2 Found 3",1h 15m,"Deadlift (Barbell)",2,135.0,10.0,0,0.0,,,
2022-04-01 14:48:12,"Black Phase 2 Found 3",1h 15m,"T Bar Row",1,115.0,12.0,0,0.0,"",,
2022-04-01 14:48:12,"Black Phase 2 Found 3",1h 15m,"T Bar Row",2,125.0,10.0,0,0.0,,,
2022-04-01 14:48:12,"Black Phase 2 Found 3",1h 15m,"T Bar Row",3,125.0,10.0,0,0.0,,,
2022-04-01 14:48:12,"Black Phase 2 Found 3",1h 15m,"Incline Bench Press (Barbell)",W,45.0,12.0,0,0.0,"",,
2022-04-01 14:48:12,"Black Phase 2 Found 3",1h 15m,"Incline Bench Press (Barbell)",1,135.0,8.0,0,0.0,,,
2022-04-01 14:48:12,"Black Phase 2 Found 3",1h 15m,"Incline Bench Press (Barbell)",2,135.0,8.0,0,0.0,,,
2022-04-01 14:48:12,"Black Phase 2 Found 3",1h 15m,"Incline Bench Press (Barbell)",3,135.0,7.0,0,0.0,,,
2022-04-01 14:48:12,"Black Phase 2 Found 3",1h 15m,"Shrug (Dumbbell)",1,75.0,10.0,0,0.0,"",,
2022-04-01 14:48:12,"Black Phase 2 Found 3",1h 15m,"Shrug (Dumbbell)",2,75.0,10.0,0,0.0,,,
2022-04-01 14:48:12,"Black Phase 2 Found 3",1h 15m,"Shrug (Dumbbell)",3,75.0,8.0,0,0.0,,,
2022-04-01 14:48:12,"Black Phase 2 Found 3",1h 15m,"Overhead Press (Dumbbell)",1,30.0,10.0,0,0.0,"",,
2022-04-01 14:48:12,"Black Phase 2 Found 3",1h 15m,"Overhead Press (Dumbbell)",2,30.0,8.0,0,0.0,,,
2022-04-01 14:48:12,"Black Phase 2 Found 3",1h 15m,"Overhead Press (Dumbbell)",3,30.0,5.0,0,0.0,,,
2022-04-01 14:48:12,"Black Phase 2 Found 3",1h 15m,"Reverse Fly (Cable)",1,17.0,10.0,0,0.0,"",,
2022-04-01 14:48:12,"Black Phase 2 Found 3",1h 15m,"Reverse Fly (Cable)",2,17.0,8.0,0,0.0,,,
2022-04-01 14:48:12,"Black Phase 2 Found 3",1h 15m,"Spider Curl",1,30.0,10.0,0,0.0,"",,
2022-04-01 14:48:12,"Black Phase 2 Found 3",1h 15m,"Spider Curl",2,30.0,8.0,0,0.0,,,
2022-04-01 14:48:12,"Black Phase 2 Found 3",1h 15m,"Spider Curl",3,30.0,8.0,0,0.0,,,
2022-04-01 14:48:12,"Black Phase 2 Found 3",1h 15m,"Chest Dip",1,0.0,10.0,0,0.0,"",,
2022-04-01 14:48:12,"Black Phase 2 Found 3",1h 15m,"Chest Dip",2,0.0,10.0,0,0.0,,,
2022-04-01 14:48:12,"Black Phase 2 Found 3",1h 15m,"Chest Dip",3,0.0,8.0,0,0.0,,,
2022-04-01 14:48:12,"Black Phase 2 Found 3",1h 15m,"Decline Crunch",1,0.0,16.0,0,0.0,"Twist",,
2022-04-01 14:48:12,"Black Phase 2 Found 3",1h 15m,"Decline Crunch",2,0.0,8.0,0,0.0,,,
2022-04-01 14:48:12,"Black Phase 2 Found 3",1h 15m,"Decline Crunch",3,0.0,6.0,0,0.0,,,
2022-04-01 14:48:12,"Black Phase 2 Found 3",1h 15m,"Standing Calf Raise (Machine)",1,90.0,12.0,0,0.0,"",,
2022-04-01 14:48:12,"Black Phase 2 Found 3",1h 15m,"Standing Calf Raise (Machine)",2,90.0,12.0,0,0.0,,,
2022-04-01 14:48:12,"Black Phase 2 Found 3",1h 15m,"Standing Calf Raise (Machine)",3,90.0,12.0,0,0.0,,,
2022-04-04 11:30:20,"Black Phase 2 Found. 1",1h 9m,"Squat (Barbell)",W,135.0,8.0,0,0.0,"","",
2022-04-04 11:30:20,"Black Phase 2 Found. 1",1h 9m,"Squat (Barbell)",1,225.0,8.0,0,0.0,,,
2022-04-04 11:30:20,"Black Phase 2 Found. 1",1h 9m,"Squat (Barbell)",2,225.0,8.0,0,0.0,,,
2022-04-04 11:30:20,"Black Phase 2 Found. 1",1h 9m,"Squat (Barbell)",3,225.0,8.0,0,0.0,,,
2022-04-04 11:30:20,"Black Phase 2 Found. 1",1h 9m,"Bench Press (Barbell)",W,45.0,12.0,0,0.0,"",,
2022-04-04 11:30:20,"Black Phase 2 Found. 1",1h 9m,"Bench Press (Barbell)",1,155.0,8.0,0,0.0,,,
2022-04-04 11:30:20,"Black Phase 2 Found. 1",1h 9m,"Bench Press (Barbell)",2,155.0,8.0,0,0.0,,,
2022-04-04 11:30:20,"Black Phase 2 Found. 1",1h 9m,"Bench Press (Barbell)",3,155.0,8.0,0,0.0,,,
2022-04-04 11:30:20,"Black Phase 2 Found. 1",1h 9m,"Bent Over One Arm Row (Dumbbell)",1,60.0,10.0,0,0.0,"",,
2022-04-04 11:30:20,"Black Phase 2 Found. 1",1h 9m,"Bent Over One Arm Row (Dumbbell)",2,60.0,10.0,0,0.0,,,
2022-04-04 11:30:20,"Black Phase 2 Found. 1",1h 9m,"Bent Over One Arm Row (Dumbbell)",3,60.0,10.0,0,0.0,,,
2022-04-04 11:30:20,"Black Phase 2 Found. 1",1h 9m,"Shrug (Dumbbell)",1,75.0,10.0,0,0.0,"",,
2022-04-04 11:30:20,"Black Phase 2 Found. 1",1h 9m,"Shrug (Dumbbell)",2,75.0,10.0,0,0.0,,,
2022-04-04 11:30:20,"Black Phase 2 Found. 1",1h 9m,"Shrug (Dumbbell)",3,75.0,10.0,0,0.0,,,
2022-04-04 11:30:20,"Black Phase 2 Found. 1",1h 9m,"Lateral Raise (Cable)",1,12.5,10.0,0,0.0,"",,
2022-04-04 11:30:20,"Black Phase 2 Found. 1",1h 9m,"Lateral Raise (Cable)",2,12.5,10.0,0,0.0,,,
2022-04-04 11:30:20,"Black Phase 2 Found. 1",1h 9m,"Bicep Curl (Barbell)",1,60.0,12.0,0,0.0,"",,
2022-04-04 11:30:20,"Black Phase 2 Found. 1",1h 9m,"Bicep Curl (Barbell)",2,60.0,8.0,0,0.0,,,
2022-04-04 11:30:20,"Black Phase 2 Found. 1",1h 9m,"Bicep Curl (Barbell)",3,50.0,10.0,0,0.0,,,
2022-04-04 11:30:20,"Black Phase 2 Found. 1",1h 9m,"Bicep Curl (Barbell)",4,50.0,7.0,0,0.0,,,
2022-04-04 11:30:20,"Black Phase 2 Found. 1",1h 9m,"Skullcrusher (Dumbbell)",1,35.0,7.0,0,0.0,"",,
2022-04-04 11:30:20,"Black Phase 2 Found. 1",1h 9m,"Skullcrusher (Dumbbell)",2,25.0,10.0,0,0.0,,,
2022-04-04 11:30:20,"Black Phase 2 Found. 1",1h 9m,"Skullcrusher (Dumbbell)",3,25.0,10.0,0,0.0,,,
2022-04-04 11:30:20,"Black Phase 2 Found. 1",1h 9m,"Skullcrusher (Dumbbell)",4,25.0,8.0,0,0.0,,,
2022-04-04 11:30:20,"Black Phase 2 Found. 1",1h 9m,"Hanging Leg Raise",1,0.0,10.0,0,0.0,"",,
2022-04-04 11:30:20,"Black Phase 2 Found. 1",1h 9m,"Hanging Leg Raise",2,0.0,10.0,0,0.0,,,
2022-04-04 11:30:20,"Black Phase 2 Found. 1",1h 9m,"Hanging Leg Raise",3,0.0,8.0,0,0.0,,,
2022-04-04 11:30:20,"Black Phase 2 Found. 1",1h 9m,"Calf Press on Leg Press",1,180.0,10.0,0,0.0,"",,
2022-04-04 11:30:20,"Black Phase 2 Found. 1",1h 9m,"Calf Press on Leg Press",2,180.0,10.0,0,0.0,,,
2022-04-04 11:30:20,"Black Phase 2 Found. 1",1h 9m,"Calf Press on Leg Press",3,180.0,11.0,0,0.0,,,
2022-04-04 11:30:20,"Black Phase 2 Found. 1",1h 9m,"Calf Press on Leg Press",4,180.0,10.0,0,0.0,,,
2022-04-08 11:50:01,"Black Phase 2 Found 2",1h 8m,"Deadlift (Barbell)",W,135.0,8.0,0,0.0,"","",
2022-04-08 11:50:01,"Black Phase 2 Found 2",1h 8m,"Deadlift (Barbell)",1,225.0,8.0,0,0.0,,,
2022-04-08 11:50:01,"Black Phase 2 Found 2",1h 8m,"Deadlift (Barbell)",2,225.0,8.0,0,0.0,,,
2022-04-08 11:50:01,"Black Phase 2 Found 2",1h 8m,"Deadlift (Barbell)",3,225.0,8.0,0,0.0,,,
2022-04-08 11:50:01,"Black Phase 2 Found 2",1h 8m,"Incline Bench Press (Dumbbell)",1,55.0,10.0,0,0.0,"",,
2022-04-08 11:50:01,"Black Phase 2 Found 2",1h 8m,"Incline Bench Press (Dumbbell)",2,55.0,8.0,0,0.0,,,
2022-04-08 11:50:01,"Black Phase 2 Found 2",1h 8m,"Incline Bench Press (Dumbbell)",3,55.0,8.0,0,0.0,,,
2022-04-08 11:50:01,"Black Phase 2 Found 2",1h 8m,"Lat Pulldown (Cable)",1,120.0,10.0,0,0.0,"",,
2022-04-08 11:50:01,"Black Phase 2 Found 2",1h 8m,"Lat Pulldown (Cable)",2,140.0,10.0,0,0.0,,,
2022-04-08 11:50:01,"Black Phase 2 Found 2",1h 8m,"Lat Pulldown (Cable)",3,140.0,8.0,0,0.0,,,
2022-04-08 11:50:01,"Black Phase 2 Found 2",1h 8m,"Shrug (Barbell)",1,185.0,8.0,0,0.0,"",,
2022-04-08 11:50:01,"Black Phase 2 Found 2",1h 8m,"Shrug (Barbell)",2,185.0,8.0,0,0.0,,,
2022-04-08 11:50:01,"Black Phase 2 Found 2",1h 8m,"Shrug (Barbell)",3,185.0,8.0,0,0.0,,,
2022-04-08 11:50:01,"Black Phase 2 Found 2",1h 8m,"Lateral Raise (Dumbbell)",1,20.0,10.0,0,0.0,"",,
2022-04-08 11:50:01,"Black Phase 2 Found 2",1h 8m,"Lateral Raise (Dumbbell)",2,20.0,10.0,0,0.0,,,
2022-04-08 11:50:01,"Black Phase 2 Found 2",1h 8m,"Lateral Raise (Dumbbell)",3,20.0,8.0,0,0.0,,,
2022-04-08 11:50:01,"Black Phase 2 Found 2",1h 8m,"Rear Lateral Raise",1,20.0,10.0,0,0.0,"",,
2022-04-08 11:50:01,"Black Phase 2 Found 2",1h 8m,"Rear Lateral Raise",2,20.0,10.0,0,0.0,,,
2022-04-08 11:50:01,"Black Phase 2 Found 2",1h 8m,"Hammer Curl (Dumbbell)",1,25.0,12.0,0,0.0,"Alternating",,
2022-04-08 11:50:01,"Black Phase 2 Found 2",1h 8m,"Hammer Curl (Dumbbell)",2,25.0,10.0,0,0.0,,,
2022-04-08 11:50:01,"Black Phase 2 Found 2",1h 8m,"Hammer Curl (Dumbbell)",3,25.0,8.0,0,0.0,,,
2022-04-08 11:50:01,"Black Phase 2 Found 2",1h 8m,"Hammer Curl (Dumbbell)",4,25.0,8.0,0,0.0,,,
2022-04-08 11:50:01,"Black Phase 2 Found 2",1h 8m,"Bench Press - Close Grip (Barbell)",1,95.0,10.0,0,0.0,"Incline",,
2022-04-08 11:50:01,"Black Phase 2 Found 2",1h 8m,"Bench Press - Close Grip (Barbell)",2,115.0,10.0,0,0.0,,,
2022-04-08 11:50:01,"Black Phase 2 Found 2",1h 8m,"Bench Press - Close Grip (Barbell)",3,115.0,10.0,0,0.0,,,
2022-04-08 11:50:01,"Black Phase 2 Found 2",1h 8m,"Bench Press - Close Grip (Barbell)",4,115.0,8.0,0,0.0,,,
2022-04-08 11:50:01,"Black Phase 2 Found 2",1h 8m,"V Up",1,0,10.0,0,0.0,"",,
2022-04-08 11:50:01,"Black Phase 2 Found 2",1h 8m,"V Up",2,0,10.0,0,0.0,,,
2022-04-08 11:50:01,"Black Phase 2 Found 2",1h 8m,"V Up",3,0,8.0,0,0.0,,,
2022-04-12 11:17:11,"Black Phase 2 Found. 1",47m,"Squat (Barbell)",W,135.0,8.0,0,0.0,"","",
2022-04-12 11:17:11,"Black Phase 2 Found. 1",47m,"Squat (Barbell)",1,225.0,8.0,0,0.0,,,
2022-04-12 11:17:11,"Black Phase 2 Found. 1",47m,"Squat (Barbell)",2,225.0,8.0,0,0.0,,,
2022-04-12 11:17:11,"Black Phase 2 Found. 1",47m,"Squat (Barbell)",3,225.0,8.0,0,0.0,,,
2022-04-12 11:17:11,"Black Phase 2 Found. 1",47m,"Bench Press (Barbell)",W,45.0,12.0,0,0.0,"",,
2022-04-12 11:17:11,"Black Phase 2 Found. 1",47m,"Bench Press (Barbell)",1,155.0,8.0,0,0.0,,,
2022-04-12 11:17:11,"Black Phase 2 Found. 1",47m,"Bench Press (Barbell)",2,155.0,8.0,0,0.0,,,
2022-04-12 11:17:11,"Black Phase 2 Found. 1",47m,"Bench Press (Barbell)",3,155.0,6.0,0,0.0,,,
2022-04-12 11:17:11,"Black Phase 2 Found. 1",47m,"Bent Over One Arm Row (Dumbbell)",1,60.0,10.0,0,0.0,"",,
2022-04-12 11:17:11,"Black Phase 2 Found. 1",47m,"Bent Over One Arm Row (Dumbbell)",2,60.0,10.0,0,0.0,,,
2022-04-12 11:17:11,"Black Phase 2 Found. 1",47m,"Bent Over One Arm Row (Dumbbell)",3,60.0,10.0,0,0.0,,,
2022-04-12 11:17:11,"Black Phase 2 Found. 1",47m,"Shrug (Dumbbell)",1,75.0,10.0,0,0.0,"",,
2022-04-12 11:17:11,"Black Phase 2 Found. 1",47m,"Shrug (Dumbbell)",2,75.0,10.0,0,0.0,,,
2022-04-12 11:17:11,"Black Phase 2 Found. 1",47m,"Shrug (Dumbbell)",3,75.0,10.0,0,0.0,,,
2022-04-12 11:17:11,"Black Phase 2 Found. 1",47m,"Lateral Raise (Cable)",1,12.5,10.0,0,0.0,"",,
2022-04-12 11:17:11,"Black Phase 2 Found. 1",47m,"Lateral Raise (Cable)",2,12.5,10.0,0,0.0,,,
2022-04-12 11:17:11,"Black Phase 2 Found. 1",47m,"Bicep Curl (Barbell)",1,50.0,12.0,0,0.0,"",,
2022-04-12 11:17:11,"Black Phase 2 Found. 1",47m,"Bicep Curl (Barbell)",2,50.0,10.0,0,0.0,,,
2022-04-12 11:17:11,"Black Phase 2 Found. 1",47m,"Bicep Curl (Barbell)",3,50.0,8.0,0,0.0,,,
2022-04-12 11:17:11,"Black Phase 2 Found. 1",47m,"Bicep Curl (Barbell)",4,50.0,8.0,0,0.0,,,
2022-04-12 11:17:11,"Black Phase 2 Found. 1",47m,"Skullcrusher (Dumbbell)",1,25.0,10.0,0,0.0,"",,
2022-04-12 11:17:11,"Black Phase 2 Found. 1",47m,"Skullcrusher (Dumbbell)",2,25.0,10.0,0,0.0,,,
2022-04-12 11:17:11,"Black Phase 2 Found. 1",47m,"Skullcrusher (Dumbbell)",3,25.0,8.0,0,0.0,,,
2022-04-12 11:17:11,"Black Phase 2 Found. 1",47m,"Skullcrusher (Dumbbell)",4,25.0,8.0,0,0.0,,,
2022-04-12 11:17:11,"Black Phase 2 Found. 1",47m,"Hanging Leg Raise",1,0.0,10.0,0,0.0,"",,
2022-04-12 11:17:11,"Black Phase 2 Found. 1",47m,"Hanging Leg Raise",2,0.0,10.0,0,0.0,,,
2022-04-12 11:17:11,"Black Phase 2 Found. 1",47m,"Hanging Leg Raise",3,0.0,6.0,0,0.0,,,
2022-09-14 19:07:02,"RED Phase 1 Found. 1",67h 7m,"Box Squat (Barbell)",1,135.0,10.0,0,0.0,"","",
2022-09-14 19:07:02,"RED Phase 1 Found. 1",67h 7m,"Squat (Barbell)",1,185.0,6.0,0,0.0,"Reps range 1-4",,
2022-09-14 19:07:02,"RED Phase 1 Found. 1",67h 7m,"Squat (Barbell)",2,225.0,5.0,0,0.0,,,
2022-09-14 19:07:02,"RED Phase 1 Found. 1",67h 7m,"Squat (Barbell)",3,245.0,4.0,0,0.0,,,
2022-09-14 19:07:02,"RED Phase 1 Found. 1",67h 7m,"Squat (Barbell)",4,245.0,3.0,0,0.0,,,
2022-09-14 19:07:02,"RED Phase 1 Found. 1",67h 7m,"Bench Press (Barbell)",1,135.0,8.0,0,0.0,"Reps Range 1-4",,
2022-09-14 19:07:02,"RED Phase 1 Found. 1",67h 7m,"Bench Press (Barbell)",2,155.0,4.0,0,0.0,,,
2022-09-14 19:07:02,"RED Phase 1 Found. 1",67h 7m,"Bench Press (Barbell)",3,155.0,4.0,0,0.0,,,
2022-09-14 19:07:02,"RED Phase 1 Found. 1",67h 7m,"Bench Press (Barbell)",4,155.0,4.0,0,0.0,,,
2022-09-14 19:07:02,"RED Phase 1 Found. 1",67h 7m,"Pull Up",1,0.0,8.0,0,0.0,"Weighted \nRep Range 1-6",,
2022-09-14 19:07:02,"RED Phase 1 Found. 1",67h 7m,"Pull Up",2,0.0,5.0,0,0.0,,,
2022-09-14 19:07:02,"RED Phase 1 Found. 1",67h 7m,"Shrug (Barbell)",1,185.0,8.0,0,0.0,"Rep Range 3-6",,
2022-09-14 19:07:02,"RED Phase 1 Found. 1",67h 7m,"Shrug (Barbell)",2,185.0,7.0,0,0.0,,,
2022-09-14 19:07:02,"RED Phase 1 Found. 1",67h 7m,"Shrug (Barbell)",3,185.0,5.0,0,0.0,,,
2022-09-14 19:07:02,"RED Phase 1 Found. 1",67h 7m,"Bicep Curl (Barbell)",1,50.0,8.0,0,0.0,"Rep Range 6-8",,
2022-09-14 19:07:02,"RED Phase 1 Found. 1",67h 7m,"Bicep Curl (Barbell)",2,50.0,8.0,0,0.0,,,
2022-09-17 14:16:21,"RED Phase 1 Found. 2",35m,"Good Morning (Barbell)",1,45.0,10.0,0,0.0,"","",
2022-09-17 14:16:21,"RED Phase 1 Found. 2",35m,"Deadlift (Barbell)",1,225.0,5.0,0,0.0,"Rep Range 1-4",,
2022-09-17 14:16:21,"RED Phase 1 Found. 2",35m,"Deadlift (Barbell)",2,275.0,3.0,0,0.0,,,
2022-09-17 14:16:21,"RED Phase 1 Found. 2",35m,"Deadlift (Barbell)",3,275.0,2.0,0,0.0,,,
2022-09-17 14:16:21,"RED Phase 1 Found. 2",35m,"Deadlift (Barbell)",4,275.0,2.0,0,0.0,,,
2022-09-17 14:16:21,"RED Phase 1 Found. 2",35m,"Deadlift (Barbell)",5,275.0,2.0,0,0.0,,,
2022-09-17 14:16:21,"RED Phase 1 Found. 2",35m,"Overhead Press (Barbell)",1,95.0,7.0,0,0.0,"Standing \nRep Range 1-4",,
2022-09-17 14:16:21,"RED Phase 1 Found. 2",35m,"Overhead Press (Barbell)",2,105.0,4.0,0,0.0,,,
2022-09-17 14:16:21,"RED Phase 1 Found. 2",35m,"Overhead Press (Barbell)",3,105.0,3.0,0,0.0,,,
2022-09-17 14:16:21,"RED Phase 1 Found. 2",35m,"Overhead Press (Barbell)",4,105.0,3.0,0,0.0,,,
2022-09-17 14:16:21,"RED Phase 1 Found. 2",35m,"Overhead Press (Barbell)",5,105.0,3.0,0,0.0,,,
2022-09-17 14:16:21,"RED Phase 1 Found. 2",35m,"Shrug (Dumbbell)",1,65.0,8.0,0,0.0,"Rep Range 6-8",,
2022-09-17 14:16:21,"RED Phase 1 Found. 2",35m,"Shrug (Dumbbell)",2,65.0,8.0,0,0.0,,,
2023-01-03 13:50:41,"RED Phase 1 Found. 1",2m,"Box Squat (Barbell)",1,135.0,10.0,0,0.0,"","",
2023-01-03 13:50:41,"RED Phase 1 Found. 1",2m,"Squat (Barbell)",1,225.0,5.0,0,0.0,"Reps range 1-4",,
2023-01-03 13:52:00,"RED Phase 1 Found. 1",8m,"Box Squat (Barbell)",1,135.0,10.0,0,0.0,"","",
2023-01-03 13:52:00,"RED Phase 1 Found. 1",8m,"Squat (Barbell)",1,225.0,5.0,0,0.0,"Reps range 1-4",,
2023-01-03 13:52:00,"RED Phase 1 Found. 1",8m,"Squat (Barbell)",2,225.0,5.0,0,0.0,,,
2023-01-03 13:52:00,"RED Phase 1 Found. 1",8m,"Squat (Barbell)",3,225.0,5.0,0,0.0,,,
2023-01-27 12:27:22,"Black Phase 1 Found 1",2h 2m,"Squat (Barbell)",1,225.0,3.0,0,0.0,"","",
2023-01-27 12:27:22,"Black Phase 1 Found 1",2h 2m,"Squat (Barbell)",2,225.0,3.0,0,0.0,,,
2023-01-27 12:27:22,"Black Phase 1 Found 1",2h 2m,"Squat (Barbell)",3,225.0,3.0,0,0.0,,,
2023-01-27 12:27:22,"Black Phase 1 Found 1",2h 2m,"Squat (Barbell)",4,225.0,3.0,0,0.0,,,
2023-01-27 12:27:22,"Black Phase 1 Found 1",2h 2m,"Squat (Barbell)",5,225.0,3.0,0,0.0,,,
2023-01-27 12:27:22,"Black Phase 1 Found 1",2h 2m,"Romanian Deadlift (Barbell)",1,135.0,8.0,0,0.0,"",,
2023-01-27 12:27:22,"Black Phase 1 Found 1",2h 2m,"Romanian Deadlift (Barbell)",2,135.0,8.0,0,0.0,,,
2023-01-27 12:27:22,"Black Phase 1 Found 1",2h 2m,"Romanian Deadlift (Barbell)",3,135.0,8.0,0,0.0,,,
2023-01-27 12:27:22,"Black Phase 1 Found 1",2h 2m,"Incline Bench Press (Barbell)",1,135.0,8.0,0,0.0,"",,
2023-01-27 12:27:22,"Black Phase 1 Found 1",2h 2m,"Incline Bench Press (Barbell)",2,135.0,5.0,0,0.0,,,
2023-01-27 12:27:22,"Black Phase 1 Found 1",2h 2m,"Incline Bench Press (Barbell)",3,135.0,5.0,0,0.0,,,
2023-01-27 12:27:22,"Black Phase 1 Found 1",2h 2m,"Incline Bench Press (Barbell)",4,135.0,5.0,0,0.0,,,
2023-01-27 12:27:22,"Black Phase 1 Found 1",2h 2m,"Bent Over Row (Barbell)",1,115.0,8.0,0,0.0,"",,
2023-01-27 12:27:22,"Black Phase 1 Found 1",2h 2m,"Bent Over Row (Barbell)",2,115.0,8.0,0,0.0,,,
2023-01-27 12:27:22,"Black Phase 1 Found 1",2h 2m,"Bent Over Row (Barbell)",3,115.0,8.0,0,0.0,,,
2023-01-27 12:27:22,"Black Phase 1 Found 1",2h 2m,"Bent Over Row (Barbell)",4,115.0,8.0,0,0.0,,,
2023-01-27 12:27:22,"Black Phase 1 Found 1",2h 2m,"Shrug (Dumbbell)",1,65.0,8.0,0,0.0,"",,
2023-01-27 12:27:22,"Black Phase 1 Found 1",2h 2m,"Shrug (Dumbbell)",2,65.0,8.0,0,0.0,,,
2023-01-27 12:27:22,"Black Phase 1 Found 1",2h 2m,"Shrug (Dumbbell)",3,65.0,8.0,0,0.0,,,
2023-01-27 12:27:22,"Black Phase 1 Found 1",2h 2m,"Shrug (Dumbbell)",4,65.0,8.0,0,0.0,,,
2023-01-27 12:27:22,"Black Phase 1 Found 1",2h 2m,"Push Press",1,95.0,4.0,0,0.0,"",,
2023-01-27 12:27:22,"Black Phase 1 Found 1",2h 2m,"Push Press",2,95.0,3.0,0,0.0,,,
2023-01-27 12:27:22,"Black Phase 1 Found 1",2h 2m,"Push Press",3,95.0,3.0,0,0.0,,,
2023-01-27 12:27:22,"Black Phase 1 Found 1",2h 2m,"Rear Lateral Raise",1,15.0,12.0,0,0.0,"",,
2023-01-27 12:27:22,"Black Phase 1 Found 1",2h 2m,"Bicep Curl (Barbell)",1,50.0,10.0,0,0.0,"",,
2023-01-27 12:27:22,"Black Phase 1 Found 1",2h 2m,"Bicep Curl (Barbell)",2,50.0,8.0,0,0.0,,,
2023-01-27 12:27:22,"Black Phase 1 Found 1",2h 2m,"Bicep Curl (Barbell)",3,50.0,8.0,0,0.0,,,
2023-01-27 12:27:22,"Black Phase 1 Found 1",2h 2m,"Skullcrusher (Barbell)",1,50.0,8.0,0,0.0,"",,
2023-01-27 12:27:22,"Black Phase 1 Found 1",2h 2m,"Skullcrusher (Barbell)",2,50.0,8.0,0,0.0,,,
2023-01-27 12:27:22,"Black Phase 1 Found 1",2h 2m,"Skullcrusher (Barbell)",3,50.0,8.0,0,0.0,,,
2023-01-27 12:27:22,"Black Phase 1 Found 1",2h 2m,"Hanging Leg Raise",1,0.0,6.0,0,0.0,"",,
2023-01-27 12:27:22,"Black Phase 1 Found 1",2h 2m,"Hanging Leg Raise",2,0.0,8.0,0,0.0,,,
2023-01-27 12:27:22,"Black Phase 1 Found 1",2h 2m,"Hanging Leg Raise",3,0.0,8.0,0,0.0,,,
2023-01-27 12:27:22,"Black Phase 1 Found 1",2h 2m,"Standing Calf Raise (Machine)",1,110.0,20.0,0,0.0,"",,
2023-01-27 12:27:22,"Black Phase 1 Found 1",2h 2m,"Standing Calf Raise (Machine)",2,110.0,16.0,0,0.0,,,
2023-01-27 12:27:22,"Black Phase 1 Found 1",2h 2m,"Standing Calf Raise (Machine)",3,110.0,16.0,0,0.0,,,
2023-01-30 08:06:42,"Black Phase 1 Found. 2",1h 24m,"Deadlift (Barbell)",1,225.0,5.0,0,0.0,"","",
2023-01-30 08:06:42,"Black Phase 1 Found. 2",1h 24m,"Deadlift (Barbell)",2,225.0,5.0,0,0.0,,,
2023-01-30 08:06:42,"Black Phase 1 Found. 2",1h 24m,"Deadlift (Barbell)",3,225.0,5.0,0,0.0,,,
2023-01-30 08:06:42,"Black Phase 1 Found. 2",1h 24m,"Deadlift (Barbell)",4,225.0,5.0,0,0.0,,,
2023-01-30 08:06:42,"Black Phase 1 Found. 2",1h 24m,"Deadlift (Barbell)",5,225.0,5.0,0,0.0,,,
2023-01-30 08:06:42,"Black Phase 1 Found. 2",1h 24m,"Shrug (Barbell)",1,135.0,8.0,0,0.0,"",,
2023-01-30 08:06:42,"Black Phase 1 Found. 2",1h 24m,"Shrug (Barbell)",2,135.0,8.0,0,0.0,,,
2023-01-30 08:06:42,"Black Phase 1 Found. 2",1h 24m,"Pull Up",1,0.0,6.0,0,0.0,"",,
2023-01-30 08:06:42,"Black Phase 1 Found. 2",1h 24m,"Pull Up",2,0.0,5.0,0,0.0,,,
2023-01-30 08:06:42,"Black Phase 1 Found. 2",1h 24m,"Pull Up",3,0.0,4.0,0,0.0,,,
2023-01-30 08:06:42,"Black Phase 1 Found. 2",1h 24m,"Lunge (Barbell)",1,70.0,16.0,0,0.0,"",,
2023-01-30 08:06:42,"Black Phase 1 Found. 2",1h 24m,"Lunge (Barbell)",2,70.0,16.0,0,0.0,,,
2023-01-30 08:06:42,"Black Phase 1 Found. 2",1h 24m,"Lunge (Barbell)",3,70.0,12.0,0,0.0,,,
2023-01-30 08:06:42,"Black Phase 1 Found. 2",1h 24m,"Incline Bench Press (Dumbbell)",1,40.0,8.0,0,0.0,"",,
2023-01-30 08:06:42,"Black Phase 1 Found. 2",1h 24m,"Incline Bench Press (Dumbbell)",2,40.0,8.0,0,0.0,,,
2023-01-30 08:06:42,"Black Phase 1 Found. 2",1h 24m,"Incline Bench Press (Dumbbell)",3,50.0,8.0,0,0.0,,,
2023-01-30 08:06:42,"Black Phase 1 Found. 2",1h 24m,"Incline Bench Press (Dumbbell)",4,50.0,7.0,0,0.0,,,
2023-01-30 08:06:42,"Black Phase 1 Found. 2",1h 24m,"Incline Bench Press (Dumbbell)",5,50.0,6.0,0,0.0,,,
2023-01-30 08:06:42,"Black Phase 1 Found. 2",1h 24m,"Arnold Press (Dumbbell)",1,25.0,8.0,0,0.0,"",,
2023-01-30 08:06:42,"Black Phase 1 Found. 2",1h 24m,"Arnold Press (Dumbbell)",2,25.0,8.0,0,0.0,,,
2023-01-30 08:06:42,"Black Phase 1 Found. 2",1h 24m,"Arnold Press (Dumbbell)",3,25.0,8.0,0,0.0,,,
2023-01-30 08:06:42,"Black Phase 1 Found. 2",1h 24m,"Arnold Press (Dumbbell)",4,25.0,8.0,0,0.0,,,
2023-01-30 08:06:42,"Black Phase 1 Found. 2",1h 24m,"Reverse Fly (Cable)",1,17.0,12.0,0,0.0,"",,
2023-01-30 08:06:42,"Black Phase 1 Found. 2",1h 24m,"Bicep Curl (Dumbbell)",1,25.0,8.0,0,0.0,"",,
2023-01-30 08:06:42,"Black Phase 1 Found. 2",1h 24m,"Bicep Curl (Dumbbell)",2,25.0,8.0,0,0.0,,,
2023-01-30 08:06:42,"Black Phase 1 Found. 2",1h 24m,"Bicep Curl (Dumbbell)",3,25.0,7.0,0,0.0,,,
2023-01-30 08:06:42,"Black Phase 1 Found. 2",1h 24m,"Bicep Curl (Dumbbell)",4,25.0,6.0,0,0.0,,,
2023-01-30 08:06:42,"Black Phase 1 Found. 2",1h 24m,"Chest Dip",1,0.0,8.0,0,0.0,"",,
2023-01-30 08:06:42,"Black Phase 1 Found. 2",1h 24m,"Chest Dip",2,0.0,8.0,0,0.0,,,
2023-01-30 08:06:42,"Black Phase 1 Found. 2",1h 24m,"Chest Dip",3,0.0,7.0,0,0.0,,,
2023-01-30 08:06:42,"Black Phase 1 Found. 2",1h 24m,"Chest Dip",4,0.0,5.0,0,0.0,,,
2023-02-01 15:28:01,"Black Phase 1 Found 3",1h 13m,"Front Squat (Barbell)",1,185.0,2.0,0,0.0,"","",
2023-02-01 15:28:01,"Black Phase 1 Found 3",1h 13m,"Front Squat (Barbell)",2,155.0,4.0,0,0.0,,,
2023-02-01 15:28:01,"Black Phase 1 Found 3",1h 13m,"Front Squat (Barbell)",3,155.0,3.0,0,0.0,,,
2023-02-01 15:28:01,"Black Phase 1 Found 3",1h 13m,"T Bar Row",1,90.0,10.0,0,0.0,"",,
2023-02-01 15:28:01,"Black Phase 1 Found 3",1h 13m,"T Bar Row",2,125.0,8.0,0,0.0,,,
2023-02-01 15:28:01,"Black Phase 1 Found 3",1h 13m,"T Bar Row",3,125.0,8.0,0,0.0,,,
2023-02-01 15:28:01,"Black Phase 1 Found 3",1h 13m,"T Bar Row",4,125.0,6.0,0,0.0,,,
2023-02-01 15:28:01,"Black Phase 1 Found 3",1h 13m,"Bench Press (Dumbbell)",1,50.0,10.0,0,0.0,"",,
2023-02-01 15:28:01,"Black Phase 1 Found 3",1h 13m,"Bench Press (Dumbbell)",2,55.0,8.0,0,0.0,,,
2023-02-01 15:28:01,"Black Phase 1 Found 3",1h 13m,"Bench Press (Dumbbell)",3,55.0,6.0,0,0.0,,,
2023-02-01 15:28:01,"Black Phase 1 Found 3",1h 13m,"Bench Press (Dumbbell)",4,55.0,6.0,0,0.0,,,
2023-02-01 15:28:01,"Black Phase 1 Found 3",1h 13m,"Upright Row (Barbell)",1,60.0,8.0,0,0.0,"",,
2023-02-01 15:28:01,"Black Phase 1 Found 3",1h 13m,"Upright Row (Barbell)",2,70.0,8.0,0,0.0,,,
2023-02-01 15:28:01,"Black Phase 1 Found 3",1h 13m,"Upright Row (Barbell)",3,70.0,7.0,0,0.0,,,
2023-02-01 15:28:01,"Black Phase 1 Found 3",1h 13m,"Upright Row (Barbell)",4,70.0,6.0,0,0.0,,,
2023-02-01 15:28:01,"Black Phase 1 Found 3",1h 13m,"Preacher Curl (Machine)",1,65.0,8.0,0,0.0,"",,
2023-02-01 15:28:01,"Black Phase 1 Found 3",1h 13m,"Preacher Curl (Machine)",2,65.0,8.0,0,0.0,,,
2023-02-01 15:28:01,"Black Phase 1 Found 3",1h 13m,"Preacher Curl (Machine)",3,65.0,8.0,0,0.0,,,
2023-02-01 15:28:01,"Black Phase 1 Found 3",1h 13m,"Preacher Curl (Machine)",4,65.0,5.0,0,0.0,,,
2023-02-01 15:28:01,"Black Phase 1 Found 3",1h 13m,"Triceps Extension (Dumbbell)",1,50.0,8.0,0,0.0,"",,
2023-02-01 15:28:01,"Black Phase 1 Found 3",1h 13m,"Triceps Extension (Dumbbell)",2,50.0,8.0,0,0.0,,,
2023-02-01 15:28:01,"Black Phase 1 Found 3",1h 13m,"Triceps Extension (Dumbbell)",3,50.0,8.0,0,0.0,,,
2023-02-01 15:28:01,"Black Phase 1 Found 3",1h 13m,"Triceps Extension (Dumbbell)",4,50.0,6.0,0,0.0,,,
2023-02-01 15:28:01,"Black Phase 1 Found 3",1h 13m,"Crunch (Stability Ball)",1,0,15.0,0,0.0,"",,
2023-02-01 15:28:01,"Black Phase 1 Found 3",1h 13m,"Crunch (Stability Ball)",2,0,15.0,0,0.0,,,
2023-02-01 15:28:01,"Black Phase 1 Found 3",1h 13m,"Crunch (Stability Ball)",3,0,15.0,0,0.0,,,
2023-02-03 12:33:07,"Black Phase 1 Found 1",3h 4m,"Squat (Barbell)",1,225.0,5.0,0,0.0,"","",
2023-02-03 12:33:07,"Black Phase 1 Found 1",3h 4m,"Squat (Barbell)",2,275.0,3.0,0,0.0,,,
2023-02-03 12:33:07,"Black Phase 1 Found 1",3h 4m,"Squat (Barbell)",3,275.0,3.0,0,0.0,,,
2023-02-03 12:33:07,"Black Phase 1 Found 1",3h 4m,"Squat (Barbell)",4,275.0,3.0,0,0.0,,,
2023-02-03 12:33:07,"Black Phase 1 Found 1",3h 4m,"Squat (Barbell)",5,275.0,3.0,0,0.0,,,
2023-02-03 12:33:07,"Black Phase 1 Found 1",3h 4m,"Romanian Deadlift (Barbell)",1,185.0,8.0,0,0.0,"",,
2023-02-03 12:33:07,"Black Phase 1 Found 1",3h 4m,"Romanian Deadlift (Barbell)",2,185.0,8.0,0,0.0,,,
2023-02-03 12:33:07,"Black Phase 1 Found 1",3h 4m,"Romanian Deadlift (Barbell)",3,185.0,8.0,0,0.0,,,
2023-02-03 12:33:07,"Black Phase 1 Found 1",3h 4m,"Incline Bench Press (Barbell)",1,135.0,8.0,0,0.0,"",,
2023-02-03 12:33:07,"Black Phase 1 Found 1",3h 4m,"Incline Bench Press (Barbell)",2,155.0,4.0,0,0.0,,,
2023-02-03 12:33:07,"Black Phase 1 Found 1",3h 4m,"Incline Bench Press (Barbell)",3,155.0,4.0,0,0.0,,,
2023-02-03 12:33:07,"Black Phase 1 Found 1",3h 4m,"Incline Bench Press (Barbell)",4,155.0,4.0,0,0.0,,,
2023-02-03 12:33:07,"Black Phase 1 Found 1",3h 4m,"Bent Over Row (Barbell)",1,115.0,8.0,0,0.0,"",,
2023-02-03 12:33:07,"Black Phase 1 Found 1",3h 4m,"Bent Over Row (Barbell)",2,135.0,8.0,0,0.0,,,
2023-02-03 12:33:07,"Black Phase 1 Found 1",3h 4m,"Bent Over Row (Barbell)",3,135.0,8.0,0,0.0,,,
2023-02-03 12:33:07,"Black Phase 1 Found 1",3h 4m,"Bent Over Row (Barbell)",4,135.0,8.0,0,0.0,,,
2023-02-03 12:33:07,"Black Phase 1 Found 1",3h 4m,"Shrug (Dumbbell)",1,70.0,8.0,0,0.0,"",,
2023-02-03 12:33:07,"Black Phase 1 Found 1",3h 4m,"Shrug (Dumbbell)",2,70.0,8.0,0,0.0,,,
2023-02-03 12:33:07,"Black Phase 1 Found 1",3h 4m,"Shrug (Dumbbell)",3,70.0,8.0,0,0.0,,,
2023-02-03 12:33:07,"Black Phase 1 Found 1",3h 4m,"Shrug (Dumbbell)",4,70.0,8.0,0,0.0,,,
2023-02-03 12:33:07,"Black Phase 1 Found 1",3h 4m,"Push Press",1,95.0,4.0,0,0.0,"",,
2023-02-03 12:33:07,"Black Phase 1 Found 1",3h 4m,"Push Press",2,95.0,3.0,0,0.0,,,
2023-02-03 12:33:07,"Black Phase 1 Found 1",3h 4m,"Push Press",3,95.0,4.0,0,0.0,,,
2023-02-03 12:33:07,"Black Phase 1 Found 1",3h 4m,"Rear Lateral Raise",1,15.0,12.0,0,0.0,"",,
2023-02-03 12:33:07,"Black Phase 1 Found 1",3h 4m,"Bicep Curl (Barbell)",1,65.0,8.0,0,0.0,"",,
2023-02-03 12:33:07,"Black Phase 1 Found 1",3h 4m,"Bicep Curl (Barbell)",2,65.0,8.0,0,0.0,,,
2023-02-03 12:33:07,"Black Phase 1 Found 1",3h 4m,"Bicep Curl (Barbell)",3,50.0,6.0,0,0.0,,,
2023-02-03 12:33:07,"Black Phase 1 Found 1",3h 4m,"Bicep Curl (Barbell)",4,65.0,6.0,0,0.0,,,
2023-02-03 12:33:07,"Black Phase 1 Found 1",3h 4m,"Skullcrusher (Barbell)",1,65.0,8.0,0,0.0,"",,
2023-02-03 12:33:07,"Black Phase 1 Found 1",3h 4m,"Skullcrusher (Barbell)",2,65.0,8.0,0,0.0,,,
2023-02-03 12:33:07,"Black Phase 1 Found 1",3h 4m,"Skullcrusher (Barbell)",3,65.0,8.0,0,0.0,,,
2023-02-03 12:33:07,"Black Phase 1 Found 1",3h 4m,"Skullcrusher (Barbell)",4,65.0,8.0,0,0.0,,,
2023-02-03 12:33:07,"Black Phase 1 Found 1",3h 4m,"Flat Leg Raise",1,0,15.0,0,0.0,"",,
2023-02-03 12:33:07,"Black Phase 1 Found 1",3h 4m,"Flat Leg Raise",2,0,12.0,0,0.0,,,
2023-02-03 12:33:07,"Black Phase 1 Found 1",3h 4m,"Flat Leg Raise",3,0,12.0,0,0.0,,,
2023-02-03 12:33:07,"Black Phase 1 Found 1",3h 4m,"Standing Calf Raise (Machine)",1,90.0,20.0,0,0.0,"",,
2023-02-03 12:33:07,"Black Phase 1 Found 1",3h 4m,"Standing Calf Raise (Machine)",2,90.0,20.0,0,0.0,,,
2023-02-03 12:33:07,"Black Phase 1 Found 1",3h 4m,"Standing Calf Raise (Machine)",3,90.0,16.0,0,0.0,,,
2023-02-06 15:14:10,"Black Phase 1 Found. 2",1h 27m,"Deadlift (Barbell)",1,225.0,5.0,0,0.0,"","",
2023-02-06 15:14:10,"Black Phase 1 Found. 2",1h 27m,"Deadlift (Barbell)",2,295.0,3.0,0,0.0,,,
2023-02-06 15:14:10,"Black Phase 1 Found. 2",1h 27m,"Deadlift (Barbell)",3,315.0,2.0,0,0.0,,,
2023-02-06 15:14:10,"Black Phase 1 Found. 2",1h 27m,"Deadlift (Barbell)",4,315.0,3.0,0,0.0,,,
2023-02-06 15:14:10,"Black Phase 1 Found. 2",1h 27m,"Deadlift (Barbell)",5,315.0,2.0,0,0.0,,,
2023-02-06 15:14:10,"Black Phase 1 Found. 2",1h 27m,"Shrug (Barbell)",1,185.0,8.0,0,0.0,"",,
2023-02-06 15:14:10,"Black Phase 1 Found. 2",1h 27m,"Shrug (Barbell)",2,185.0,8.0,0,0.0,,,
2023-02-06 15:14:10,"Black Phase 1 Found. 2",1h 27m,"Pull Up",1,0.0,7.0,0,0.0,"",,
2023-02-06 15:14:10,"Black Phase 1 Found. 2",1h 27m,"Pull Up",2,0.0,5.0,0,0.0,,,
2023-02-06 15:14:10,"Black Phase 1 Found. 2",1h 27m,"Pull Up",3,0.0,4.0,0,0.0,,,
2023-02-06 15:14:10,"Black Phase 1 Found. 2",1h 27m,"Lunge (Barbell)",1,70.0,20.0,0,0.0,"",,
2023-02-06 15:14:10,"Black Phase 1 Found. 2",1h 27m,"Lunge (Barbell)",2,70.0,20.0,0,0.0,,,
2023-02-06 15:14:10,"Black Phase 1 Found. 2",1h 27m,"Lunge (Barbell)",3,70.0,14.0,0,0.0,,,
2023-02-06 15:14:10,"Black Phase 1 Found. 2",1h 27m,"Incline Bench Press (Dumbbell)",1,45.0,8.0,0,0.0,"",,
2023-02-06 15:14:10,"Black Phase 1 Found. 2",1h 27m,"Incline Bench Press (Dumbbell)",2,55.0,8.0,0,0.0,,,
2023-02-06 15:14:10,"Black Phase 1 Found. 2",1h 27m,"Incline Bench Press (Dumbbell)",3,55.0,8.0,0,0.0,,,
2023-02-06 15:14:10,"Black Phase 1 Found. 2",1h 27m,"Incline Bench Press (Dumbbell)",4,55.0,6.0,0,0.0,,,
2023-02-06 15:14:10,"Black Phase 1 Found. 2",1h 27m,"Incline Bench Press (Dumbbell)",5,55.0,6.0,0,0.0,,,
2023-02-06 15:14:10,"Black Phase 1 Found. 2",1h 27m,"Arnold Press (Dumbbell)",1,25.0,8.0,0,0.0,"",,
2023-02-06 15:14:10,"Black Phase 1 Found. 2",1h 27m,"Arnold Press (Dumbbell)",2,25.0,8.0,0,0.0,,,
2023-02-06 15:14:10,"Black Phase 1 Found. 2",1h 27m,"Arnold Press (Dumbbell)",3,25.0,8.0,0,0.0,,,
2023-02-06 15:14:10,"Black Phase 1 Found. 2",1h 27m,"Arnold Press (Dumbbell)",4,25.0,8.0,0,0.0,,,
2023-02-06 15:14:10,"Black Phase 1 Found. 2",1h 27m,"Reverse Fly (Cable)",1,17.0,12.0,0,0.0,"",,
2023-02-06 15:14:10,"Black Phase 1 Found. 2",1h 27m,"Bicep Curl (Dumbbell)",1,30.0,8.0,0,0.0,"",,
2023-02-06 15:14:10,"Black Phase 1 Found. 2",1h 27m,"Bicep Curl (Dumbbell)",2,25.0,5.0,0,0.0,,,
2023-02-06 15:14:10,"Black Phase 1 Found. 2",1h 27m,"Bicep Curl (Dumbbell)",3,25.0,7.0,0,0.0,,,
2023-02-06 15:14:10,"Black Phase 1 Found. 2",1h 27m,"Bicep Curl (Dumbbell)",4,25.0,6.0,0,0.0,,,
2023-02-06 15:14:10,"Black Phase 1 Found. 2",1h 27m,"Chest Dip",1,0.0,10.0,0,0.0,"",,
2023-02-06 15:14:10,"Black Phase 1 Found. 2",1h 27m,"Chest Dip",2,0.0,8.0,0,0.0,,,
2023-02-06 15:14:10,"Black Phase 1 Found. 2",1h 27m,"Chest Dip",3,0.0,6.0,0,0.0,,,
2023-02-06 15:14:10,"Black Phase 1 Found. 2",1h 27m,"Chest Dip",4,0.0,5.0,0,0.0,,,
2023-02-08 15:14:12,"Black Phase 1 Found 3",1h 10m,"Front Squat (Barbell)",1,135.0,8.0,0,0.0,"","",
2023-02-08 15:14:12,"Black Phase 1 Found 3",1h 10m,"Front Squat (Barbell)",2,155.0,8.0,0,0.0,,,
2023-02-08 15:14:12,"Black Phase 1 Found 3",1h 10m,"Front Squat (Barbell)",3,155.0,8.0,0,0.0,,,
2023-02-08 15:14:12,"Black Phase 1 Found 3",1h 10m,"T Bar Row",1,115.0,8.0,0,0.0,"",,
2023-02-08 15:14:12,"Black Phase 1 Found 3",1h 10m,"T Bar Row",2,125.0,8.0,0,0.0,,,
2023-02-08 15:14:12,"Black Phase 1 Found 3",1h 10m,"T Bar Row",3,125.0,8.0,0,0.0,,,
2023-02-08 15:14:12,"Black Phase 1 Found 3",1h 10m,"T Bar Row",4,125.0,6.0,0,0.0,,,
2023-02-08 15:14:12,"Black Phase 1 Found 3",1h 10m,"Bench Press (Dumbbell)",1,55.0,8.0,0,0.0,"",,
2023-02-08 15:14:12,"Black Phase 1 Found 3",1h 10m,"Bench Press (Dumbbell)",2,55.0,8.0,0,0.0,,,
2023-02-08 15:14:12,"Black Phase 1 Found 3",1h 10m,"Bench Press (Dumbbell)",3,55.0,8.0,0,0.0,,,
2023-02-08 15:14:12,"Black Phase 1 Found 3",1h 10m,"Bench Press (Dumbbell)",4,55.0,6.0,0,0.0,,,
2023-02-08 15:14:12,"Black Phase 1 Found 3",1h 10m,"Upright Row (Barbell)",1,70.0,8.0,0,0.0,"",,
2023-02-08 15:14:12,"Black Phase 1 Found 3",1h 10m,"Upright Row (Barbell)",2,70.0,8.0,0,0.0,,,
2023-02-08 15:14:12,"Black Phase 1 Found 3",1h 10m,"Upright Row (Barbell)",3,70.0,8.0,0,0.0,,,
2023-02-08 15:14:12,"Black Phase 1 Found 3",1h 10m,"Upright Row (Barbell)",4,70.0,7.0,0,0.0,,,
2023-02-08 15:14:12,"Black Phase 1 Found 3",1h 10m,"Preacher Curl (Machine)",1,45.0,10.0,0,0.0,"",,
2023-02-08 15:14:12,"Black Phase 1 Found 3",1h 10m,"Preacher Curl (Machine)",2,45.0,8.0,0,0.0,,,
2023-02-08 15:14:12,"Black Phase 1 Found 3",1h 10m,"Preacher Curl (Machine)",3,45.0,10.0,0,0.0,,,
2023-02-08 15:14:12,"Black Phase 1 Found 3",1h 10m,"Preacher Curl (Machine)",4,45.0,8.0,0,0.0,,,
2023-02-08 15:14:12,"Black Phase 1 Found 3",1h 10m,"Triceps Extension (Dumbbell)",1,50.0,10.0,0,0.0,"",,
2023-02-08 15:14:12,"Black Phase 1 Found 3",1h 10m,"Triceps Extension (Dumbbell)",2,50.0,10.0,0,0.0,,,
2023-02-08 15:14:12,"Black Phase 1 Found 3",1h 10m,"Triceps Extension (Dumbbell)",3,50.0,8.0,0,0.0,,,
2023-02-08 15:14:12,"Black Phase 1 Found 3",1h 10m,"Triceps Extension (Dumbbell)",4,50.0,8.0,0,0.0,,,
2023-02-08 15:14:12,"Black Phase 1 Found 3",1h 10m,"Crunch (Stability Ball)",1,0,15.0,0,0.0,"",,
2023-02-08 15:14:12,"Black Phase 1 Found 3",1h 10m,"Crunch (Stability Ball)",2,0,15.0,0,0.0,,,
2023-02-08 15:14:12,"Black Phase 1 Found 3",1h 10m,"Crunch (Stability Ball)",3,0,15.0,0,0.0,,,
2023-02-14 15:48:01,"Black Phase 1 Found 1",1h 34m,"Squat (Barbell)",1,225.0,5.0,0,0.0,"","",
2023-02-14 15:48:01,"Black Phase 1 Found 1",1h 34m,"Squat (Barbell)",2,275.0,3.0,0,0.0,,,
2023-02-14 15:48:01,"Black Phase 1 Found 1",1h 34m,"Squat (Barbell)",3,295.0,3.0,0,0.0,,,
2023-02-14 15:48:01,"Black Phase 1 Found 1",1h 34m,"Squat (Barbell)",4,315.0,2.0,0,0.0,,,
2023-02-14 15:48:01,"Black Phase 1 Found 1",1h 34m,"Squat (Barbell)",5,315.0,2.0,0,0.0,,,
2023-02-14 15:48:01,"Black Phase 1 Found 1",1h 34m,"Romanian Deadlift (Barbell)",1,185.0,8.0,0,0.0,"",,
2023-02-14 15:48:01,"Black Phase 1 Found 1",1h 34m,"Romanian Deadlift (Barbell)",2,205.0,8.0,0,0.0,,,
2023-02-14 15:48:01,"Black Phase 1 Found 1",1h 34m,"Romanian Deadlift (Barbell)",3,205.0,8.0,0,0.0,,,
2023-02-14 15:48:01,"Black Phase 1 Found 1",1h 34m,"Incline Bench Press (Barbell)",1,135.0,8.0,0,0.0,"",,
2023-02-14 15:48:01,"Black Phase 1 Found 1",1h 34m,"Incline Bench Press (Barbell)",2,155.0,4.0,0,0.0,,,
2023-02-14 15:48:01,"Black Phase 1 Found 1",1h 34m,"Incline Bench Press (Barbell)",3,155.0,4.0,0,0.0,,,
2023-02-14 15:48:01,"Black Phase 1 Found 1",1h 34m,"Incline Bench Press (Barbell)",4,155.0,4.0,0,0.0,,,
2023-02-14 15:48:01,"Black Phase 1 Found 1",1h 34m,"Bent Over Row (Barbell)",1,135.0,8.0,0,0.0,"",,
2023-02-14 15:48:01,"Black Phase 1 Found 1",1h 34m,"Bent Over Row (Barbell)",2,155.0,8.0,0,0.0,,,
2023-02-14 15:48:01,"Black Phase 1 Found 1",1h 34m,"Bent Over Row (Barbell)",3,155.0,8.0,0,0.0,,,
2023-02-14 15:48:01,"Black Phase 1 Found 1",1h 34m,"Bent Over Row (Barbell)",4,155.0,8.0,0,0.0,,,
2023-02-14 15:48:01,"Black Phase 1 Found 1",1h 34m,"Shrug (Dumbbell)",1,75.0,8.0,0,0.0,"",,
2023-02-14 15:48:01,"Black Phase 1 Found 1",1h 34m,"Shrug (Dumbbell)",2,75.0,8.0,0,0.0,,,
2023-02-14 15:48:01,"Black Phase 1 Found 1",1h 34m,"Shrug (Dumbbell)",3,80.0,8.0,0,0.0,,,
2023-02-14 15:48:01,"Black Phase 1 Found 1",1h 34m,"Shrug (Dumbbell)",4,80.0,8.0,0,0.0,,,
2023-02-14 15:48:01,"Black Phase 1 Found 1",1h 34m,"Push Press",1,95.0,4.0,0,0.0,"",,
2023-02-14 15:48:01,"Black Phase 1 Found 1",1h 34m,"Push Press",2,95.0,3.0,0,0.0,,,
2023-02-14 15:48:01,"Black Phase 1 Found 1",1h 34m,"Push Press",3,95.0,4.0,0,0.0,,,
2023-02-14 15:48:01,"Black Phase 1 Found 1",1h 34m,"Rear Lateral Raise",1,20.0,12.0,0,0.0,"",,
2023-02-14 15:48:01,"Black Phase 1 Found 1",1h 34m,"Bicep Curl (Barbell)",1,55.0,8.0,0,0.0,"",,
2023-02-14 15:48:01,"Black Phase 1 Found 1",1h 34m,"Bicep Curl (Barbell)",2,55.0,8.0,0,0.0,,,
2023-02-14 15:48:01,"Black Phase 1 Found 1",1h 34m,"Bicep Curl (Barbell)",3,55.0,8.0,0,0.0,,,
2023-02-14 15:48:01,"Black Phase 1 Found 1",1h 34m,"Bicep Curl (Barbell)",4,55.0,5.0,0,0.0,,,
2023-02-14 15:48:01,"Black Phase 1 Found 1",1h 34m,"Skullcrusher (Barbell)",1,55.0,8.0,0,0.0,"",,
2023-02-14 15:48:01,"Black Phase 1 Found 1",1h 34m,"Skullcrusher (Barbell)",2,55.0,8.0,0,0.0,,,
2023-02-14 15:48:01,"Black Phase 1 Found 1",1h 34m,"Skullcrusher (Barbell)",3,55.0,8.0,0,0.0,,,
2023-02-14 15:48:01,"Black Phase 1 Found 1",1h 34m,"Skullcrusher (Barbell)",4,55.0,8.0,0,0.0,,,
2023-02-14 15:48:01,"Black Phase 1 Found 1",1h 34m,"Flat Leg Raise",1,0,15.0,0,0.0,"",,
2023-02-14 15:48:01,"Black Phase 1 Found 1",1h 34m,"Flat Leg Raise",2,0,12.0,0,0.0,,,
2023-02-14 15:48:01,"Black Phase 1 Found 1",1h 34m,"Flat Leg Raise",3,0,12.0,0,0.0,,,
2023-02-16 15:21:52,"Black Phase 1 Found. 2",1h 6m,"Deadlift (Barbell)",1,225.0,5.0,0,0.0,"","",
2023-02-16 15:21:52,"Black Phase 1 Found. 2",1h 6m,"Deadlift (Barbell)",2,315.0,3.0,0,0.0,,,
2023-02-16 15:21:52,"Black Phase 1 Found. 2",1h 6m,"Deadlift (Barbell)",3,365.0,1.0,0,0.0,,,
2023-02-16 15:21:52,"Black Phase 1 Found. 2",1h 6m,"Deadlift (Barbell)",4,365.0,1.0,0,0.0,,,
2023-02-16 15:21:52,"Black Phase 1 Found. 2",1h 6m,"Deadlift (Barbell)",5,315.0,3.0,0,0.0,,,
2023-02-16 15:21:52,"Black Phase 1 Found. 2",1h 6m,"Shrug (Barbell)",1,185.0,8.0,0,0.0,"",,
2023-02-16 15:21:52,"Black Phase 1 Found. 2",1h 6m,"Shrug (Barbell)",2,185.0,8.0,0,0.0,,,
2023-02-16 15:21:52,"Black Phase 1 Found. 2",1h 6m,"Pull Up",1,20.0,5.0,0,0.0,"",,
2023-02-16 15:21:52,"Black Phase 1 Found. 2",1h 6m,"Pull Up",2,20.0,4.0,0,0.0,,,
2023-02-16 15:21:52,"Black Phase 1 Found. 2",1h 6m,"Pull Up",3,20.0,4.0,0,0.0,,,
2023-02-16 15:21:52,"Black Phase 1 Found. 2",1h 6m,"Incline Bench Press (Dumbbell)",1,45.0,8.0,0,0.0,"",,
2023-02-16 15:21:52,"Black Phase 1 Found. 2",1h 6m,"Incline Bench Press (Dumbbell)",2,55.0,8.0,0,0.0,,,
2023-02-16 15:21:52,"Black Phase 1 Found. 2",1h 6m,"Incline Bench Press (Dumbbell)",3,55.0,8.0,0,0.0,,,
2023-02-16 15:21:52,"Black Phase 1 Found. 2",1h 6m,"Incline Bench Press (Dumbbell)",4,55.0,6.0,0,0.0,,,
2023-02-16 15:21:52,"Black Phase 1 Found. 2",1h 6m,"Incline Bench Press (Dumbbell)",5,55.0,6.0,0,0.0,,,
2023-02-16 15:21:52,"Black Phase 1 Found. 2",1h 6m,"Arnold Press (Dumbbell)",1,30.0,8.0,0,0.0,"",,
2023-02-16 15:21:52,"Black Phase 1 Found. 2",1h 6m,"Arnold Press (Dumbbell)",2,30.0,8.0,0,0.0,,,
2023-02-16 15:21:52,"Black Phase 1 Found. 2",1h 6m,"Arnold Press (Dumbbell)",3,30.0,7.0,0,0.0,,,
2023-02-16 15:21:52,"Black Phase 1 Found. 2",1h 6m,"Arnold Press (Dumbbell)",4,30.0,8.0,0,0.0,,,
2023-02-16 15:21:52,"Black Phase 1 Found. 2",1h 6m,"Chest Dip",1,25.0,8.0,0,0.0,"",,
2023-02-16 15:21:52,"Black Phase 1 Found. 2",1h 6m,"Chest Dip",2,25.0,6.0,0,0.0,,,
2023-02-16 15:21:52,"Black Phase 1 Found. 2",1h 6m,"Chest Dip",3,25.0,4.0,0,0.0,,,
2023-02-16 15:21:52,"Black Phase 1 Found. 2",1h 6m,"Chest Dip",4,0.0,8.0,0,0.0,,,
2023-03-01 15:49:11,"Black Phase 2 Found. 1",1h 14m,"Squat (Barbell)",W,135.0,8.0,0,0.0,"","",
2023-03-01 15:49:11,"Black Phase 2 Found. 1",1h 14m,"Squat (Barbell)",1,225.0,8.0,0,0.0,,,
2023-03-01 15:49:11,"Black Phase 2 Found. 1",1h 14m,"Squat (Barbell)",2,225.0,8.0,0,0.0,,,
2023-03-01 15:49:11,"Black Phase 2 Found. 1",1h 14m,"Squat (Barbell)",3,225.0,8.0,0,0.0,,,
2023-03-01 15:49:11,"Black Phase 2 Found. 1",1h 14m,"Bench Press (Barbell)",W,45.0,12.0,0,0.0,"",,
2023-03-01 15:49:11,"Black Phase 2 Found. 1",1h 14m,"Bench Press (Barbell)",1,155.0,8.0,0,0.0,,,
2023-03-01 15:49:11,"Black Phase 2 Found. 1",1h 14m,"Bench Press (Barbell)",2,155.0,8.0,0,0.0,,,
2023-03-01 15:49:11,"Black Phase 2 Found. 1",1h 14m,"Bench Press (Barbell)",3,155.0,7.0,0,0.0,,,
2023-03-01 15:49:11,"Black Phase 2 Found. 1",1h 14m,"Bent Over One Arm Row (Dumbbell)",1,60.0,10.0,0,0.0,"",,
2023-03-01 15:49:11,"Black Phase 2 Found. 1",1h 14m,"Bent Over One Arm Row (Dumbbell)",2,60.0,10.0,0,0.0,,,
2023-03-01 15:49:11,"Black Phase 2 Found. 1",1h 14m,"Bent Over One Arm Row (Dumbbell)",3,60.0,10.0,0,0.0,,,
2023-03-01 15:49:11,"Black Phase 2 Found. 1",1h 14m,"Shrug (Dumbbell)",1,75.0,10.0,0,0.0,"",,
2023-03-01 15:49:11,"Black Phase 2 Found. 1",1h 14m,"Shrug (Dumbbell)",2,75.0,10.0,0,0.0,,,
2023-03-01 15:49:11,"Black Phase 2 Found. 1",1h 14m,"Shrug (Dumbbell)",3,75.0,10.0,0,0.0,,,
2023-03-01 15:49:11,"Black Phase 2 Found. 1",1h 14m,"Lateral Raise (Cable)",1,12.5,10.0,0,0.0,"",,
2023-03-01 15:49:11,"Black Phase 2 Found. 1",1h 14m,"Lateral Raise (Cable)",2,12.5,10.0,0,0.0,,,
2023-03-01 15:49:11,"Black Phase 2 Found. 1",1h 14m,"Bicep Curl (Barbell)",1,45.0,12.0,0,0.0,"",,
2023-03-01 15:49:11,"Black Phase 2 Found. 1",1h 14m,"Bicep Curl (Barbell)",2,45.0,10.0,0,0.0,,,
2023-03-01 15:49:11,"Black Phase 2 Found. 1",1h 14m,"Bicep Curl (Barbell)",3,45.0,8.0,0,0.0,,,
2023-03-01 15:49:11,"Black Phase 2 Found. 1",1h 14m,"Bicep Curl (Barbell)",4,45.0,8.0,0,0.0,,,
2023-03-01 15:49:11,"Black Phase 2 Found. 1",1h 14m,"Skullcrusher (Dumbbell)",1,25.0,10.0,0,0.0,"",,
2023-03-01 15:49:11,"Black Phase 2 Found. 1",1h 14m,"Skullcrusher (Dumbbell)",2,25.0,8.0,0,0.0,,,
2023-03-01 15:49:11,"Black Phase 2 Found. 1",1h 14m,"Skullcrusher (Dumbbell)",3,25.0,8.0,0,0.0,,,
2023-03-01 15:49:11,"Black Phase 2 Found. 1",1h 14m,"Skullcrusher (Dumbbell)",4,20.0,8.0,0,0.0,,,
2023-03-01 15:49:11,"Black Phase 2 Found. 1",1h 14m,"Hanging Leg Raise",1,0.0,10.0,0,0.0,"",,
2023-03-01 15:49:11,"Black Phase 2 Found. 1",1h 14m,"Hanging Leg Raise",2,0.0,10.0,0,0.0,,,
2023-03-01 15:49:11,"Black Phase 2 Found. 1",1h 14m,"Hanging Leg Raise",3,0.0,6.0,0,0.0,,,
2023-03-01 15:49:11,"Black Phase 2 Found. 1",1h 14m,"Calf Press on Leg Press",1,180.0,10.0,0,0.0,"",,
2023-03-01 15:49:11,"Black Phase 2 Found. 1",1h 14m,"Calf Press on Leg Press",2,180.0,10.0,0,0.0,,,
2023-03-01 15:49:11,"Black Phase 2 Found. 1",1h 14m,"Calf Press on Leg Press",3,180.0,11.0,0,0.0,,,
2023-03-01 15:49:11,"Black Phase 2 Found. 1",1h 14m,"Calf Press on Leg Press",4,180.0,10.0,0,0.0,,,
2023-03-03 16:48:36,"Black Phase 2 Found 2",1h 46m,"Deadlift (Barbell)",W,135.0,8.0,0,0.0,"","",
2023-03-03 16:48:36,"Black Phase 2 Found 2",1h 46m,"Deadlift (Barbell)",1,225.0,8.0,0,0.0,,,
2023-03-03 16:48:36,"Black Phase 2 Found 2",1h 46m,"Deadlift (Barbell)",2,225.0,8.0,0,0.0,,,
2023-03-03 16:48:36,"Black Phase 2 Found 2",1h 46m,"Deadlift (Barbell)",3,225.0,8.0,0,0.0,,,
2023-03-03 16:48:36,"Black Phase 2 Found 2",1h 46m,"Incline Bench Press (Dumbbell)",1,55.0,8.0,0,0.0,"",,
2023-03-03 16:48:36,"Black Phase 2 Found 2",1h 46m,"Incline Bench Press (Dumbbell)",2,55.0,8.0,0,0.0,,,
2023-03-03 16:48:36,"Black Phase 2 Found 2",1h 46m,"Incline Bench Press (Dumbbell)",3,55.0,8.0,0,0.0,,,
2023-03-03 16:48:36,"Black Phase 2 Found 2",1h 46m,"Lat Pulldown (Cable)",1,120.0,12.0,0,0.0,"",,
2023-03-03 16:48:36,"Black Phase 2 Found 2",1h 46m,"Lat Pulldown (Cable)",2,140.0,10.0,0,0.0,,,
2023-03-03 16:48:36,"Black Phase 2 Found 2",1h 46m,"Lat Pulldown (Cable)",3,140.0,7.0,0,0.0,,,
2023-03-06 16:08:21,"Black Phase 2 Found. 1",1h 29m,"Squat (Barbell)",W,135.0,8.0,0,0.0,"","",
2023-03-06 16:08:21,"Black Phase 2 Found. 1",1h 29m,"Squat (Barbell)",1,225.0,8.0,0,0.0,,,
2023-03-06 16:08:21,"Black Phase 2 Found. 1",1h 29m,"Squat (Barbell)",2,225.0,8.0,0,0.0,,,
2023-03-06 16:08:21,"Black Phase 2 Found. 1",1h 29m,"Squat (Barbell)",3,225.0,8.0,0,0.0,,,
2023-03-06 16:08:21,"Black Phase 2 Found. 1",1h 29m,"Bench Press (Barbell)",W,45.0,12.0,0,0.0,"",,
2023-03-06 16:08:21,"Black Phase 2 Found. 1",1h 29m,"Bench Press (Barbell)",1,155.0,8.0,0,0.0,,,
2023-03-06 16:08:21,"Black Phase 2 Found. 1",1h 29m,"Bench Press (Barbell)",2,155.0,8.0,0,0.0,,,
2023-03-06 16:08:21,"Black Phase 2 Found. 1",1h 29m,"Bench Press (Barbell)",3,155.0,7.0,0,0.0,,,
2023-03-06 16:08:21,"Black Phase 2 Found. 1",1h 29m,"Bent Over One Arm Row (Dumbbell)",1,60.0,10.0,0,0.0,"",,
2023-03-06 16:08:21,"Black Phase 2 Found. 1",1h 29m,"Bent Over One Arm Row (Dumbbell)",2,60.0,10.0,0,0.0,,,
2023-03-06 16:08:21,"Black Phase 2 Found. 1",1h 29m,"Bent Over One Arm Row (Dumbbell)",3,60.0,10.0,0,0.0,,,
2023-03-06 16:08:21,"Black Phase 2 Found. 1",1h 29m,"Shrug (Dumbbell)",1,75.0,10.0,0,0.0,"",,
2023-03-06 16:08:21,"Black Phase 2 Found. 1",1h 29m,"Shrug (Dumbbell)",2,75.0,10.0,0,0.0,,,
2023-03-06 16:08:21,"Black Phase 2 Found. 1",1h 29m,"Shrug (Dumbbell)",3,75.0,10.0,0,0.0,,,
2023-03-06 16:08:21,"Black Phase 2 Found. 1",1h 29m,"Lateral Raise (Cable)",1,12.5,10.0,0,0.0,"",,
2023-03-06 16:08:21,"Black Phase 2 Found. 1",1h 29m,"Lateral Raise (Cable)",2,12.5,10.0,0,0.0,,,
2023-03-06 16:08:21,"Black Phase 2 Found. 1",1h 29m,"Bicep Curl (Barbell)",1,45.0,15.0,0,0.0,"",,
2023-03-06 16:08:21,"Black Phase 2 Found. 1",1h 29m,"Bicep Curl (Barbell)",2,45.0,15.0,0,0.0,,,
2023-03-06 16:08:21,"Black Phase 2 Found. 1",1h 29m,"Bicep Curl (Barbell)",3,45.0,12.0,0,0.0,,,
2023-03-06 16:08:21,"Black Phase 2 Found. 1",1h 29m,"Bicep Curl (Barbell)",4,45.0,10.0,0,0.0,,,
2023-03-06 16:08:21,"Black Phase 2 Found. 1",1h 29m,"Skullcrusher (Dumbbell)",1,25.0,10.0,0,0.0,"",,
2023-03-06 16:08:21,"Black Phase 2 Found. 1",1h 29m,"Skullcrusher (Dumbbell)",2,25.0,8.0,0,0.0,,,
2023-03-06 16:08:21,"Black Phase 2 Found. 1",1h 29m,"Skullcrusher (Dumbbell)",3,25.0,8.0,0,0.0,,,
2023-03-06 16:08:21,"Black Phase 2 Found. 1",1h 29m,"Skullcrusher (Dumbbell)",4,20.0,8.0,0,0.0,,,
2023-03-06 16:08:21,"Black Phase 2 Found. 1",1h 29m,"Hanging Leg Raise",1,0.0,10.0,0,0.0,"",,
2023-03-06 16:08:21,"Black Phase 2 Found. 1",1h 29m,"Hanging Leg Raise",2,0.0,10.0,0,0.0,,,
2023-03-06 16:08:21,"Black Phase 2 Found. 1",1h 29m,"Hanging Leg Raise",3,0.0,6.0,0,0.0,,,
2023-03-06 16:08:21,"Black Phase 2 Found. 1",1h 29m,"Calf Press on Leg Press",1,180.0,10.0,0,0.0,"",,
2023-03-06 16:08:21,"Black Phase 2 Found. 1",1h 29m,"Calf Press on Leg Press",2,180.0,10.0,0,0.0,,,
2023-03-06 16:08:21,"Black Phase 2 Found. 1",1h 29m,"Calf Press on Leg Press",3,180.0,11.0,0,0.0,,,
2023-03-06 16:08:21,"Black Phase 2 Found. 1",1h 29m,"Calf Press on Leg Press",4,180.0,10.0,0,0.0,,,
2024-12-13 09:42:37,"Phase 1 Workout 3",1h 2m,"Combat Stretch",W,0,10.0,0,0.0,"","Rest until you feel recovered. Moderate to high intensity.",
2024-12-13 09:42:37,"Phase 1 Workout 3",1h 2m,"Combat Stretch",W,0,10.0,0,0.0,,,
2024-12-13 09:42:37,"Phase 1 Workout 3",1h 2m,"90/90",W,0,10.0,0,0.0,"",,
2024-12-13 09:42:37,"Phase 1 Workout 3",1h 2m,"90/90",W,0,10.0,0,0.0,,,
2024-12-13 09:42:37,"Phase 1 Workout 3",1h 2m,"Wall Press",W,0,5.0,0,0.0,"",,
2024-12-13 09:42:37,"Phase 1 Workout 3",1h 2m,"Wall Press",W,0,5.0,0,0.0,,,
2024-12-13 09:42:37,"Phase 1 Workout 3",1h 2m,"Squat (Barbell)",1,225.0,5.0,0,0.0,"",,
2024-12-13 09:42:37,"Phase 1 Workout 3",1h 2m,"Squat (Barbell)",2,225.0,5.0,0,0.0,,,
2024-12-13 09:42:37,"Phase 1 Workout 3",1h 2m,"Squat (Barbell)",3,225.0,5.0,0,0.0,,,
2024-12-13 09:42:37,"Phase 1 Workout 3",1h 2m,"Squat (Barbell)",4,225.0,5.0,0,0.0,,,
2024-12-13 09:42:37,"Phase 1 Workout 3",1h 2m,"Squat (Barbell)",5,225.0,5.0,0,0.0,,,
2024-12-13 09:42:37,"Phase 1 Workout 3",1h 2m,"Overhead Press (Barbell)",1,95.0,5.0,0,0.0,"",,
2024-12-13 09:42:37,"Phase 1 Workout 3",1h 2m,"Overhead Press (Barbell)",2,95.0,5.0,0,0.0,,,
2024-12-13 09:42:37,"Phase 1 Workout 3",1h 2m,"Overhead Press (Barbell)",3,95.0,4.0,0,0.0,,,
2024-12-13 09:42:37,"Phase 1 Workout 3",1h 2m,"Overhead Press (Barbell)",4,95.0,4.0,0,0.0,,,
2024-12-13 09:42:37,"Phase 1 Workout 3",1h 2m,"Overhead Press (Barbell)",5,95.0,4.0,0,0.0,,,
2024-12-13 09:42:37,"Phase 1 Workout 3",1h 2m,"Bent Over Row (Barbell)",1,155.0,5.0,0,0.0,"",,
2024-12-13 09:42:37,"Phase 1 Workout 3",1h 2m,"Bent Over Row (Barbell)",2,155.0,5.0,0,0.0,,,
2024-12-13 09:42:37,"Phase 1 Workout 3",1h 2m,"Bent Over Row (Barbell)",3,155.0,5.0,0,0.0,,,
2024-12-13 09:42:37,"Phase 1 Workout 3",1h 2m,"Bent Over Row (Barbell)",4,155.0,5.0,0,0.0,,,
2024-12-13 09:42:37,"Phase 1 Workout 3",1h 2m,"Bent Over Row (Barbell)",5,155.0,5.0,0,0.0,,,
2024-12-13 09:42:37,"Phase 1 Workout 3",1h 2m,"Elliptical Machine",1,0,0.0,0,900.0,"",,
2024-12-16 09:11:26,"Phase 1  Workout 1",1h 24m,"Combat Stretch",W,0,10.0,0,0.0,"","Rest until you feel recovered. Moderate to high intensity.",
2024-12-16 09:11:26,"Phase 1  Workout 1",1h 24m,"Combat Stretch",W,0,10.0,0,0.0,,,
2024-12-16 09:11:26,"Phase 1  Workout 1",1h 24m,"90/90",W,0,10.0,0,0.0,"",,
2024-12-16 09:11:26,"Phase 1  Workout 1",1h 24m,"90/90",W,0,10.0,0,0.0,,,
2024-12-16 09:11:26,"Phase 1  Workout 1",1h 24m,"Wall Press",W,0,5.0,0,0.0,"",,
2024-12-16 09:11:26,"Phase 1  Workout 1",1h 24m,"Wall Press",W,0,5.0,0,0.0,,,
2024-12-16 09:11:26,"Phase 1  Workout 1",1h 24m,"Sled Drive (High Position)",1,115.0,20.0,0,0.0,"",,
2024-12-16 09:11:26,"Phase 1  Workout 1",1h 24m,"Sled Drive (High Position)",2,140.0,20.0,0,0.0,,,
2024-12-16 09:11:26,"Phase 1  Workout 1",1h 24m,"Sled Drive (High Position)",3,140.0,20.0,0,0.0,,,
2024-12-16 09:11:26,"Phase 1  Workout 1",1h 24m,"Sled Pull",1,115.0,30.0,0,0.0,"",,
2024-12-16 09:11:26,"Phase 1  Workout 1",1h 24m,"Sled Pull",2,140.0,30.0,0,0.0,,,
2024-12-16 09:11:26,"Phase 1  Workout 1",1h 24m,"Sled Pull",3,140.0,30.0,0,0.0,,,
2024-12-16 09:11:26,"Phase 1  Workout 1",1h 24m,"Lateral Sled Drag",1,140.0,10.0,0,0.0,"",,
2024-12-16 09:11:26,"Phase 1  Workout 1",1h 24m,"Lateral Sled Drag",2,140.0,10.0,0,0.0,,,
2024-12-16 09:11:26,"Phase 1  Workout 1",1h 24m,"Lateral Sled Drag",3,140.0,10.0,0,0.0,,,
2024-12-16 09:11:26,"Phase 1  Workout 1",1h 24m,"Cable Chop",1,30.0,20.0,0,0.0,"",,
2024-12-16 09:11:26,"Phase 1  Workout 1",1h 24m,"Cable Chop",2,30.0,20.0,0,0.0,,,
2024-12-16 09:11:26,"Phase 1  Workout 1",1h 24m,"Cable Chop",3,40.0,20.0,0,0.0,,,
2024-12-16 09:11:26,"Phase 1  Workout 1",1h 24m,"Cable Chop",4,40.0,20.0,0,0.0,,,
2024-12-16 09:11:26,"Phase 1  Workout 1",1h 24m,"Cable Chop",5,40.0,20.0,0,0.0,,,
2024-12-16 09:11:26,"Phase 1  Workout 1",1h 24m,"Cable Chop",6,40.0,20.0,0,0.0,,,
2024-12-16 09:11:26,"Phase 1  Workout 1",1h 24m,"Plank",1,0,0.0,0,30.0,"",,
2024-12-16 09:11:26,"Phase 1  Workout 1",1h 24m,"Plank",2,0,0.0,0,30.0,,,
2024-12-16 09:11:26,"Phase 1  Workout 1",1h 24m,"Plank",3,0,0.0,0,30.0,,,
2024-12-16 09:11:26,"Phase 1  Workout 1",1h 24m,"Plank",4,0,0.0,0,30.0,,,
2024-12-16 09:11:26,"Phase 1  Workout 1",1h 24m,"Plank",5,0,0.0,0,30.0,,,
2024-12-16 09:11:26,"Phase 1  Workout 1",1h 24m,"Plank",6,0,0.0,0,30.0,,,
2024-12-16 09:11:26,"Phase 1  Workout 1",1h 24m,"Elliptical Machine",1,0,0.0,1.2000000000000002,1800.0,"",,
2024-12-18 09:33:18,"Phase 1 Workout 3",1h 7m,"Squat (Barbell)",1,225.0,5.0,0,0.0,"","Rest until you feel recovered. Moderate to high intensity.",
2024-12-18 09:33:18,"Phase 1 Workout 3",1h 7m,"Squat (Barbell)",2,225.0,5.0,0,0.0,,,
2024-12-18 09:33:18,"Phase 1 Workout 3",1h 7m,"Squat (Barbell)",3,225.0,5.0,0,0.0,,,
2024-12-18 09:33:18,"Phase 1 Workout 3",1h 7m,"Squat (Barbell)",4,225.0,5.0,0,0.0,,,
2024-12-18 09:33:18,"Phase 1 Workout 3",1h 7m,"Squat (Barbell)",5,225.0,5.0,0,0.0,,,
2024-12-18 09:33:18,"Phase 1 Workout 3",1h 7m,"Overhead Press (Barbell)",1,95.0,5.0,0,0.0,"",,
2024-12-18 09:33:18,"Phase 1 Workout 3",1h 7m,"Overhead Press (Barbell)",2,95.0,5.0,0,0.0,,,
2024-12-18 09:33:18,"Phase 1 Workout 3",1h 7m,"Overhead Press (Barbell)",3,95.0,5.0,0,0.0,,,
2024-12-18 09:33:18,"Phase 1 Workout 3",1h 7m,"Overhead Press (Barbell)",4,95.0,5.0,0,0.0,,,
2024-12-18 09:33:18,"Phase 1 Workout 3",1h 7m,"Overhead Press (Barbell)",5,95.0,4.0,0,0.0,,,
2024-12-18 09:33:18,"Phase 1 Workout 3",1h 7m,"Bent Over Row (Barbell)",1,155.0,5.0,0,0.0,"",,
2024-12-18 09:33:18,"Phase 1 Workout 3",1h 7m,"Bent Over Row (Barbell)",2,155.0,5.0,0,0.0,,,
2024-12-18 09:33:18,"Phase 1 Workout 3",1h 7m,"Bent Over Row (Barbell)",3,155.0,5.0,0,0.0,,,
2024-12-18 09:33:18,"Phase 1 Workout 3",1h 7m,"Bent Over Row (Barbell)",4,155.0,5.0,0,0.0,,,
2024-12-18 09:33:18,"Phase 1 Workout 3",1h 7m,"Bent Over Row (Barbell)",5,155.0,5.0,0,0.0,,,
2024-12-18 09:33:18,"Phase 1 Workout 3",1h 7m,"Cycling (Indoor)",1,0,0.0,2.0,600.0,"15 sec sprint followed by 45 sec slow.",,